benchmark,topology,task_id,run,source,propagation,terminal
browsecomp,fully_linked_debate,769,run_0,retrieval_evidence_gap,contaminated_evidence_state,browse_failure
browsecomp,fully_linked_debate,769,run_1,retrieval_evidence_gap,contaminated_evidence_state,browse_failure
browsecomp,fully_linked_debate,769,run_2,retrieval_evidence_gap,contaminated_evidence_state,browse_failure
browsecomp,fully_linked_debate,770,run_0,unsupported_hypothesis,contaminated_evidence_state,browse_failure
browsecomp,fully_linked_debate,770,run_1,unsupported_hypothesis,contaminated_evidence_state,browse_failure
browsecomp,fully_linked_debate,770,run_2,unsupported_hypothesis,contaminated_evidence_state,browse_failure
browsecomp,fully_linked_debate,771,run_0,unsupported_hypothesis,contaminated_evidence_state,browse_failure
browsecomp,fully_linked_debate,771,run_1,retrieval_evidence_gap,contaminated_evidence_state,browse_failure
browsecomp,fully_linked_debate,771,run_2,unsupported_hypothesis,contaminated_evidence_state,browse_failure
browsecomp,fully_linked_debate,772,run_0,retrieval_evidence_gap,contaminated_evidence_state,browse_failure
browsecomp,fully_linked_debate,772,run_1,retrieval_evidence_gap,contaminated_evidence_state,browse_failure
browsecomp,fully_linked_debate,772,run_2,retrieval_evidence_gap,contaminated_evidence_state,browse_failure
browsecomp,fully_linked_debate,773,run_0,retrieval_evidence_gap,contaminated_evidence_state,browse_failure
browsecomp,fully_linked_debate,773,run_1,retrieval_evidence_gap,contaminated_evidence_state,browse_failure
browsecomp,fully_linked_debate,773,run_2,retrieval_evidence_gap,contaminated_evidence_state,browse_failure
browsecomp,fully_linked_debate,774,run_0,retrieval_evidence_gap,contaminated_evidence_state,browse_failure
browsecomp,fully_linked_debate,774,run_1,retrieval_evidence_gap,contaminated_evidence_state,browse_failure
browsecomp,fully_linked_debate,774,run_2,unsupported_hypothesis,contaminated_evidence_state,browse_failure
browsecomp,fully_linked_debate,775,run_0,unsupported_hypothesis,contaminated_evidence_state,browse_failure
browsecomp,fully_linked_debate,775,run_1,unsupported_hypothesis,contaminated_evidence_state,browse_failure
browsecomp,fully_linked_debate,775,run_2,unsupported_hypothesis,contaminated_evidence_state,browse_failure
browsecomp,fully_linked_debate,776,run_0,unsupported_hypothesis,contaminated_evidence_state,browse_failure
browsecomp,fully_linked_debate,776,run_1,unsupported_hypothesis,contaminated_evidence_state,browse_failure
browsecomp,fully_linked_debate,776,run_2,unsupported_hypothesis,contaminated_evidence_state,browse_failure
browsecomp,fully_linked_debate,778,run_0,unsupported_hypothesis,contaminated_evidence_state,browse_failure
browsecomp,fully_linked_debate,778,run_1,unsupported_hypothesis,contaminated_evidence_state,browse_failure
browsecomp,fully_linked_debate,778,run_2,unsupported_hypothesis,contaminated_evidence_state,browse_failure
browsecomp,fully_linked_debate,781,run_0,retrieval_evidence_gap,contaminated_evidence_state,browse_failure
browsecomp,fully_linked_debate,781,run_1,retrieval_evidence_gap,contaminated_evidence_state,browse_failure
browsecomp,fully_linked_debate,781,run_2,unsupported_hypothesis,contaminated_evidence_state,browse_failure
browsecomp,fully_linked_debate,783,run_0,unsupported_hypothesis,contaminated_evidence_state,browse_failure
browsecomp,fully_linked_debate,783,run_1,unsupported_hypothesis,contaminated_evidence_state,browse_failure
browsecomp,fully_linked_debate,783,run_2,retrieval_evidence_gap,contaminated_evidence_state,browse_failure
browsecomp,fully_linked_debate,784,run_0,retrieval_evidence_gap,contaminated_evidence_state,browse_failure
browsecomp,fully_linked_debate,784,run_1,unsupported_hypothesis,contaminated_evidence_state,browse_failure
browsecomp,fully_linked_debate,784,run_2,retrieval_evidence_gap,contaminated_evidence_state,browse_failure
browsecomp,fully_linked_debate,786,run_0,unsupported_hypothesis,contaminated_evidence_state,browse_failure
browsecomp,fully_linked_debate,786,run_1,retrieval_evidence_gap,contaminated_evidence_state,browse_failure
browsecomp,fully_linked_debate,786,run_2,unsupported_hypothesis,contaminated_evidence_state,browse_failure
browsecomp,fully_linked_debate,787,run_0,unsupported_hypothesis,contaminated_evidence_state,browse_failure
browsecomp,fully_linked_debate,787,run_1,unsupported_hypothesis,contaminated_evidence_state,browse_failure
browsecomp,fully_linked_debate,787,run_2,unsupported_hypothesis,contaminated_evidence_state,browse_failure
browsecomp,fully_linked_debate,788,run_0,retrieval_evidence_gap,contaminated_evidence_state,browse_failure
browsecomp,fully_linked_debate,788,run_1,unsupported_hypothesis,contaminated_evidence_state,browse_failure
browsecomp,fully_linked_debate,788,run_2,unsupported_hypothesis,contaminated_evidence_state,browse_failure
browsecomp,fully_linked_debate,790,run_0,retrieval_evidence_gap,contaminated_evidence_state,browse_failure
browsecomp,fully_linked_debate,790,run_1,retrieval_evidence_gap,contaminated_evidence_state,browse_failure
browsecomp,fully_linked_debate,790,run_2,retrieval_evidence_gap,contaminated_evidence_state,browse_failure
browsecomp,fully_linked_debate,791,run_0,retrieval_evidence_gap,contaminated_evidence_state,browse_failure
browsecomp,fully_linked_debate,791,run_1,unsupported_hypothesis,contaminated_evidence_state,browse_failure
browsecomp,fully_linked_debate,791,run_2,unsupported_hypothesis,contaminated_evidence_state,browse_failure
browsecomp,fully_linked_debate,792,run_0,unsupported_hypothesis,contaminated_evidence_state,browse_failure
browsecomp,fully_linked_debate,792,run_1,unsupported_hypothesis,contaminated_evidence_state,browse_failure
browsecomp,fully_linked_debate,792,run_2,retrieval_evidence_gap,contaminated_evidence_state,browse_failure
browsecomp,fully_linked_debate,793,run_0,unsupported_hypothesis,contaminated_evidence_state,browse_failure
browsecomp,fully_linked_debate,793,run_1,unsupported_hypothesis,contaminated_evidence_state,browse_failure
browsecomp,fully_linked_debate,793,run_2,unsupported_hypothesis,contaminated_evidence_state,browse_failure
browsecomp,fully_linked_debate,794,run_0,unsupported_hypothesis,contaminated_evidence_state,browse_failure
browsecomp,fully_linked_debate,794,run_1,retrieval_evidence_gap,contaminated_evidence_state,browse_failure
browsecomp,fully_linked_debate,794,run_2,unsupported_hypothesis,contaminated_evidence_state,browse_failure
browsecomp,fully_linked_debate,796,run_0,unsupported_hypothesis,contaminated_evidence_state,browse_failure
browsecomp,fully_linked_debate,796,run_1,unsupported_hypothesis,contaminated_evidence_state,browse_failure
browsecomp,fully_linked_debate,796,run_2,unsupported_hypothesis,contaminated_evidence_state,browse_failure
browsecomp,fully_linked_debate,797,run_0,unsupported_hypothesis,contaminated_evidence_state,browse_failure
browsecomp,fully_linked_debate,797,run_1,unsupported_hypothesis,contaminated_evidence_state,browse_failure
browsecomp,fully_linked_debate,797,run_2,unsupported_hypothesis,contaminated_evidence_state,browse_failure
browsecomp,fully_linked_debate,798,run_0,unsupported_hypothesis,contaminated_evidence_state,browse_failure
browsecomp,fully_linked_debate,798,run_1,retrieval_evidence_gap,contaminated_evidence_state,browse_failure
browsecomp,fully_linked_debate,798,run_2,retrieval_evidence_gap,contaminated_evidence_state,browse_failure
browsecomp,fully_linked_debate,800,run_0,unsupported_hypothesis,contaminated_evidence_state,browse_failure
browsecomp,fully_linked_debate,800,run_1,unsupported_hypothesis,contaminated_evidence_state,browse_failure
browsecomp,fully_linked_debate,800,run_2,unsupported_hypothesis,contaminated_evidence_state,browse_failure
browsecomp,fully_linked_debate,801,run_0,unsupported_hypothesis,contaminated_evidence_state,browse_failure
browsecomp,fully_linked_debate,801,run_1,retrieval_evidence_gap,contaminated_evidence_state,browse_failure
browsecomp,fully_linked_debate,801,run_2,retrieval_evidence_gap,contaminated_evidence_state,browse_failure
browsecomp,fully_linked_debate,802,run_0,retrieval_evidence_gap,contaminated_evidence_state,browse_failure
browsecomp,fully_linked_debate,802,run_1,retrieval_evidence_gap,contaminated_evidence_state,browse_failure
browsecomp,fully_linked_debate,802,run_2,retrieval_evidence_gap,contaminated_evidence_state,browse_failure
browsecomp,fully_linked_debate,804,run_0,unsupported_hypothesis,contaminated_evidence_state,browse_failure
browsecomp,fully_linked_debate,804,run_1,unsupported_hypothesis,contaminated_evidence_state,browse_failure
browsecomp,fully_linked_debate,804,run_2,unsupported_hypothesis,contaminated_evidence_state,browse_failure
browsecomp,fully_linked_debate,805,run_0,unsupported_hypothesis,contaminated_evidence_state,browse_failure
browsecomp,fully_linked_debate,805,run_1,unsupported_hypothesis,contaminated_evidence_state,browse_failure
browsecomp,fully_linked_debate,805,run_2,unsupported_hypothesis,contaminated_evidence_state,browse_failure
browsecomp,fully_linked_debate,806,run_0,retrieval_evidence_gap,contaminated_evidence_state,browse_failure
browsecomp,fully_linked_debate,806,run_1,unsupported_hypothesis,contaminated_evidence_state,browse_failure
browsecomp,fully_linked_debate,806,run_2,unsupported_hypothesis,contaminated_evidence_state,browse_failure
browsecomp,group_chat_debate,769,run_0,unsupported_hypothesis,contaminated_evidence_state,browse_failure
browsecomp,group_chat_debate,769,run_1,unsupported_hypothesis,contaminated_evidence_state,browse_failure
browsecomp,group_chat_debate,769,run_2,retrieval_evidence_gap,contaminated_evidence_state,browse_failure
browsecomp,group_chat_debate,770,run_0,retrieval_evidence_gap,contaminated_evidence_state,browse_failure
browsecomp,group_chat_debate,770,run_1,unsupported_hypothesis,contaminated_evidence_state,browse_failure
browsecomp,group_chat_debate,770,run_2,unsupported_hypothesis,contaminated_evidence_state,browse_failure
browsecomp,group_chat_debate,771,run_0,unsupported_hypothesis,contaminated_evidence_state,browse_failure
browsecomp,group_chat_debate,771,run_1,unsupported_hypothesis,contaminated_evidence_state,browse_failure
browsecomp,group_chat_debate,771,run_2,unsupported_hypothesis,contaminated_evidence_state,browse_failure
browsecomp,group_chat_debate,772,run_0,retrieval_evidence_gap,contaminated_evidence_state,browse_failure
browsecomp,group_chat_debate,772,run_1,retrieval_evidence_gap,contaminated_evidence_state,browse_failure
browsecomp,group_chat_debate,772,run_2,unsupported_hypothesis,contaminated_evidence_state,browse_failure
browsecomp,group_chat_debate,773,run_0,retrieval_evidence_gap,contaminated_evidence_state,browse_failure
browsecomp,group_chat_debate,773,run_1,retrieval_evidence_gap,contaminated_evidence_state,browse_failure
browsecomp,group_chat_debate,773,run_2,retrieval_evidence_gap,contaminated_evidence_state,browse_failure
browsecomp,group_chat_debate,774,run_0,unsupported_hypothesis,contaminated_evidence_state,browse_failure
browsecomp,group_chat_debate,774,run_1,unsupported_hypothesis,contaminated_evidence_state,browse_failure
browsecomp,group_chat_debate,774,run_2,unsupported_hypothesis,contaminated_evidence_state,browse_failure
browsecomp,group_chat_debate,775,run_0,unsupported_hypothesis,contaminated_evidence_state,browse_failure
browsecomp,group_chat_debate,775,run_1,unsupported_hypothesis,contaminated_evidence_state,browse_failure
browsecomp,group_chat_debate,775,run_2,unsupported_hypothesis,contaminated_evidence_state,browse_failure
browsecomp,group_chat_debate,776,run_0,unsupported_hypothesis,contaminated_evidence_state,browse_failure
browsecomp,group_chat_debate,776,run_1,unsupported_hypothesis,contaminated_evidence_state,browse_failure
browsecomp,group_chat_debate,776,run_2,unsupported_hypothesis,contaminated_evidence_state,browse_failure
browsecomp,group_chat_debate,778,run_0,unsupported_hypothesis,contaminated_evidence_state,browse_failure
browsecomp,group_chat_debate,778,run_1,unsupported_hypothesis,contaminated_evidence_state,browse_failure
browsecomp,group_chat_debate,778,run_2,unsupported_hypothesis,contaminated_evidence_state,browse_failure
browsecomp,group_chat_debate,781,run_0,retrieval_evidence_gap,contaminated_evidence_state,browse_failure
browsecomp,group_chat_debate,781,run_1,retrieval_evidence_gap,contaminated_evidence_state,browse_failure
browsecomp,group_chat_debate,781,run_2,unsupported_hypothesis,contaminated_evidence_state,browse_failure
browsecomp,group_chat_debate,783,run_0,retrieval_evidence_gap,contaminated_evidence_state,browse_failure
browsecomp,group_chat_debate,783,run_1,retrieval_evidence_gap,contaminated_evidence_state,browse_failure
browsecomp,group_chat_debate,783,run_2,unsupported_hypothesis,contaminated_evidence_state,browse_failure
browsecomp,group_chat_debate,784,run_0,unsupported_hypothesis,contaminated_evidence_state,browse_failure
browsecomp,group_chat_debate,784,run_1,unsupported_hypothesis,contaminated_evidence_state,browse_failure
browsecomp,group_chat_debate,784,run_2,unsupported_hypothesis,contaminated_evidence_state,browse_failure
browsecomp,group_chat_debate,786,run_0,unsupported_hypothesis,contaminated_evidence_state,browse_failure
browsecomp,group_chat_debate,786,run_1,retrieval_evidence_gap,contaminated_evidence_state,browse_failure
browsecomp,group_chat_debate,786,run_2,unsupported_hypothesis,contaminated_evidence_state,browse_failure
browsecomp,group_chat_debate,787,run_0,unsupported_hypothesis,contaminated_evidence_state,browse_failure
browsecomp,group_chat_debate,787,run_1,unsupported_hypothesis,contaminated_evidence_state,browse_failure
browsecomp,group_chat_debate,787,run_2,unsupported_hypothesis,contaminated_evidence_state,browse_failure
browsecomp,group_chat_debate,788,run_0,retrieval_evidence_gap,contaminated_evidence_state,browse_failure
browsecomp,group_chat_debate,788,run_1,retrieval_evidence_gap,contaminated_evidence_state,browse_failure
browsecomp,group_chat_debate,788,run_2,retrieval_evidence_gap,contaminated_evidence_state,browse_failure
browsecomp,group_chat_debate,790,run_0,retrieval_evidence_gap,contaminated_evidence_state,browse_failure
browsecomp,group_chat_debate,790,run_1,retrieval_evidence_gap,contaminated_evidence_state,browse_failure
browsecomp,group_chat_debate,790,run_2,retrieval_evidence_gap,contaminated_evidence_state,browse_failure
browsecomp,group_chat_debate,791,run_0,unsupported_hypothesis,contaminated_evidence_state,browse_failure
browsecomp,group_chat_debate,791,run_1,unsupported_hypothesis,contaminated_evidence_state,browse_failure
browsecomp,group_chat_debate,791,run_2,unsupported_hypothesis,contaminated_evidence_state,browse_failure
browsecomp,group_chat_debate,792,run_0,unsupported_hypothesis,contaminated_evidence_state,browse_failure
browsecomp,group_chat_debate,792,run_1,retrieval_evidence_gap,contaminated_evidence_state,browse_failure
browsecomp,group_chat_debate,792,run_2,retrieval_evidence_gap,contaminated_evidence_state,browse_failure
browsecomp,group_chat_debate,793,run_0,unsupported_hypothesis,contaminated_evidence_state,browse_failure
browsecomp,group_chat_debate,793,run_1,unsupported_hypothesis,contaminated_evidence_state,browse_failure
browsecomp,group_chat_debate,793,run_2,unsupported_hypothesis,contaminated_evidence_state,browse_failure
browsecomp,group_chat_debate,794,run_0,unsupported_hypothesis,contaminated_evidence_state,browse_failure
browsecomp,group_chat_debate,794,run_1,retrieval_evidence_gap,contaminated_evidence_state,browse_failure
browsecomp,group_chat_debate,794,run_2,retrieval_evidence_gap,contaminated_evidence_state,browse_failure
browsecomp,group_chat_debate,796,run_0,unsupported_hypothesis,contaminated_evidence_state,browse_failure
browsecomp,group_chat_debate,796,run_1,unsupported_hypothesis,contaminated_evidence_state,browse_failure
browsecomp,group_chat_debate,796,run_2,unsupported_hypothesis,contaminated_evidence_state,browse_failure
browsecomp,group_chat_debate,797,run_0,unsupported_hypothesis,contaminated_evidence_state,browse_failure
browsecomp,group_chat_debate,797,run_1,retrieval_evidence_gap,contaminated_evidence_state,browse_failure
browsecomp,group_chat_debate,797,run_2,unsupported_hypothesis,contaminated_evidence_state,browse_failure
browsecomp,group_chat_debate,798,run_0,retrieval_evidence_gap,contaminated_evidence_state,browse_failure
browsecomp,group_chat_debate,798,run_1,unsupported_hypothesis,contaminated_evidence_state,browse_failure
browsecomp,group_chat_debate,798,run_2,retrieval_evidence_gap,contaminated_evidence_state,browse_failure
browsecomp,group_chat_debate,800,run_0,unsupported_hypothesis,contaminated_evidence_state,browse_failure
browsecomp,group_chat_debate,800,run_1,unsupported_hypothesis,contaminated_evidence_state,browse_failure
browsecomp,group_chat_debate,800,run_2,retrieval_evidence_gap,contaminated_evidence_state,browse_failure
browsecomp,group_chat_debate,801,run_0,retrieval_evidence_gap,contaminated_evidence_state,browse_failure
browsecomp,group_chat_debate,801,run_1,retrieval_evidence_gap,contaminated_evidence_state,browse_failure
browsecomp,group_chat_debate,801,run_2,unsupported_hypothesis,contaminated_evidence_state,browse_failure
browsecomp,group_chat_debate,802,run_0,retrieval_evidence_gap,contaminated_evidence_state,browse_failure
browsecomp,group_chat_debate,802,run_1,unsupported_hypothesis,contaminated_evidence_state,browse_failure
browsecomp,group_chat_debate,802,run_2,retrieval_evidence_gap,contaminated_evidence_state,browse_failure
browsecomp,group_chat_debate,804,run_0,unsupported_hypothesis,contaminated_evidence_state,browse_failure
browsecomp,group_chat_debate,804,run_1,unsupported_hypothesis,contaminated_evidence_state,browse_failure
browsecomp,group_chat_debate,804,run_2,retrieval_evidence_gap,contaminated_evidence_state,browse_failure
browsecomp,group_chat_debate,805,run_0,unsupported_hypothesis,contaminated_evidence_state,browse_failure
browsecomp,group_chat_debate,805,run_1,unsupported_hypothesis,contaminated_evidence_state,browse_failure
browsecomp,group_chat_debate,805,run_2,unsupported_hypothesis,contaminated_evidence_state,browse_failure
browsecomp,group_chat_debate,806,run_0,unsupported_hypothesis,contaminated_evidence_state,browse_failure
browsecomp,group_chat_debate,806,run_1,unsupported_hypothesis,contaminated_evidence_state,browse_failure
browsecomp,group_chat_debate,806,run_2,unsupported_hypothesis,contaminated_evidence_state,browse_failure
browsecomp,only_voting,769,run_0,retrieval_evidence_gap,contaminated_evidence_state,browse_failure
browsecomp,only_voting,769,run_1,unsupported_hypothesis,contaminated_evidence_state,browse_failure
browsecomp,only_voting,769,run_2,unsupported_hypothesis,contaminated_evidence_state,browse_failure
browsecomp,only_voting,770,run_0,unsupported_hypothesis,contaminated_evidence_state,browse_failure
browsecomp,only_voting,770,run_1,unsupported_hypothesis,contaminated_evidence_state,browse_failure
browsecomp,only_voting,770,run_2,unsupported_hypothesis,contaminated_evidence_state,browse_failure
browsecomp,only_voting,771,run_0,unsupported_hypothesis,contaminated_evidence_state,browse_failure
browsecomp,only_voting,771,run_1,unsupported_hypothesis,contaminated_evidence_state,browse_failure
browsecomp,only_voting,771,run_2,retrieval_evidence_gap,contaminated_evidence_state,browse_failure
browsecomp,only_voting,772,run_0,unsupported_hypothesis,contaminated_evidence_state,browse_failure
browsecomp,only_voting,772,run_1,unsupported_hypothesis,contaminated_evidence_state,browse_failure
browsecomp,only_voting,772,run_2,unsupported_hypothesis,contaminated_evidence_state,browse_failure
browsecomp,only_voting,773,run_0,retrieval_evidence_gap,contaminated_evidence_state,browse_failure
browsecomp,only_voting,773,run_1,unsupported_hypothesis,contaminated_evidence_state,browse_failure
browsecomp,only_voting,773,run_2,retrieval_evidence_gap,contaminated_evidence_state,browse_failure
browsecomp,only_voting,774,run_0,unsupported_hypothesis,contaminated_evidence_state,browse_failure
browsecomp,only_voting,774,run_1,unsupported_hypothesis,contaminated_evidence_state,browse_failure
browsecomp,only_voting,774,run_2,unsupported_hypothesis,contaminated_evidence_state,browse_failure
browsecomp,only_voting,775,run_0,unsupported_hypothesis,contaminated_evidence_state,browse_failure
browsecomp,only_voting,775,run_1,unsupported_hypothesis,contaminated_evidence_state,browse_failure
browsecomp,only_voting,776,run_0,unsupported_hypothesis,contaminated_evidence_state,browse_failure
browsecomp,only_voting,776,run_1,unsupported_hypothesis,contaminated_evidence_state,browse_failure
browsecomp,only_voting,776,run_2,unsupported_hypothesis,contaminated_evidence_state,browse_failure
browsecomp,only_voting,778,run_0,unsupported_hypothesis,contaminated_evidence_state,browse_failure
browsecomp,only_voting,778,run_1,unsupported_hypothesis,contaminated_evidence_state,browse_failure
browsecomp,only_voting,778,run_2,unsupported_hypothesis,contaminated_evidence_state,browse_failure
browsecomp,only_voting,781,run_0,unsupported_hypothesis,contaminated_evidence_state,browse_failure
browsecomp,only_voting,781,run_1,unsupported_hypothesis,contaminated_evidence_state,browse_failure
browsecomp,only_voting,781,run_2,retrieval_evidence_gap,contaminated_evidence_state,browse_failure
browsecomp,only_voting,784,run_0,unsupported_hypothesis,contaminated_evidence_state,browse_failure
browsecomp,only_voting,784,run_1,unsupported_hypothesis,contaminated_evidence_state,browse_failure
browsecomp,only_voting,784,run_2,retrieval_evidence_gap,contaminated_evidence_state,browse_failure
browsecomp,only_voting,786,run_0,unsupported_hypothesis,contaminated_evidence_state,browse_failure
browsecomp,only_voting,786,run_2,unsupported_hypothesis,contaminated_evidence_state,browse_failure
browsecomp,only_voting,787,run_0,unsupported_hypothesis,contaminated_evidence_state,browse_failure
browsecomp,only_voting,787,run_1,unsupported_hypothesis,contaminated_evidence_state,browse_failure
browsecomp,only_voting,787,run_2,unsupported_hypothesis,contaminated_evidence_state,browse_failure
browsecomp,only_voting,788,run_0,unsupported_hypothesis,contaminated_evidence_state,browse_failure
browsecomp,only_voting,788,run_1,unsupported_hypothesis,contaminated_evidence_state,browse_failure
browsecomp,only_voting,788,run_2,unsupported_hypothesis,contaminated_evidence_state,browse_failure
browsecomp,only_voting,790,run_0,unsupported_hypothesis,contaminated_evidence_state,browse_failure
browsecomp,only_voting,791,run_0,unsupported_hypothesis,contaminated_evidence_state,browse_failure
browsecomp,only_voting,791,run_1,unsupported_hypothesis,contaminated_evidence_state,browse_failure
browsecomp,only_voting,791,run_2,retrieval_evidence_gap,contaminated_evidence_state,browse_failure
browsecomp,only_voting,792,run_0,unsupported_hypothesis,contaminated_evidence_state,browse_failure
browsecomp,only_voting,792,run_1,unsupported_hypothesis,contaminated_evidence_state,browse_failure
browsecomp,only_voting,792,run_2,unsupported_hypothesis,contaminated_evidence_state,browse_failure
browsecomp,only_voting,793,run_0,unsupported_hypothesis,contaminated_evidence_state,browse_failure
browsecomp,only_voting,793,run_1,unsupported_hypothesis,contaminated_evidence_state,browse_failure
browsecomp,only_voting,793,run_2,unsupported_hypothesis,contaminated_evidence_state,browse_failure
browsecomp,only_voting,794,run_0,unsupported_hypothesis,contaminated_evidence_state,browse_failure
browsecomp,only_voting,794,run_1,unsupported_hypothesis,contaminated_evidence_state,browse_failure
browsecomp,only_voting,794,run_2,unsupported_hypothesis,contaminated_evidence_state,browse_failure
browsecomp,only_voting,796,run_0,unsupported_hypothesis,contaminated_evidence_state,browse_failure
browsecomp,only_voting,796,run_1,unsupported_hypothesis,contaminated_evidence_state,browse_failure
browsecomp,only_voting,796,run_2,unsupported_hypothesis,contaminated_evidence_state,browse_failure
browsecomp,only_voting,797,run_0,unsupported_hypothesis,contaminated_evidence_state,browse_failure
browsecomp,only_voting,797,run_1,retrieval_evidence_gap,contaminated_evidence_state,browse_failure
browsecomp,only_voting,797,run_2,unsupported_hypothesis,contaminated_evidence_state,browse_failure
browsecomp,only_voting,798,run_0,unsupported_hypothesis,contaminated_evidence_state,browse_failure
browsecomp,only_voting,798,run_1,unsupported_hypothesis,contaminated_evidence_state,browse_failure
browsecomp,only_voting,798,run_2,unsupported_hypothesis,contaminated_evidence_state,browse_failure
browsecomp,only_voting,800,run_0,unsupported_hypothesis,contaminated_evidence_state,browse_failure
browsecomp,only_voting,800,run_1,unsupported_hypothesis,contaminated_evidence_state,browse_failure
browsecomp,only_voting,800,run_2,retrieval_evidence_gap,contaminated_evidence_state,browse_failure
browsecomp,only_voting,801,run_0,unsupported_hypothesis,contaminated_evidence_state,browse_failure
browsecomp,only_voting,801,run_1,unsupported_hypothesis,contaminated_evidence_state,browse_failure
browsecomp,only_voting,801,run_2,retrieval_evidence_gap,contaminated_evidence_state,browse_failure
browsecomp,only_voting,802,run_0,unsupported_hypothesis,contaminated_evidence_state,browse_failure
browsecomp,only_voting,802,run_1,unsupported_hypothesis,contaminated_evidence_state,browse_failure
browsecomp,only_voting,802,run_2,unsupported_hypothesis,contaminated_evidence_state,browse_failure
browsecomp,only_voting,804,run_0,unsupported_hypothesis,contaminated_evidence_state,browse_failure
browsecomp,only_voting,804,run_1,unsupported_hypothesis,contaminated_evidence_state,browse_failure
browsecomp,only_voting,804,run_2,unsupported_hypothesis,contaminated_evidence_state,browse_failure
browsecomp,only_voting,805,run_0,unsupported_hypothesis,contaminated_evidence_state,browse_failure
browsecomp,only_voting,805,run_1,unsupported_hypothesis,contaminated_evidence_state,browse_failure
browsecomp,only_voting,805,run_2,unsupported_hypothesis,contaminated_evidence_state,browse_failure
browsecomp,only_voting,806,run_0,unsupported_hypothesis,contaminated_evidence_state,browse_failure
browsecomp,only_voting,806,run_1,retrieval_evidence_gap,contaminated_evidence_state,browse_failure
browsecomp,only_voting,806,run_2,unsupported_hypothesis,contaminated_evidence_state,browse_failure
browsecomp,orchestrator_no_discussion,769,run_0,unsupported_hypothesis,contaminated_evidence_state,browse_failure
browsecomp,orchestrator_no_discussion,769,run_1,unsupported_hypothesis,contaminated_evidence_state,browse_failure
browsecomp,orchestrator_no_discussion,769,run_2,unsupported_hypothesis,contaminated_evidence_state,browse_failure
browsecomp,orchestrator_no_discussion,770,run_0,unsupported_hypothesis,contaminated_evidence_state,browse_failure
browsecomp,orchestrator_no_discussion,770,run_1,unsupported_hypothesis,contaminated_evidence_state,browse_failure
browsecomp,orchestrator_no_discussion,770,run_2,unsupported_hypothesis,contaminated_evidence_state,browse_failure
browsecomp,orchestrator_no_discussion,771,run_0,unsupported_hypothesis,contaminated_evidence_state,browse_failure
browsecomp,orchestrator_no_discussion,771,run_1,retrieval_evidence_gap,contaminated_evidence_state,browse_failure
browsecomp,orchestrator_no_discussion,771,run_2,unsupported_hypothesis,contaminated_evidence_state,browse_failure
browsecomp,orchestrator_no_discussion,772,run_0,unsupported_hypothesis,contaminated_evidence_state,browse_failure
browsecomp,orchestrator_no_discussion,772,run_1,retrieval_evidence_gap,contaminated_evidence_state,browse_failure
browsecomp,orchestrator_no_discussion,772,run_2,retrieval_evidence_gap,contaminated_evidence_state,browse_failure
browsecomp,orchestrator_no_discussion,773,run_0,unsupported_hypothesis,contaminated_evidence_state,browse_failure
browsecomp,orchestrator_no_discussion,773,run_1,retrieval_evidence_gap,contaminated_evidence_state,browse_failure
browsecomp,orchestrator_no_discussion,773,run_2,unsupported_hypothesis,contaminated_evidence_state,browse_failure
browsecomp,orchestrator_no_discussion,774,run_0,unsupported_hypothesis,contaminated_evidence_state,browse_failure
browsecomp,orchestrator_no_discussion,774,run_1,unsupported_hypothesis,contaminated_evidence_state,browse_failure
browsecomp,orchestrator_no_discussion,774,run_2,unsupported_hypothesis,contaminated_evidence_state,browse_failure
browsecomp,orchestrator_no_discussion,775,run_1,unsupported_hypothesis,contaminated_evidence_state,browse_failure
browsecomp,orchestrator_no_discussion,775,run_2,unsupported_hypothesis,contaminated_evidence_state,browse_failure
browsecomp,orchestrator_no_discussion,776,run_0,unsupported_hypothesis,contaminated_evidence_state,browse_failure
browsecomp,orchestrator_no_discussion,776,run_1,unsupported_hypothesis,contaminated_evidence_state,browse_failure
browsecomp,orchestrator_no_discussion,776,run_2,unsupported_hypothesis,contaminated_evidence_state,browse_failure
browsecomp,orchestrator_no_discussion,778,run_1,unsupported_hypothesis,contaminated_evidence_state,browse_failure
browsecomp,orchestrator_no_discussion,778,run_2,unsupported_hypothesis,contaminated_evidence_state,browse_failure
browsecomp,orchestrator_no_discussion,781,run_0,unsupported_hypothesis,contaminated_evidence_state,browse_failure
browsecomp,orchestrator_no_discussion,781,run_1,unsupported_hypothesis,contaminated_evidence_state,browse_failure
browsecomp,orchestrator_no_discussion,781,run_2,unsupported_hypothesis,contaminated_evidence_state,browse_failure
browsecomp,orchestrator_no_discussion,783,run_0,unsupported_hypothesis,contaminated_evidence_state,browse_failure
browsecomp,orchestrator_no_discussion,783,run_1,unsupported_hypothesis,contaminated_evidence_state,browse_failure
browsecomp,orchestrator_no_discussion,783,run_2,unsupported_hypothesis,contaminated_evidence_state,browse_failure
browsecomp,orchestrator_no_discussion,784,run_0,unsupported_hypothesis,contaminated_evidence_state,browse_failure
browsecomp,orchestrator_no_discussion,784,run_1,unsupported_hypothesis,contaminated_evidence_state,browse_failure
browsecomp,orchestrator_no_discussion,784,run_2,unsupported_hypothesis,contaminated_evidence_state,browse_failure
browsecomp,orchestrator_no_discussion,786,run_0,unsupported_hypothesis,contaminated_evidence_state,browse_failure
browsecomp,orchestrator_no_discussion,786,run_1,unsupported_hypothesis,contaminated_evidence_state,browse_failure
browsecomp,orchestrator_no_discussion,786,run_2,unsupported_hypothesis,contaminated_evidence_state,browse_failure
browsecomp,orchestrator_no_discussion,787,run_0,unsupported_hypothesis,contaminated_evidence_state,browse_failure
browsecomp,orchestrator_no_discussion,787,run_1,unsupported_hypothesis,contaminated_evidence_state,browse_failure
browsecomp,orchestrator_no_discussion,787,run_2,unsupported_hypothesis,contaminated_evidence_state,browse_failure
browsecomp,orchestrator_no_discussion,788,run_0,unsupported_hypothesis,contaminated_evidence_state,browse_failure
browsecomp,orchestrator_no_discussion,788,run_1,unsupported_hypothesis,contaminated_evidence_state,browse_failure
browsecomp,orchestrator_no_discussion,788,run_2,unsupported_hypothesis,contaminated_evidence_state,browse_failure
browsecomp,orchestrator_no_discussion,791,run_0,unsupported_hypothesis,contaminated_evidence_state,browse_failure
browsecomp,orchestrator_no_discussion,791,run_1,unsupported_hypothesis,contaminated_evidence_state,browse_failure
browsecomp,orchestrator_no_discussion,791,run_2,unsupported_hypothesis,contaminated_evidence_state,browse_failure
browsecomp,orchestrator_no_discussion,792,run_0,unsupported_hypothesis,contaminated_evidence_state,browse_failure
browsecomp,orchestrator_no_discussion,792,run_1,unsupported_hypothesis,contaminated_evidence_state,browse_failure
browsecomp,orchestrator_no_discussion,792,run_2,unsupported_hypothesis,contaminated_evidence_state,browse_failure
browsecomp,orchestrator_no_discussion,793,run_0,unsupported_hypothesis,contaminated_evidence_state,browse_failure
browsecomp,orchestrator_no_discussion,793,run_1,unsupported_hypothesis,contaminated_evidence_state,browse_failure
browsecomp,orchestrator_no_discussion,793,run_2,unsupported_hypothesis,contaminated_evidence_state,browse_failure
browsecomp,orchestrator_no_discussion,794,run_0,unsupported_hypothesis,contaminated_evidence_state,browse_failure
browsecomp,orchestrator_no_discussion,794,run_1,unsupported_hypothesis,contaminated_evidence_state,browse_failure
browsecomp,orchestrator_no_discussion,794,run_2,unsupported_hypothesis,contaminated_evidence_state,browse_failure
browsecomp,orchestrator_no_discussion,796,run_0,unsupported_hypothesis,contaminated_evidence_state,browse_failure
browsecomp,orchestrator_no_discussion,796,run_1,unsupported_hypothesis,contaminated_evidence_state,browse_failure
browsecomp,orchestrator_no_discussion,796,run_2,unsupported_hypothesis,contaminated_evidence_state,browse_failure
browsecomp,orchestrator_no_discussion,797,run_0,retrieval_evidence_gap,contaminated_evidence_state,browse_failure
browsecomp,orchestrator_no_discussion,797,run_2,unsupported_hypothesis,contaminated_evidence_state,browse_failure
browsecomp,orchestrator_no_discussion,798,run_0,unsupported_hypothesis,contaminated_evidence_state,browse_failure
browsecomp,orchestrator_no_discussion,798,run_1,unsupported_hypothesis,contaminated_evidence_state,browse_failure
browsecomp,orchestrator_no_discussion,798,run_2,unsupported_hypothesis,contaminated_evidence_state,browse_failure
browsecomp,orchestrator_no_discussion,800,run_0,unsupported_hypothesis,contaminated_evidence_state,browse_failure
browsecomp,orchestrator_no_discussion,800,run_1,unsupported_hypothesis,contaminated_evidence_state,browse_failure
browsecomp,orchestrator_no_discussion,800,run_2,unsupported_hypothesis,contaminated_evidence_state,browse_failure
browsecomp,orchestrator_no_discussion,801,run_0,unsupported_hypothesis,contaminated_evidence_state,browse_failure
browsecomp,orchestrator_no_discussion,801,run_1,retrieval_evidence_gap,contaminated_evidence_state,browse_failure
browsecomp,orchestrator_no_discussion,801,run_2,retrieval_evidence_gap,contaminated_evidence_state,browse_failure
browsecomp,orchestrator_no_discussion,802,run_0,unsupported_hypothesis,contaminated_evidence_state,browse_failure
browsecomp,orchestrator_no_discussion,802,run_1,unsupported_hypothesis,contaminated_evidence_state,browse_failure
browsecomp,orchestrator_no_discussion,802,run_2,unsupported_hypothesis,contaminated_evidence_state,browse_failure
browsecomp,orchestrator_no_discussion,804,run_0,unsupported_hypothesis,contaminated_evidence_state,browse_failure
browsecomp,orchestrator_no_discussion,804,run_1,unsupported_hypothesis,contaminated_evidence_state,browse_failure
browsecomp,orchestrator_no_discussion,804,run_2,unsupported_hypothesis,contaminated_evidence_state,browse_failure
browsecomp,orchestrator_no_discussion,805,run_0,unsupported_hypothesis,contaminated_evidence_state,browse_failure
browsecomp,orchestrator_no_discussion,805,run_1,unsupported_hypothesis,contaminated_evidence_state,browse_failure
browsecomp,orchestrator_no_discussion,805,run_2,unsupported_hypothesis,contaminated_evidence_state,browse_failure
browsecomp,orchestrator_no_discussion,806,run_0,unsupported_hypothesis,contaminated_evidence_state,browse_failure
browsecomp,orchestrator_no_discussion,806,run_1,retrieval_evidence_gap,contaminated_evidence_state,browse_failure
browsecomp,orchestrator_no_discussion,806,run_2,unsupported_hypothesis,contaminated_evidence_state,browse_failure
browsecomp,orchestrator_tree_structure,769,run_0,unsupported_hypothesis,contaminated_evidence_state,browse_failure
browsecomp,orchestrator_tree_structure,769,run_1,unsupported_hypothesis,contaminated_evidence_state,browse_failure
browsecomp,orchestrator_tree_structure,769,run_2,unsupported_hypothesis,contaminated_evidence_state,browse_failure
browsecomp,orchestrator_tree_structure,770,run_0,unsupported_hypothesis,contaminated_evidence_state,browse_failure
browsecomp,orchestrator_tree_structure,770,run_1,retrieval_evidence_gap,contaminated_evidence_state,browse_failure
browsecomp,orchestrator_tree_structure,770,run_2,unsupported_hypothesis,contaminated_evidence_state,browse_failure
browsecomp,orchestrator_tree_structure,771,run_0,unsupported_hypothesis,contaminated_evidence_state,browse_failure
browsecomp,orchestrator_tree_structure,771,run_1,unsupported_hypothesis,contaminated_evidence_state,browse_failure
browsecomp,orchestrator_tree_structure,771,run_2,unsupported_hypothesis,contaminated_evidence_state,browse_failure
browsecomp,orchestrator_tree_structure,772,run_0,retrieval_evidence_gap,contaminated_evidence_state,browse_failure
browsecomp,orchestrator_tree_structure,772,run_1,unsupported_hypothesis,contaminated_evidence_state,browse_failure
browsecomp,orchestrator_tree_structure,772,run_2,retrieval_evidence_gap,contaminated_evidence_state,browse_failure
browsecomp,orchestrator_tree_structure,773,run_0,unsupported_hypothesis,contaminated_evidence_state,browse_failure
browsecomp,orchestrator_tree_structure,773,run_1,retrieval_evidence_gap,contaminated_evidence_state,browse_failure
browsecomp,orchestrator_tree_structure,773,run_2,retrieval_evidence_gap,contaminated_evidence_state,browse_failure
browsecomp,orchestrator_tree_structure,774,run_0,unsupported_hypothesis,contaminated_evidence_state,browse_failure
browsecomp,orchestrator_tree_structure,774,run_1,retrieval_evidence_gap,contaminated_evidence_state,browse_failure
browsecomp,orchestrator_tree_structure,774,run_2,unsupported_hypothesis,contaminated_evidence_state,browse_failure
browsecomp,orchestrator_tree_structure,775,run_0,unsupported_hypothesis,contaminated_evidence_state,browse_failure
browsecomp,orchestrator_tree_structure,775,run_1,unsupported_hypothesis,contaminated_evidence_state,browse_failure
browsecomp,orchestrator_tree_structure,775,run_2,unsupported_hypothesis,contaminated_evidence_state,browse_failure
browsecomp,orchestrator_tree_structure,776,run_0,retrieval_evidence_gap,contaminated_evidence_state,browse_failure
browsecomp,orchestrator_tree_structure,776,run_1,unsupported_hypothesis,contaminated_evidence_state,browse_failure
browsecomp,orchestrator_tree_structure,776,run_2,unsupported_hypothesis,contaminated_evidence_state,browse_failure
browsecomp,orchestrator_tree_structure,778,run_0,unsupported_hypothesis,contaminated_evidence_state,browse_failure
browsecomp,orchestrator_tree_structure,778,run_1,unsupported_hypothesis,contaminated_evidence_state,browse_failure
browsecomp,orchestrator_tree_structure,778,run_2,unsupported_hypothesis,contaminated_evidence_state,browse_failure
browsecomp,orchestrator_tree_structure,781,run_0,retrieval_evidence_gap,contaminated_evidence_state,browse_failure
browsecomp,orchestrator_tree_structure,781,run_1,unsupported_hypothesis,contaminated_evidence_state,browse_failure
browsecomp,orchestrator_tree_structure,781,run_2,retrieval_evidence_gap,contaminated_evidence_state,browse_failure
browsecomp,orchestrator_tree_structure,783,run_0,retrieval_evidence_gap,contaminated_evidence_state,browse_failure
browsecomp,orchestrator_tree_structure,783,run_1,unsupported_hypothesis,contaminated_evidence_state,browse_failure
browsecomp,orchestrator_tree_structure,783,run_2,retrieval_evidence_gap,contaminated_evidence_state,browse_failure
browsecomp,orchestrator_tree_structure,784,run_0,unsupported_hypothesis,contaminated_evidence_state,browse_failure
browsecomp,orchestrator_tree_structure,784,run_1,retrieval_evidence_gap,contaminated_evidence_state,browse_failure
browsecomp,orchestrator_tree_structure,784,run_2,unsupported_hypothesis,contaminated_evidence_state,browse_failure
browsecomp,orchestrator_tree_structure,785,run_0,unsupported_hypothesis,contaminated_evidence_state,browse_failure
browsecomp,orchestrator_tree_structure,785,run_1,unsupported_hypothesis,contaminated_evidence_state,browse_failure
browsecomp,orchestrator_tree_structure,785,run_2,retrieval_evidence_gap,contaminated_evidence_state,browse_failure
browsecomp,orchestrator_tree_structure,786,run_0,unsupported_hypothesis,contaminated_evidence_state,browse_failure
browsecomp,orchestrator_tree_structure,786,run_1,retrieval_evidence_gap,contaminated_evidence_state,browse_failure
browsecomp,orchestrator_tree_structure,786,run_2,unsupported_hypothesis,contaminated_evidence_state,browse_failure
browsecomp,orchestrator_tree_structure,787,run_0,unsupported_hypothesis,contaminated_evidence_state,browse_failure
browsecomp,orchestrator_tree_structure,787,run_1,unsupported_hypothesis,contaminated_evidence_state,browse_failure
browsecomp,orchestrator_tree_structure,787,run_2,unsupported_hypothesis,contaminated_evidence_state,browse_failure
browsecomp,orchestrator_tree_structure,788,run_0,unsupported_hypothesis,contaminated_evidence_state,browse_failure
browsecomp,orchestrator_tree_structure,788,run_1,unsupported_hypothesis,contaminated_evidence_state,browse_failure
browsecomp,orchestrator_tree_structure,788,run_2,retrieval_evidence_gap,contaminated_evidence_state,browse_failure
browsecomp,orchestrator_tree_structure,790,run_0,retrieval_evidence_gap,contaminated_evidence_state,browse_failure
browsecomp,orchestrator_tree_structure,790,run_1,retrieval_evidence_gap,contaminated_evidence_state,browse_failure
browsecomp,orchestrator_tree_structure,790,run_2,retrieval_evidence_gap,contaminated_evidence_state,browse_failure
browsecomp,orchestrator_tree_structure,791,run_0,unsupported_hypothesis,contaminated_evidence_state,browse_failure
browsecomp,orchestrator_tree_structure,791,run_1,unsupported_hypothesis,contaminated_evidence_state,browse_failure
browsecomp,orchestrator_tree_structure,791,run_2,unsupported_hypothesis,contaminated_evidence_state,browse_failure
browsecomp,orchestrator_tree_structure,792,run_0,retrieval_evidence_gap,contaminated_evidence_state,browse_failure
browsecomp,orchestrator_tree_structure,792,run_1,unsupported_hypothesis,contaminated_evidence_state,browse_failure
browsecomp,orchestrator_tree_structure,792,run_2,retrieval_evidence_gap,contaminated_evidence_state,browse_failure
browsecomp,orchestrator_tree_structure,793,run_0,unsupported_hypothesis,contaminated_evidence_state,browse_failure
browsecomp,orchestrator_tree_structure,793,run_1,unsupported_hypothesis,contaminated_evidence_state,browse_failure
browsecomp,orchestrator_tree_structure,793,run_2,unsupported_hypothesis,contaminated_evidence_state,browse_failure
browsecomp,orchestrator_tree_structure,794,run_0,unsupported_hypothesis,contaminated_evidence_state,browse_failure
browsecomp,orchestrator_tree_structure,794,run_1,unsupported_hypothesis,contaminated_evidence_state,browse_failure
browsecomp,orchestrator_tree_structure,794,run_2,retrieval_evidence_gap,contaminated_evidence_state,browse_failure
browsecomp,orchestrator_tree_structure,796,run_0,unsupported_hypothesis,contaminated_evidence_state,browse_failure
browsecomp,orchestrator_tree_structure,796,run_1,unsupported_hypothesis,contaminated_evidence_state,browse_failure
browsecomp,orchestrator_tree_structure,796,run_2,unsupported_hypothesis,contaminated_evidence_state,browse_failure
browsecomp,orchestrator_tree_structure,797,run_0,unsupported_hypothesis,contaminated_evidence_state,browse_failure
browsecomp,orchestrator_tree_structure,797,run_1,unsupported_hypothesis,contaminated_evidence_state,browse_failure
browsecomp,orchestrator_tree_structure,797,run_2,unsupported_hypothesis,contaminated_evidence_state,browse_failure
browsecomp,orchestrator_tree_structure,798,run_0,unsupported_hypothesis,contaminated_evidence_state,browse_failure
browsecomp,orchestrator_tree_structure,798,run_1,retrieval_evidence_gap,contaminated_evidence_state,browse_failure
browsecomp,orchestrator_tree_structure,798,run_2,retrieval_evidence_gap,contaminated_evidence_state,browse_failure
browsecomp,orchestrator_tree_structure,800,run_0,unsupported_hypothesis,contaminated_evidence_state,browse_failure
browsecomp,orchestrator_tree_structure,800,run_1,unsupported_hypothesis,contaminated_evidence_state,browse_failure
browsecomp,orchestrator_tree_structure,800,run_2,unsupported_hypothesis,contaminated_evidence_state,browse_failure
browsecomp,orchestrator_tree_structure,801,run_0,retrieval_evidence_gap,contaminated_evidence_state,browse_failure
browsecomp,orchestrator_tree_structure,801,run_1,unsupported_hypothesis,contaminated_evidence_state,browse_failure
browsecomp,orchestrator_tree_structure,801,run_2,retrieval_evidence_gap,contaminated_evidence_state,browse_failure
browsecomp,orchestrator_tree_structure,802,run_0,unsupported_hypothesis,contaminated_evidence_state,browse_failure
browsecomp,orchestrator_tree_structure,802,run_1,unsupported_hypothesis,contaminated_evidence_state,browse_failure
browsecomp,orchestrator_tree_structure,802,run_2,retrieval_evidence_gap,contaminated_evidence_state,browse_failure
browsecomp,orchestrator_tree_structure,804,run_0,unsupported_hypothesis,contaminated_evidence_state,browse_failure
browsecomp,orchestrator_tree_structure,804,run_1,unsupported_hypothesis,contaminated_evidence_state,browse_failure
browsecomp,orchestrator_tree_structure,804,run_2,unsupported_hypothesis,contaminated_evidence_state,browse_failure
browsecomp,orchestrator_tree_structure,805,run_0,unsupported_hypothesis,contaminated_evidence_state,browse_failure
browsecomp,orchestrator_tree_structure,805,run_1,unsupported_hypothesis,contaminated_evidence_state,browse_failure
browsecomp,orchestrator_tree_structure,805,run_2,retrieval_evidence_gap,contaminated_evidence_state,browse_failure
browsecomp,orchestrator_tree_structure,806,run_0,unsupported_hypothesis,contaminated_evidence_state,browse_failure
browsecomp,orchestrator_tree_structure,806,run_1,unsupported_hypothesis,contaminated_evidence_state,browse_failure
browsecomp,orchestrator_tree_structure,806,run_2,unsupported_hypothesis,contaminated_evidence_state,browse_failure
browsecomp,orchestrator_with_discussion,769,run_0,unsupported_hypothesis,contaminated_evidence_state,browse_failure
browsecomp,orchestrator_with_discussion,769,run_1,unsupported_hypothesis,contaminated_evidence_state,browse_failure
browsecomp,orchestrator_with_discussion,769,run_2,unsupported_hypothesis,contaminated_evidence_state,browse_failure
browsecomp,orchestrator_with_discussion,770,run_0,unsupported_hypothesis,contaminated_evidence_state,browse_failure
browsecomp,orchestrator_with_discussion,770,run_1,unsupported_hypothesis,contaminated_evidence_state,browse_failure
browsecomp,orchestrator_with_discussion,770,run_2,unsupported_hypothesis,contaminated_evidence_state,browse_failure
browsecomp,orchestrator_with_discussion,771,run_0,unsupported_hypothesis,contaminated_evidence_state,browse_failure
browsecomp,orchestrator_with_discussion,771,run_1,retrieval_evidence_gap,contaminated_evidence_state,browse_failure
browsecomp,orchestrator_with_discussion,771,run_2,unsupported_hypothesis,contaminated_evidence_state,browse_failure
browsecomp,orchestrator_with_discussion,772,run_0,unsupported_hypothesis,contaminated_evidence_state,browse_failure
browsecomp,orchestrator_with_discussion,772,run_1,unsupported_hypothesis,contaminated_evidence_state,browse_failure
browsecomp,orchestrator_with_discussion,772,run_2,retrieval_evidence_gap,contaminated_evidence_state,browse_failure
browsecomp,orchestrator_with_discussion,773,run_0,retrieval_evidence_gap,contaminated_evidence_state,browse_failure
browsecomp,orchestrator_with_discussion,773,run_1,retrieval_evidence_gap,contaminated_evidence_state,browse_failure
browsecomp,orchestrator_with_discussion,773,run_2,retrieval_evidence_gap,contaminated_evidence_state,browse_failure
browsecomp,orchestrator_with_discussion,774,run_0,retrieval_evidence_gap,contaminated_evidence_state,browse_failure
browsecomp,orchestrator_with_discussion,774,run_1,unsupported_hypothesis,contaminated_evidence_state,browse_failure
browsecomp,orchestrator_with_discussion,774,run_2,unsupported_hypothesis,contaminated_evidence_state,browse_failure
browsecomp,orchestrator_with_discussion,775,run_0,unsupported_hypothesis,contaminated_evidence_state,browse_failure
browsecomp,orchestrator_with_discussion,775,run_1,unsupported_hypothesis,contaminated_evidence_state,browse_failure
browsecomp,orchestrator_with_discussion,775,run_2,unsupported_hypothesis,contaminated_evidence_state,browse_failure
browsecomp,orchestrator_with_discussion,776,run_0,unsupported_hypothesis,contaminated_evidence_state,browse_failure
browsecomp,orchestrator_with_discussion,776,run_1,unsupported_hypothesis,contaminated_evidence_state,browse_failure
browsecomp,orchestrator_with_discussion,776,run_2,unsupported_hypothesis,contaminated_evidence_state,browse_failure
browsecomp,orchestrator_with_discussion,778,run_0,unsupported_hypothesis,contaminated_evidence_state,browse_failure
browsecomp,orchestrator_with_discussion,778,run_1,unsupported_hypothesis,contaminated_evidence_state,browse_failure
browsecomp,orchestrator_with_discussion,778,run_2,unsupported_hypothesis,contaminated_evidence_state,browse_failure
browsecomp,orchestrator_with_discussion,781,run_0,unsupported_hypothesis,contaminated_evidence_state,browse_failure
browsecomp,orchestrator_with_discussion,781,run_1,unsupported_hypothesis,contaminated_evidence_state,browse_failure
browsecomp,orchestrator_with_discussion,781,run_2,unsupported_hypothesis,contaminated_evidence_state,browse_failure
browsecomp,orchestrator_with_discussion,783,run_0,retrieval_evidence_gap,contaminated_evidence_state,browse_failure
browsecomp,orchestrator_with_discussion,783,run_1,unsupported_hypothesis,contaminated_evidence_state,browse_failure
browsecomp,orchestrator_with_discussion,783,run_2,retrieval_evidence_gap,contaminated_evidence_state,browse_failure
browsecomp,orchestrator_with_discussion,784,run_0,retrieval_evidence_gap,contaminated_evidence_state,browse_failure
browsecomp,orchestrator_with_discussion,784,run_1,unsupported_hypothesis,contaminated_evidence_state,browse_failure
browsecomp,orchestrator_with_discussion,784,run_2,unsupported_hypothesis,contaminated_evidence_state,browse_failure
browsecomp,orchestrator_with_discussion,785,run_1,unsupported_hypothesis,contaminated_evidence_state,browse_failure
browsecomp,orchestrator_with_discussion,786,run_0,unsupported_hypothesis,contaminated_evidence_state,browse_failure
browsecomp,orchestrator_with_discussion,786,run_1,retrieval_evidence_gap,contaminated_evidence_state,browse_failure
browsecomp,orchestrator_with_discussion,786,run_2,unsupported_hypothesis,contaminated_evidence_state,browse_failure
browsecomp,orchestrator_with_discussion,787,run_0,unsupported_hypothesis,contaminated_evidence_state,browse_failure
browsecomp,orchestrator_with_discussion,787,run_1,unsupported_hypothesis,contaminated_evidence_state,browse_failure
browsecomp,orchestrator_with_discussion,787,run_2,unsupported_hypothesis,contaminated_evidence_state,browse_failure
browsecomp,orchestrator_with_discussion,788,run_0,unsupported_hypothesis,contaminated_evidence_state,browse_failure
browsecomp,orchestrator_with_discussion,788,run_1,retrieval_evidence_gap,contaminated_evidence_state,browse_failure
browsecomp,orchestrator_with_discussion,788,run_2,unsupported_hypothesis,contaminated_evidence_state,browse_failure
browsecomp,orchestrator_with_discussion,790,run_0,retrieval_evidence_gap,contaminated_evidence_state,browse_failure
browsecomp,orchestrator_with_discussion,790,run_1,retrieval_evidence_gap,contaminated_evidence_state,browse_failure
browsecomp,orchestrator_with_discussion,790,run_2,retrieval_evidence_gap,contaminated_evidence_state,browse_failure
browsecomp,orchestrator_with_discussion,791,run_0,unsupported_hypothesis,contaminated_evidence_state,browse_failure
browsecomp,orchestrator_with_discussion,791,run_1,unsupported_hypothesis,contaminated_evidence_state,browse_failure
browsecomp,orchestrator_with_discussion,791,run_2,unsupported_hypothesis,contaminated_evidence_state,browse_failure
browsecomp,orchestrator_with_discussion,792,run_0,unsupported_hypothesis,contaminated_evidence_state,browse_failure
browsecomp,orchestrator_with_discussion,792,run_1,unsupported_hypothesis,contaminated_evidence_state,browse_failure
browsecomp,orchestrator_with_discussion,792,run_2,retrieval_evidence_gap,contaminated_evidence_state,browse_failure
browsecomp,orchestrator_with_discussion,793,run_0,unsupported_hypothesis,contaminated_evidence_state,browse_failure
browsecomp,orchestrator_with_discussion,793,run_1,unsupported_hypothesis,contaminated_evidence_state,browse_failure
browsecomp,orchestrator_with_discussion,793,run_2,unsupported_hypothesis,contaminated_evidence_state,browse_failure
browsecomp,orchestrator_with_discussion,794,run_0,unsupported_hypothesis,contaminated_evidence_state,browse_failure
browsecomp,orchestrator_with_discussion,794,run_1,unsupported_hypothesis,contaminated_evidence_state,browse_failure
browsecomp,orchestrator_with_discussion,794,run_2,unsupported_hypothesis,contaminated_evidence_state,browse_failure
browsecomp,orchestrator_with_discussion,796,run_0,unsupported_hypothesis,contaminated_evidence_state,browse_failure
browsecomp,orchestrator_with_discussion,796,run_1,unsupported_hypothesis,contaminated_evidence_state,browse_failure
browsecomp,orchestrator_with_discussion,796,run_2,unsupported_hypothesis,contaminated_evidence_state,browse_failure
browsecomp,orchestrator_with_discussion,797,run_0,retrieval_evidence_gap,contaminated_evidence_state,browse_failure
browsecomp,orchestrator_with_discussion,797,run_1,unsupported_hypothesis,contaminated_evidence_state,browse_failure
browsecomp,orchestrator_with_discussion,797,run_2,unsupported_hypothesis,contaminated_evidence_state,browse_failure
browsecomp,orchestrator_with_discussion,798,run_0,unsupported_hypothesis,contaminated_evidence_state,browse_failure
browsecomp,orchestrator_with_discussion,798,run_1,unsupported_hypothesis,contaminated_evidence_state,browse_failure
browsecomp,orchestrator_with_discussion,798,run_2,unsupported_hypothesis,contaminated_evidence_state,browse_failure
browsecomp,orchestrator_with_discussion,800,run_0,unsupported_hypothesis,contaminated_evidence_state,browse_failure
browsecomp,orchestrator_with_discussion,800,run_1,unsupported_hypothesis,contaminated_evidence_state,browse_failure
browsecomp,orchestrator_with_discussion,800,run_2,unsupported_hypothesis,contaminated_evidence_state,browse_failure
browsecomp,orchestrator_with_discussion,801,run_0,unsupported_hypothesis,contaminated_evidence_state,browse_failure
browsecomp,orchestrator_with_discussion,801,run_1,unsupported_hypothesis,contaminated_evidence_state,browse_failure
browsecomp,orchestrator_with_discussion,801,run_2,unsupported_hypothesis,contaminated_evidence_state,browse_failure
browsecomp,orchestrator_with_discussion,802,run_0,unsupported_hypothesis,contaminated_evidence_state,browse_failure
browsecomp,orchestrator_with_discussion,802,run_1,retrieval_evidence_gap,contaminated_evidence_state,browse_failure
browsecomp,orchestrator_with_discussion,802,run_2,unsupported_hypothesis,contaminated_evidence_state,browse_failure
browsecomp,orchestrator_with_discussion,804,run_0,unsupported_hypothesis,contaminated_evidence_state,browse_failure
browsecomp,orchestrator_with_discussion,804,run_1,unsupported_hypothesis,contaminated_evidence_state,browse_failure
browsecomp,orchestrator_with_discussion,804,run_2,unsupported_hypothesis,contaminated_evidence_state,browse_failure
browsecomp,orchestrator_with_discussion,805,run_0,unsupported_hypothesis,contaminated_evidence_state,browse_failure
browsecomp,orchestrator_with_discussion,805,run_1,retrieval_evidence_gap,contaminated_evidence_state,browse_failure
browsecomp,orchestrator_with_discussion,805,run_2,unsupported_hypothesis,contaminated_evidence_state,browse_failure
browsecomp,orchestrator_with_discussion,806,run_0,retrieval_evidence_gap,contaminated_evidence_state,browse_failure
browsecomp,orchestrator_with_discussion,806,run_1,unsupported_hypothesis,contaminated_evidence_state,browse_failure
browsecomp,orchestrator_with_discussion,806,run_2,retrieval_evidence_gap,contaminated_evidence_state,browse_failure
browsecomp,sas,769,run_0,unsupported_hypothesis,contaminated_evidence_state,browse_failure
browsecomp,sas,769,run_1,unsupported_hypothesis,contaminated_evidence_state,browse_failure
browsecomp,sas,769,run_2,unsupported_hypothesis,contaminated_evidence_state,browse_failure
browsecomp,sas,770,run_0,unsupported_hypothesis,contaminated_evidence_state,browse_failure
browsecomp,sas,770,run_1,unsupported_hypothesis,contaminated_evidence_state,browse_failure
browsecomp,sas,770,run_2,unsupported_hypothesis,contaminated_evidence_state,browse_failure
browsecomp,sas,771,run_0,unsupported_hypothesis,contaminated_evidence_state,browse_failure
browsecomp,sas,771,run_1,unsupported_hypothesis,contaminated_evidence_state,browse_failure
browsecomp,sas,771,run_2,unsupported_hypothesis,contaminated_evidence_state,browse_failure
browsecomp,sas,772,run_0,unsupported_hypothesis,contaminated_evidence_state,browse_failure
browsecomp,sas,772,run_1,unsupported_hypothesis,contaminated_evidence_state,browse_failure
browsecomp,sas,772,run_2,unsupported_hypothesis,contaminated_evidence_state,browse_failure
browsecomp,sas,773,run_0,retrieval_evidence_gap,contaminated_evidence_state,browse_failure
browsecomp,sas,773,run_1,unsupported_hypothesis,contaminated_evidence_state,browse_failure
browsecomp,sas,773,run_2,unsupported_hypothesis,contaminated_evidence_state,browse_failure
browsecomp,sas,774,run_0,unsupported_hypothesis,contaminated_evidence_state,browse_failure
browsecomp,sas,774,run_1,unsupported_hypothesis,contaminated_evidence_state,browse_failure
browsecomp,sas,774,run_2,unsupported_hypothesis,contaminated_evidence_state,browse_failure
browsecomp,sas,775,run_0,unsupported_hypothesis,contaminated_evidence_state,browse_failure
browsecomp,sas,775,run_2,unsupported_hypothesis,contaminated_evidence_state,browse_failure
browsecomp,sas,776,run_0,unsupported_hypothesis,contaminated_evidence_state,browse_failure
browsecomp,sas,776,run_1,unsupported_hypothesis,contaminated_evidence_state,browse_failure
browsecomp,sas,776,run_2,unsupported_hypothesis,contaminated_evidence_state,browse_failure
browsecomp,sas,778,run_0,unsupported_hypothesis,contaminated_evidence_state,browse_failure
browsecomp,sas,778,run_1,unsupported_hypothesis,contaminated_evidence_state,browse_failure
browsecomp,sas,778,run_2,retrieval_evidence_gap,contaminated_evidence_state,browse_failure
browsecomp,sas,781,run_0,unsupported_hypothesis,contaminated_evidence_state,browse_failure
browsecomp,sas,781,run_1,unsupported_hypothesis,contaminated_evidence_state,browse_failure
browsecomp,sas,781,run_2,unsupported_hypothesis,contaminated_evidence_state,browse_failure
browsecomp,sas,783,run_0,retrieval_evidence_gap,contaminated_evidence_state,browse_failure
browsecomp,sas,783,run_1,unsupported_hypothesis,contaminated_evidence_state,browse_failure
browsecomp,sas,783,run_2,unsupported_hypothesis,contaminated_evidence_state,browse_failure
browsecomp,sas,784,run_0,unsupported_hypothesis,contaminated_evidence_state,browse_failure
browsecomp,sas,784,run_1,unsupported_hypothesis,contaminated_evidence_state,browse_failure
browsecomp,sas,784,run_2,unsupported_hypothesis,contaminated_evidence_state,browse_failure
browsecomp,sas,786,run_0,unsupported_hypothesis,contaminated_evidence_state,browse_failure
browsecomp,sas,786,run_1,unsupported_hypothesis,contaminated_evidence_state,browse_failure
browsecomp,sas,786,run_2,unsupported_hypothesis,contaminated_evidence_state,browse_failure
browsecomp,sas,787,run_0,unsupported_hypothesis,contaminated_evidence_state,browse_failure
browsecomp,sas,787,run_1,unsupported_hypothesis,contaminated_evidence_state,browse_failure
browsecomp,sas,787,run_2,unsupported_hypothesis,contaminated_evidence_state,browse_failure
browsecomp,sas,788,run_0,retrieval_evidence_gap,contaminated_evidence_state,browse_failure
browsecomp,sas,788,run_1,retrieval_evidence_gap,contaminated_evidence_state,browse_failure
browsecomp,sas,788,run_2,unsupported_hypothesis,contaminated_evidence_state,browse_failure
browsecomp,sas,790,run_0,unsupported_hypothesis,contaminated_evidence_state,browse_failure
browsecomp,sas,791,run_0,unsupported_hypothesis,contaminated_evidence_state,browse_failure
browsecomp,sas,791,run_1,unsupported_hypothesis,contaminated_evidence_state,browse_failure
browsecomp,sas,791,run_2,unsupported_hypothesis,contaminated_evidence_state,browse_failure
browsecomp,sas,792,run_1,unsupported_hypothesis,contaminated_evidence_state,browse_failure
browsecomp,sas,792,run_2,unsupported_hypothesis,contaminated_evidence_state,browse_failure
browsecomp,sas,793,run_0,unsupported_hypothesis,contaminated_evidence_state,browse_failure
browsecomp,sas,793,run_1,unsupported_hypothesis,contaminated_evidence_state,browse_failure
browsecomp,sas,793,run_2,unsupported_hypothesis,contaminated_evidence_state,browse_failure
browsecomp,sas,794,run_0,unsupported_hypothesis,contaminated_evidence_state,browse_failure
browsecomp,sas,794,run_1,unsupported_hypothesis,contaminated_evidence_state,browse_failure
browsecomp,sas,794,run_2,unsupported_hypothesis,contaminated_evidence_state,browse_failure
browsecomp,sas,796,run_0,unsupported_hypothesis,contaminated_evidence_state,browse_failure
browsecomp,sas,796,run_1,unsupported_hypothesis,contaminated_evidence_state,browse_failure
browsecomp,sas,796,run_2,unsupported_hypothesis,contaminated_evidence_state,browse_failure
browsecomp,sas,797,run_0,unsupported_hypothesis,contaminated_evidence_state,browse_failure
browsecomp,sas,797,run_1,unsupported_hypothesis,contaminated_evidence_state,browse_failure
browsecomp,sas,797,run_2,unsupported_hypothesis,contaminated_evidence_state,browse_failure
browsecomp,sas,798,run_0,retrieval_evidence_gap,contaminated_evidence_state,browse_failure
browsecomp,sas,798,run_1,unsupported_hypothesis,contaminated_evidence_state,browse_failure
browsecomp,sas,798,run_2,unsupported_hypothesis,contaminated_evidence_state,browse_failure
browsecomp,sas,800,run_0,unsupported_hypothesis,contaminated_evidence_state,browse_failure
browsecomp,sas,800,run_1,unsupported_hypothesis,contaminated_evidence_state,browse_failure
browsecomp,sas,800,run_2,unsupported_hypothesis,contaminated_evidence_state,browse_failure
browsecomp,sas,801,run_0,unsupported_hypothesis,contaminated_evidence_state,browse_failure
browsecomp,sas,801,run_1,retrieval_evidence_gap,contaminated_evidence_state,browse_failure
browsecomp,sas,801,run_2,unsupported_hypothesis,contaminated_evidence_state,browse_failure
browsecomp,sas,802,run_0,unsupported_hypothesis,contaminated_evidence_state,browse_failure
browsecomp,sas,802,run_1,unsupported_hypothesis,contaminated_evidence_state,browse_failure
browsecomp,sas,802,run_2,unsupported_hypothesis,contaminated_evidence_state,browse_failure
browsecomp,sas,804,run_0,unsupported_hypothesis,contaminated_evidence_state,browse_failure
browsecomp,sas,804,run_1,unsupported_hypothesis,contaminated_evidence_state,browse_failure
browsecomp,sas,804,run_2,unsupported_hypothesis,contaminated_evidence_state,browse_failure
browsecomp,sas,805,run_0,unsupported_hypothesis,contaminated_evidence_state,browse_failure
browsecomp,sas,805,run_1,unsupported_hypothesis,contaminated_evidence_state,browse_failure
browsecomp,sas,805,run_2,unsupported_hypothesis,contaminated_evidence_state,browse_failure
browsecomp,sas,806,run_0,unsupported_hypothesis,contaminated_evidence_state,browse_failure
browsecomp,sas,806,run_1,retrieval_evidence_gap,contaminated_evidence_state,browse_failure
browsecomp,sas,806,run_2,unsupported_hypothesis,contaminated_evidence_state,browse_failure
finance_agent,fully_linked_debate,0,run_0,financial_support_gap,unsupported_quantitative_context,finance_failure
finance_agent,fully_linked_debate,0,run_1,financial_support_gap,unsupported_quantitative_context,finance_failure
finance_agent,fully_linked_debate,0,run_2,financial_support_gap,unsupported_quantitative_context,finance_failure
finance_agent,fully_linked_debate,1,run_0,data_interface_brittleness,unsupported_quantitative_context,finance_failure
finance_agent,fully_linked_debate,1,run_1,financial_support_gap,unsupported_quantitative_context,finance_failure
finance_agent,fully_linked_debate,1,run_2,financial_support_gap,unsupported_quantitative_context,finance_failure
finance_agent,fully_linked_debate,10,run_0,financial_support_gap,unsupported_quantitative_context,finance_failure
finance_agent,fully_linked_debate,10,run_1,financial_support_gap,unsupported_quantitative_context,finance_failure
finance_agent,fully_linked_debate,10,run_2,financial_support_gap,unsupported_quantitative_context,finance_failure
finance_agent,fully_linked_debate,11,run_0,financial_support_gap,unsupported_quantitative_context,finance_failure
finance_agent,fully_linked_debate,11,run_1,financial_support_gap,unsupported_quantitative_context,finance_failure
finance_agent,fully_linked_debate,11,run_2,financial_support_gap,unsupported_quantitative_context,finance_failure
finance_agent,fully_linked_debate,12,run_0,financial_support_gap,unsupported_quantitative_context,finance_failure
finance_agent,fully_linked_debate,12,run_1,financial_support_gap,unsupported_quantitative_context,finance_failure
finance_agent,fully_linked_debate,12,run_2,data_interface_brittleness,unsupported_quantitative_context,finance_failure
finance_agent,fully_linked_debate,13,run_0,financial_support_gap,unsupported_quantitative_context,finance_failure
finance_agent,fully_linked_debate,13,run_1,financial_support_gap,unsupported_quantitative_context,finance_failure
finance_agent,fully_linked_debate,13,run_2,financial_support_gap,unsupported_quantitative_context,finance_failure
finance_agent,fully_linked_debate,14,run_0,financial_support_gap,unsupported_quantitative_context,finance_failure
finance_agent,fully_linked_debate,14,run_1,financial_support_gap,unsupported_quantitative_context,finance_failure
finance_agent,fully_linked_debate,14,run_2,data_interface_brittleness,unsupported_quantitative_context,finance_failure
finance_agent,fully_linked_debate,15,run_0,financial_support_gap,unsupported_quantitative_context,finance_failure
finance_agent,fully_linked_debate,15,run_1,financial_support_gap,unsupported_quantitative_context,finance_failure
finance_agent,fully_linked_debate,15,run_2,data_interface_brittleness,unsupported_quantitative_context,finance_failure
finance_agent,fully_linked_debate,16,run_0,data_interface_brittleness,unsupported_quantitative_context,finance_failure
finance_agent,fully_linked_debate,16,run_1,data_interface_brittleness,unsupported_quantitative_context,finance_failure
finance_agent,fully_linked_debate,16,run_2,financial_support_gap,unsupported_quantitative_context,finance_failure
finance_agent,fully_linked_debate,17,run_0,financial_support_gap,unsupported_quantitative_context,finance_failure
finance_agent,fully_linked_debate,17,run_1,financial_support_gap,unsupported_quantitative_context,finance_failure
finance_agent,fully_linked_debate,17,run_2,financial_support_gap,unsupported_quantitative_context,finance_failure
finance_agent,fully_linked_debate,18,run_0,data_interface_brittleness,unsupported_quantitative_context,finance_failure
finance_agent,fully_linked_debate,18,run_1,financial_support_gap,unsupported_quantitative_context,finance_failure
finance_agent,fully_linked_debate,18,run_2,financial_support_gap,unsupported_quantitative_context,finance_failure
finance_agent,fully_linked_debate,19,run_0,financial_support_gap,unsupported_quantitative_context,finance_failure
finance_agent,fully_linked_debate,19,run_1,financial_support_gap,unsupported_quantitative_context,finance_failure
finance_agent,fully_linked_debate,19,run_2,financial_support_gap,unsupported_quantitative_context,finance_failure
finance_agent,fully_linked_debate,2,run_0,financial_support_gap,unsupported_quantitative_context,finance_failure
finance_agent,fully_linked_debate,2,run_1,financial_support_gap,unsupported_quantitative_context,finance_failure
finance_agent,fully_linked_debate,2,run_2,financial_support_gap,unsupported_quantitative_context,finance_failure
finance_agent,fully_linked_debate,21,run_0,data_interface_brittleness,unsupported_quantitative_context,finance_failure
finance_agent,fully_linked_debate,21,run_1,financial_support_gap,unsupported_quantitative_context,finance_failure
finance_agent,fully_linked_debate,21,run_2,financial_support_gap,unsupported_quantitative_context,finance_failure
finance_agent,fully_linked_debate,22,run_0,financial_support_gap,unsupported_quantitative_context,finance_failure
finance_agent,fully_linked_debate,3,run_0,financial_support_gap,unsupported_quantitative_context,finance_failure
finance_agent,fully_linked_debate,3,run_1,financial_support_gap,unsupported_quantitative_context,finance_failure
finance_agent,fully_linked_debate,3,run_2,financial_support_gap,unsupported_quantitative_context,finance_failure
finance_agent,fully_linked_debate,4,run_0,financial_support_gap,unsupported_quantitative_context,finance_failure
finance_agent,fully_linked_debate,4,run_1,data_interface_brittleness,unsupported_quantitative_context,finance_failure
finance_agent,fully_linked_debate,4,run_2,financial_support_gap,unsupported_quantitative_context,finance_failure
finance_agent,fully_linked_debate,5,run_0,financial_support_gap,unsupported_quantitative_context,finance_failure
finance_agent,fully_linked_debate,5,run_1,data_interface_brittleness,unsupported_quantitative_context,finance_failure
finance_agent,fully_linked_debate,5,run_2,financial_support_gap,unsupported_quantitative_context,finance_failure
finance_agent,fully_linked_debate,6,run_0,financial_support_gap,unsupported_quantitative_context,finance_failure
finance_agent,fully_linked_debate,6,run_1,financial_support_gap,unsupported_quantitative_context,finance_failure
finance_agent,fully_linked_debate,6,run_2,financial_support_gap,unsupported_quantitative_context,finance_failure
finance_agent,fully_linked_debate,7,run_0,financial_support_gap,unsupported_quantitative_context,finance_failure
finance_agent,fully_linked_debate,7,run_1,financial_support_gap,unsupported_quantitative_context,finance_failure
finance_agent,fully_linked_debate,7,run_2,financial_support_gap,unsupported_quantitative_context,finance_failure
finance_agent,fully_linked_debate,9,run_0,financial_support_gap,unsupported_quantitative_context,finance_failure
finance_agent,fully_linked_debate,9,run_1,financial_support_gap,unsupported_quantitative_context,finance_failure
finance_agent,fully_linked_debate,9,run_2,data_interface_brittleness,unsupported_quantitative_context,finance_failure
finance_agent,group_chat_debate,0,run_0,data_interface_brittleness,unsupported_quantitative_context,finance_failure
finance_agent,group_chat_debate,0,run_1,financial_support_gap,unsupported_quantitative_context,finance_failure
finance_agent,group_chat_debate,0,run_2,data_interface_brittleness,unsupported_quantitative_context,finance_failure
finance_agent,group_chat_debate,1,run_0,financial_support_gap,unsupported_quantitative_context,finance_failure
finance_agent,group_chat_debate,1,run_1,financial_support_gap,unsupported_quantitative_context,finance_failure
finance_agent,group_chat_debate,1,run_2,financial_support_gap,unsupported_quantitative_context,finance_failure
finance_agent,group_chat_debate,10,run_0,financial_support_gap,unsupported_quantitative_context,finance_failure
finance_agent,group_chat_debate,10,run_1,financial_support_gap,unsupported_quantitative_context,finance_failure
finance_agent,group_chat_debate,10,run_2,financial_support_gap,unsupported_quantitative_context,finance_failure
finance_agent,group_chat_debate,11,run_0,data_interface_brittleness,unsupported_quantitative_context,finance_failure
finance_agent,group_chat_debate,11,run_1,data_interface_brittleness,unsupported_quantitative_context,finance_failure
finance_agent,group_chat_debate,11,run_2,data_interface_brittleness,unsupported_quantitative_context,finance_failure
finance_agent,group_chat_debate,12,run_0,financial_support_gap,unsupported_quantitative_context,finance_failure
finance_agent,group_chat_debate,12,run_1,financial_support_gap,unsupported_quantitative_context,finance_failure
finance_agent,group_chat_debate,12,run_2,financial_support_gap,unsupported_quantitative_context,finance_failure
finance_agent,group_chat_debate,13,run_0,financial_support_gap,unsupported_quantitative_context,finance_failure
finance_agent,group_chat_debate,13,run_1,financial_support_gap,unsupported_quantitative_context,finance_failure
finance_agent,group_chat_debate,13,run_2,data_interface_brittleness,unsupported_quantitative_context,finance_failure
finance_agent,group_chat_debate,14,run_0,data_interface_brittleness,unsupported_quantitative_context,finance_failure
finance_agent,group_chat_debate,14,run_1,data_interface_brittleness,unsupported_quantitative_context,finance_failure
finance_agent,group_chat_debate,14,run_2,data_interface_brittleness,unsupported_quantitative_context,finance_failure
finance_agent,group_chat_debate,15,run_0,financial_support_gap,unsupported_quantitative_context,finance_failure
finance_agent,group_chat_debate,15,run_1,financial_support_gap,unsupported_quantitative_context,finance_failure
finance_agent,group_chat_debate,15,run_2,data_interface_brittleness,unsupported_quantitative_context,finance_failure
finance_agent,group_chat_debate,16,run_0,financial_support_gap,unsupported_quantitative_context,finance_failure
finance_agent,group_chat_debate,16,run_1,data_interface_brittleness,unsupported_quantitative_context,finance_failure
finance_agent,group_chat_debate,16,run_2,financial_support_gap,unsupported_quantitative_context,finance_failure
finance_agent,group_chat_debate,17,run_0,financial_support_gap,unsupported_quantitative_context,finance_failure
finance_agent,group_chat_debate,17,run_1,financial_support_gap,unsupported_quantitative_context,finance_failure
finance_agent,group_chat_debate,17,run_2,financial_support_gap,unsupported_quantitative_context,finance_failure
finance_agent,group_chat_debate,18,run_0,financial_support_gap,unsupported_quantitative_context,finance_failure
finance_agent,group_chat_debate,18,run_1,data_interface_brittleness,unsupported_quantitative_context,finance_failure
finance_agent,group_chat_debate,18,run_2,financial_support_gap,unsupported_quantitative_context,finance_failure
finance_agent,group_chat_debate,19,run_0,financial_support_gap,unsupported_quantitative_context,finance_failure
finance_agent,group_chat_debate,19,run_1,financial_support_gap,unsupported_quantitative_context,finance_failure
finance_agent,group_chat_debate,19,run_2,financial_support_gap,unsupported_quantitative_context,finance_failure
finance_agent,group_chat_debate,2,run_0,financial_support_gap,unsupported_quantitative_context,finance_failure
finance_agent,group_chat_debate,2,run_1,financial_support_gap,unsupported_quantitative_context,finance_failure
finance_agent,group_chat_debate,2,run_2,financial_support_gap,unsupported_quantitative_context,finance_failure
finance_agent,group_chat_debate,20,run_2,data_interface_brittleness,unsupported_quantitative_context,finance_failure
finance_agent,group_chat_debate,21,run_0,financial_support_gap,unsupported_quantitative_context,finance_failure
finance_agent,group_chat_debate,21,run_1,financial_support_gap,unsupported_quantitative_context,finance_failure
finance_agent,group_chat_debate,21,run_2,financial_support_gap,unsupported_quantitative_context,finance_failure
finance_agent,group_chat_debate,22,run_0,financial_support_gap,unsupported_quantitative_context,finance_failure
finance_agent,group_chat_debate,22,run_1,financial_support_gap,unsupported_quantitative_context,finance_failure
finance_agent,group_chat_debate,22,run_2,financial_support_gap,unsupported_quantitative_context,finance_failure
finance_agent,group_chat_debate,23,run_0,financial_support_gap,unsupported_quantitative_context,finance_failure
finance_agent,group_chat_debate,23,run_1,financial_support_gap,unsupported_quantitative_context,finance_failure
finance_agent,group_chat_debate,23,run_2,data_interface_brittleness,unsupported_quantitative_context,finance_failure
finance_agent,group_chat_debate,24,run_0,financial_support_gap,unsupported_quantitative_context,finance_failure
finance_agent,group_chat_debate,24,run_1,data_interface_brittleness,unsupported_quantitative_context,finance_failure
finance_agent,group_chat_debate,24,run_2,financial_support_gap,unsupported_quantitative_context,finance_failure
finance_agent,group_chat_debate,25,run_0,financial_support_gap,unsupported_quantitative_context,finance_failure
finance_agent,group_chat_debate,25,run_1,financial_support_gap,unsupported_quantitative_context,finance_failure
finance_agent,group_chat_debate,25,run_2,financial_support_gap,unsupported_quantitative_context,finance_failure
finance_agent,group_chat_debate,26,run_0,data_interface_brittleness,unsupported_quantitative_context,finance_failure
finance_agent,group_chat_debate,26,run_1,data_interface_brittleness,unsupported_quantitative_context,finance_failure
finance_agent,group_chat_debate,26,run_2,data_interface_brittleness,unsupported_quantitative_context,finance_failure
finance_agent,group_chat_debate,27,run_0,financial_support_gap,unsupported_quantitative_context,finance_failure
finance_agent,group_chat_debate,27,run_1,financial_support_gap,unsupported_quantitative_context,finance_failure
finance_agent,group_chat_debate,27,run_2,financial_support_gap,unsupported_quantitative_context,finance_failure
finance_agent,group_chat_debate,28,run_0,data_interface_brittleness,unsupported_quantitative_context,finance_failure
finance_agent,group_chat_debate,28,run_1,financial_support_gap,unsupported_quantitative_context,finance_failure
finance_agent,group_chat_debate,28,run_2,financial_support_gap,unsupported_quantitative_context,finance_failure
finance_agent,group_chat_debate,29,run_0,financial_support_gap,unsupported_quantitative_context,finance_failure
finance_agent,group_chat_debate,29,run_1,financial_support_gap,unsupported_quantitative_context,finance_failure
finance_agent,group_chat_debate,29,run_2,financial_support_gap,unsupported_quantitative_context,finance_failure
finance_agent,group_chat_debate,3,run_0,financial_support_gap,unsupported_quantitative_context,finance_failure
finance_agent,group_chat_debate,3,run_1,financial_support_gap,unsupported_quantitative_context,finance_failure
finance_agent,group_chat_debate,3,run_2,financial_support_gap,unsupported_quantitative_context,finance_failure
finance_agent,group_chat_debate,4,run_0,financial_support_gap,unsupported_quantitative_context,finance_failure
finance_agent,group_chat_debate,4,run_1,financial_support_gap,unsupported_quantitative_context,finance_failure
finance_agent,group_chat_debate,4,run_2,financial_support_gap,unsupported_quantitative_context,finance_failure
finance_agent,group_chat_debate,5,run_0,financial_support_gap,unsupported_quantitative_context,finance_failure
finance_agent,group_chat_debate,5,run_1,data_interface_brittleness,unsupported_quantitative_context,finance_failure
finance_agent,group_chat_debate,5,run_2,data_interface_brittleness,unsupported_quantitative_context,finance_failure
finance_agent,group_chat_debate,6,run_0,financial_support_gap,unsupported_quantitative_context,finance_failure
finance_agent,group_chat_debate,6,run_1,data_interface_brittleness,unsupported_quantitative_context,finance_failure
finance_agent,group_chat_debate,6,run_2,data_interface_brittleness,unsupported_quantitative_context,finance_failure
finance_agent,group_chat_debate,7,run_0,data_interface_brittleness,unsupported_quantitative_context,finance_failure
finance_agent,group_chat_debate,7,run_1,financial_support_gap,unsupported_quantitative_context,finance_failure
finance_agent,group_chat_debate,7,run_2,financial_support_gap,unsupported_quantitative_context,finance_failure
finance_agent,group_chat_debate,9,run_0,data_interface_brittleness,unsupported_quantitative_context,finance_failure
finance_agent,group_chat_debate,9,run_1,data_interface_brittleness,unsupported_quantitative_context,finance_failure
finance_agent,group_chat_debate,9,run_2,financial_support_gap,unsupported_quantitative_context,finance_failure
finance_agent,only_voting,0,run_0,financial_support_gap,unsupported_quantitative_context,finance_failure
finance_agent,only_voting,0,run_1,financial_support_gap,unsupported_quantitative_context,finance_failure
finance_agent,only_voting,0,run_2,financial_support_gap,unsupported_quantitative_context,finance_failure
finance_agent,only_voting,1,run_0,financial_support_gap,unsupported_quantitative_context,finance_failure
finance_agent,only_voting,1,run_1,financial_support_gap,unsupported_quantitative_context,finance_failure
finance_agent,only_voting,1,run_2,data_interface_brittleness,unsupported_quantitative_context,finance_failure
finance_agent,only_voting,10,run_0,financial_support_gap,unsupported_quantitative_context,finance_failure
finance_agent,only_voting,10,run_1,financial_support_gap,unsupported_quantitative_context,finance_failure
finance_agent,only_voting,10,run_2,financial_support_gap,unsupported_quantitative_context,finance_failure
finance_agent,only_voting,11,run_0,financial_support_gap,unsupported_quantitative_context,finance_failure
finance_agent,only_voting,11,run_1,financial_support_gap,unsupported_quantitative_context,finance_failure
finance_agent,only_voting,11,run_2,data_interface_brittleness,unsupported_quantitative_context,finance_failure
finance_agent,only_voting,12,run_0,data_interface_brittleness,unsupported_quantitative_context,finance_failure
finance_agent,only_voting,12,run_1,financial_support_gap,unsupported_quantitative_context,finance_failure
finance_agent,only_voting,12,run_2,financial_support_gap,unsupported_quantitative_context,finance_failure
finance_agent,only_voting,13,run_0,data_interface_brittleness,unsupported_quantitative_context,finance_failure
finance_agent,only_voting,13,run_1,financial_support_gap,unsupported_quantitative_context,finance_failure
finance_agent,only_voting,13,run_2,data_interface_brittleness,unsupported_quantitative_context,finance_failure
finance_agent,only_voting,14,run_0,data_interface_brittleness,unsupported_quantitative_context,finance_failure
finance_agent,only_voting,14,run_1,data_interface_brittleness,unsupported_quantitative_context,finance_failure
finance_agent,only_voting,14,run_2,financial_support_gap,unsupported_quantitative_context,finance_failure
finance_agent,only_voting,15,run_0,data_interface_brittleness,unsupported_quantitative_context,finance_failure
finance_agent,only_voting,15,run_1,data_interface_brittleness,unsupported_quantitative_context,finance_failure
finance_agent,only_voting,15,run_2,data_interface_brittleness,unsupported_quantitative_context,finance_failure
finance_agent,only_voting,16,run_0,financial_support_gap,unsupported_quantitative_context,finance_failure
finance_agent,only_voting,16,run_1,financial_support_gap,unsupported_quantitative_context,finance_failure
finance_agent,only_voting,16,run_2,financial_support_gap,unsupported_quantitative_context,finance_failure
finance_agent,only_voting,17,run_0,financial_support_gap,unsupported_quantitative_context,finance_failure
finance_agent,only_voting,17,run_1,financial_support_gap,unsupported_quantitative_context,finance_failure
finance_agent,only_voting,17,run_2,data_interface_brittleness,unsupported_quantitative_context,finance_failure
finance_agent,only_voting,18,run_0,financial_support_gap,unsupported_quantitative_context,finance_failure
finance_agent,only_voting,18,run_1,data_interface_brittleness,unsupported_quantitative_context,finance_failure
finance_agent,only_voting,18,run_2,financial_support_gap,unsupported_quantitative_context,finance_failure
finance_agent,only_voting,19,run_0,data_interface_brittleness,unsupported_quantitative_context,finance_failure
finance_agent,only_voting,19,run_1,financial_support_gap,unsupported_quantitative_context,finance_failure
finance_agent,only_voting,19,run_2,financial_support_gap,unsupported_quantitative_context,finance_failure
finance_agent,only_voting,2,run_0,financial_support_gap,unsupported_quantitative_context,finance_failure
finance_agent,only_voting,2,run_1,financial_support_gap,unsupported_quantitative_context,finance_failure
finance_agent,only_voting,2,run_2,financial_support_gap,unsupported_quantitative_context,finance_failure
finance_agent,only_voting,21,run_0,financial_support_gap,unsupported_quantitative_context,finance_failure
finance_agent,only_voting,21,run_1,financial_support_gap,unsupported_quantitative_context,finance_failure
finance_agent,only_voting,21,run_2,financial_support_gap,unsupported_quantitative_context,finance_failure
finance_agent,only_voting,22,run_0,financial_support_gap,unsupported_quantitative_context,finance_failure
finance_agent,only_voting,22,run_1,financial_support_gap,unsupported_quantitative_context,finance_failure
finance_agent,only_voting,22,run_2,data_interface_brittleness,unsupported_quantitative_context,finance_failure
finance_agent,only_voting,23,run_0,financial_support_gap,unsupported_quantitative_context,finance_failure
finance_agent,only_voting,23,run_1,data_interface_brittleness,unsupported_quantitative_context,finance_failure
finance_agent,only_voting,23,run_2,financial_support_gap,unsupported_quantitative_context,finance_failure
finance_agent,only_voting,24,run_0,financial_support_gap,unsupported_quantitative_context,finance_failure
finance_agent,only_voting,24,run_1,data_interface_brittleness,unsupported_quantitative_context,finance_failure
finance_agent,only_voting,24,run_2,data_interface_brittleness,unsupported_quantitative_context,finance_failure
finance_agent,only_voting,25,run_0,financial_support_gap,unsupported_quantitative_context,finance_failure
finance_agent,only_voting,25,run_1,data_interface_brittleness,unsupported_quantitative_context,finance_failure
finance_agent,only_voting,25,run_2,financial_support_gap,unsupported_quantitative_context,finance_failure
finance_agent,only_voting,26,run_0,financial_support_gap,unsupported_quantitative_context,finance_failure
finance_agent,only_voting,26,run_1,data_interface_brittleness,unsupported_quantitative_context,finance_failure
finance_agent,only_voting,26,run_2,financial_support_gap,unsupported_quantitative_context,finance_failure
finance_agent,only_voting,27,run_0,data_interface_brittleness,unsupported_quantitative_context,finance_failure
finance_agent,only_voting,27,run_1,financial_support_gap,unsupported_quantitative_context,finance_failure
finance_agent,only_voting,27,run_2,data_interface_brittleness,unsupported_quantitative_context,finance_failure
finance_agent,only_voting,28,run_0,financial_support_gap,unsupported_quantitative_context,finance_failure
finance_agent,only_voting,28,run_1,data_interface_brittleness,unsupported_quantitative_context,finance_failure
finance_agent,only_voting,28,run_2,data_interface_brittleness,unsupported_quantitative_context,finance_failure
finance_agent,only_voting,29,run_0,financial_support_gap,unsupported_quantitative_context,finance_failure
finance_agent,only_voting,29,run_1,financial_support_gap,unsupported_quantitative_context,finance_failure
finance_agent,only_voting,29,run_2,data_interface_brittleness,unsupported_quantitative_context,finance_failure
finance_agent,only_voting,3,run_0,financial_support_gap,unsupported_quantitative_context,finance_failure
finance_agent,only_voting,3,run_1,financial_support_gap,unsupported_quantitative_context,finance_failure
finance_agent,only_voting,3,run_2,financial_support_gap,unsupported_quantitative_context,finance_failure
finance_agent,only_voting,4,run_0,data_interface_brittleness,unsupported_quantitative_context,finance_failure
finance_agent,only_voting,4,run_1,financial_support_gap,unsupported_quantitative_context,finance_failure
finance_agent,only_voting,4,run_2,financial_support_gap,unsupported_quantitative_context,finance_failure
finance_agent,only_voting,5,run_0,data_interface_brittleness,unsupported_quantitative_context,finance_failure
finance_agent,only_voting,5,run_1,financial_support_gap,unsupported_quantitative_context,finance_failure
finance_agent,only_voting,5,run_2,financial_support_gap,unsupported_quantitative_context,finance_failure
finance_agent,only_voting,6,run_0,financial_support_gap,unsupported_quantitative_context,finance_failure
finance_agent,only_voting,6,run_1,financial_support_gap,unsupported_quantitative_context,finance_failure
finance_agent,only_voting,6,run_2,financial_support_gap,unsupported_quantitative_context,finance_failure
finance_agent,only_voting,7,run_0,financial_support_gap,unsupported_quantitative_context,finance_failure
finance_agent,only_voting,7,run_1,financial_support_gap,unsupported_quantitative_context,finance_failure
finance_agent,only_voting,7,run_2,financial_support_gap,unsupported_quantitative_context,finance_failure
finance_agent,only_voting,8,run_2,financial_support_gap,unsupported_quantitative_context,finance_failure
finance_agent,only_voting,9,run_0,data_interface_brittleness,unsupported_quantitative_context,finance_failure
finance_agent,only_voting,9,run_1,financial_support_gap,unsupported_quantitative_context,finance_failure
finance_agent,only_voting,9,run_2,data_interface_brittleness,unsupported_quantitative_context,finance_failure
finance_agent,orchestrator_no_discussion,0,run_0,data_interface_brittleness,unsupported_quantitative_context,finance_failure
finance_agent,orchestrator_no_discussion,0,run_1,financial_support_gap,unsupported_quantitative_context,finance_failure
finance_agent,orchestrator_no_discussion,0,run_2,data_interface_brittleness,unsupported_quantitative_context,finance_failure
finance_agent,orchestrator_no_discussion,1,run_0,financial_support_gap,unsupported_quantitative_context,finance_failure
finance_agent,orchestrator_no_discussion,1,run_1,financial_support_gap,unsupported_quantitative_context,finance_failure
finance_agent,orchestrator_no_discussion,1,run_2,financial_support_gap,unsupported_quantitative_context,finance_failure
finance_agent,orchestrator_no_discussion,10,run_0,financial_support_gap,unsupported_quantitative_context,finance_failure
finance_agent,orchestrator_no_discussion,10,run_1,financial_support_gap,unsupported_quantitative_context,finance_failure
finance_agent,orchestrator_no_discussion,10,run_2,financial_support_gap,unsupported_quantitative_context,finance_failure
finance_agent,orchestrator_no_discussion,11,run_0,financial_support_gap,unsupported_quantitative_context,finance_failure
finance_agent,orchestrator_no_discussion,11,run_1,financial_support_gap,unsupported_quantitative_context,finance_failure
finance_agent,orchestrator_no_discussion,11,run_2,financial_support_gap,unsupported_quantitative_context,finance_failure
finance_agent,orchestrator_no_discussion,12,run_0,financial_support_gap,unsupported_quantitative_context,finance_failure
finance_agent,orchestrator_no_discussion,12,run_1,financial_support_gap,unsupported_quantitative_context,finance_failure
finance_agent,orchestrator_no_discussion,12,run_2,financial_support_gap,unsupported_quantitative_context,finance_failure
finance_agent,orchestrator_no_discussion,13,run_0,financial_support_gap,unsupported_quantitative_context,finance_failure
finance_agent,orchestrator_no_discussion,13,run_1,data_interface_brittleness,unsupported_quantitative_context,finance_failure
finance_agent,orchestrator_no_discussion,13,run_2,financial_support_gap,unsupported_quantitative_context,finance_failure
finance_agent,orchestrator_no_discussion,14,run_0,data_interface_brittleness,unsupported_quantitative_context,finance_failure
finance_agent,orchestrator_no_discussion,14,run_1,financial_support_gap,unsupported_quantitative_context,finance_failure
finance_agent,orchestrator_no_discussion,14,run_2,financial_support_gap,unsupported_quantitative_context,finance_failure
finance_agent,orchestrator_no_discussion,15,run_0,data_interface_brittleness,unsupported_quantitative_context,finance_failure
finance_agent,orchestrator_no_discussion,15,run_1,data_interface_brittleness,unsupported_quantitative_context,finance_failure
finance_agent,orchestrator_no_discussion,15,run_2,data_interface_brittleness,unsupported_quantitative_context,finance_failure
finance_agent,orchestrator_no_discussion,16,run_0,financial_support_gap,unsupported_quantitative_context,finance_failure
finance_agent,orchestrator_no_discussion,16,run_1,financial_support_gap,unsupported_quantitative_context,finance_failure
finance_agent,orchestrator_no_discussion,16,run_2,financial_support_gap,unsupported_quantitative_context,finance_failure
finance_agent,orchestrator_no_discussion,17,run_0,data_interface_brittleness,unsupported_quantitative_context,finance_failure
finance_agent,orchestrator_no_discussion,17,run_1,data_interface_brittleness,unsupported_quantitative_context,finance_failure
finance_agent,orchestrator_no_discussion,17,run_2,financial_support_gap,unsupported_quantitative_context,finance_failure
finance_agent,orchestrator_no_discussion,18,run_0,financial_support_gap,unsupported_quantitative_context,finance_failure
finance_agent,orchestrator_no_discussion,18,run_1,data_interface_brittleness,unsupported_quantitative_context,finance_failure
finance_agent,orchestrator_no_discussion,18,run_2,financial_support_gap,unsupported_quantitative_context,finance_failure
finance_agent,orchestrator_no_discussion,19,run_0,financial_support_gap,unsupported_quantitative_context,finance_failure
finance_agent,orchestrator_no_discussion,19,run_1,financial_support_gap,unsupported_quantitative_context,finance_failure
finance_agent,orchestrator_no_discussion,19,run_2,financial_support_gap,unsupported_quantitative_context,finance_failure
finance_agent,orchestrator_no_discussion,2,run_0,financial_support_gap,unsupported_quantitative_context,finance_failure
finance_agent,orchestrator_no_discussion,2,run_1,financial_support_gap,unsupported_quantitative_context,finance_failure
finance_agent,orchestrator_no_discussion,2,run_2,financial_support_gap,unsupported_quantitative_context,finance_failure
finance_agent,orchestrator_no_discussion,21,run_0,financial_support_gap,unsupported_quantitative_context,finance_failure
finance_agent,orchestrator_no_discussion,21,run_1,financial_support_gap,unsupported_quantitative_context,finance_failure
finance_agent,orchestrator_no_discussion,21,run_2,financial_support_gap,unsupported_quantitative_context,finance_failure
finance_agent,orchestrator_no_discussion,22,run_0,financial_support_gap,unsupported_quantitative_context,finance_failure
finance_agent,orchestrator_no_discussion,22,run_1,financial_support_gap,unsupported_quantitative_context,finance_failure
finance_agent,orchestrator_no_discussion,22,run_2,financial_support_gap,unsupported_quantitative_context,finance_failure
finance_agent,orchestrator_no_discussion,23,run_0,financial_support_gap,unsupported_quantitative_context,finance_failure
finance_agent,orchestrator_no_discussion,23,run_1,data_interface_brittleness,unsupported_quantitative_context,finance_failure
finance_agent,orchestrator_no_discussion,23,run_2,data_interface_brittleness,unsupported_quantitative_context,finance_failure
finance_agent,orchestrator_no_discussion,24,run_0,data_interface_brittleness,unsupported_quantitative_context,finance_failure
finance_agent,orchestrator_no_discussion,24,run_1,data_interface_brittleness,unsupported_quantitative_context,finance_failure
finance_agent,orchestrator_no_discussion,24,run_2,data_interface_brittleness,unsupported_quantitative_context,finance_failure
finance_agent,orchestrator_no_discussion,25,run_0,financial_support_gap,unsupported_quantitative_context,finance_failure
finance_agent,orchestrator_no_discussion,25,run_1,financial_support_gap,unsupported_quantitative_context,finance_failure
finance_agent,orchestrator_no_discussion,25,run_2,financial_support_gap,unsupported_quantitative_context,finance_failure
finance_agent,orchestrator_no_discussion,26,run_0,data_interface_brittleness,unsupported_quantitative_context,finance_failure
finance_agent,orchestrator_no_discussion,26,run_1,data_interface_brittleness,unsupported_quantitative_context,finance_failure
finance_agent,orchestrator_no_discussion,26,run_2,data_interface_brittleness,unsupported_quantitative_context,finance_failure
finance_agent,orchestrator_no_discussion,27,run_0,data_interface_brittleness,unsupported_quantitative_context,finance_failure
finance_agent,orchestrator_no_discussion,27,run_1,data_interface_brittleness,unsupported_quantitative_context,finance_failure
finance_agent,orchestrator_no_discussion,27,run_2,data_interface_brittleness,unsupported_quantitative_context,finance_failure
finance_agent,orchestrator_no_discussion,28,run_0,financial_support_gap,unsupported_quantitative_context,finance_failure
finance_agent,orchestrator_no_discussion,28,run_1,financial_support_gap,unsupported_quantitative_context,finance_failure
finance_agent,orchestrator_no_discussion,28,run_2,financial_support_gap,unsupported_quantitative_context,finance_failure
finance_agent,orchestrator_no_discussion,29,run_0,financial_support_gap,unsupported_quantitative_context,finance_failure
finance_agent,orchestrator_no_discussion,29,run_1,financial_support_gap,unsupported_quantitative_context,finance_failure
finance_agent,orchestrator_no_discussion,29,run_2,financial_support_gap,unsupported_quantitative_context,finance_failure
finance_agent,orchestrator_no_discussion,3,run_0,financial_support_gap,unsupported_quantitative_context,finance_failure
finance_agent,orchestrator_no_discussion,3,run_1,financial_support_gap,unsupported_quantitative_context,finance_failure
finance_agent,orchestrator_no_discussion,3,run_2,financial_support_gap,unsupported_quantitative_context,finance_failure
finance_agent,orchestrator_no_discussion,4,run_0,financial_support_gap,unsupported_quantitative_context,finance_failure
finance_agent,orchestrator_no_discussion,4,run_1,data_interface_brittleness,unsupported_quantitative_context,finance_failure
finance_agent,orchestrator_no_discussion,4,run_2,financial_support_gap,unsupported_quantitative_context,finance_failure
finance_agent,orchestrator_no_discussion,5,run_0,data_interface_brittleness,unsupported_quantitative_context,finance_failure
finance_agent,orchestrator_no_discussion,5,run_1,financial_support_gap,unsupported_quantitative_context,finance_failure
finance_agent,orchestrator_no_discussion,5,run_2,financial_support_gap,unsupported_quantitative_context,finance_failure
finance_agent,orchestrator_no_discussion,6,run_0,financial_support_gap,unsupported_quantitative_context,finance_failure
finance_agent,orchestrator_no_discussion,6,run_1,data_interface_brittleness,unsupported_quantitative_context,finance_failure
finance_agent,orchestrator_no_discussion,6,run_2,financial_support_gap,unsupported_quantitative_context,finance_failure
finance_agent,orchestrator_no_discussion,7,run_0,financial_support_gap,unsupported_quantitative_context,finance_failure
finance_agent,orchestrator_no_discussion,7,run_1,data_interface_brittleness,unsupported_quantitative_context,finance_failure
finance_agent,orchestrator_no_discussion,7,run_2,data_interface_brittleness,unsupported_quantitative_context,finance_failure
finance_agent,orchestrator_no_discussion,8,run_0,financial_support_gap,unsupported_quantitative_context,finance_failure
finance_agent,orchestrator_no_discussion,8,run_1,financial_support_gap,unsupported_quantitative_context,finance_failure
finance_agent,orchestrator_no_discussion,8,run_2,data_interface_brittleness,unsupported_quantitative_context,finance_failure
finance_agent,orchestrator_no_discussion,9,run_0,financial_support_gap,unsupported_quantitative_context,finance_failure
finance_agent,orchestrator_no_discussion,9,run_1,data_interface_brittleness,unsupported_quantitative_context,finance_failure
finance_agent,orchestrator_no_discussion,9,run_2,financial_support_gap,unsupported_quantitative_context,finance_failure
finance_agent,orchestrator_tree_structure,0,run_0,financial_support_gap,unsupported_quantitative_context,finance_failure
finance_agent,orchestrator_tree_structure,0,run_1,financial_support_gap,unsupported_quantitative_context,finance_failure
finance_agent,orchestrator_tree_structure,0,run_2,financial_support_gap,unsupported_quantitative_context,finance_failure
finance_agent,orchestrator_tree_structure,1,run_0,financial_support_gap,unsupported_quantitative_context,finance_failure
finance_agent,orchestrator_tree_structure,1,run_1,financial_support_gap,unsupported_quantitative_context,finance_failure
finance_agent,orchestrator_tree_structure,1,run_2,financial_support_gap,unsupported_quantitative_context,finance_failure
finance_agent,orchestrator_tree_structure,10,run_0,financial_support_gap,unsupported_quantitative_context,finance_failure
finance_agent,orchestrator_tree_structure,10,run_1,financial_support_gap,unsupported_quantitative_context,finance_failure
finance_agent,orchestrator_tree_structure,10,run_2,financial_support_gap,unsupported_quantitative_context,finance_failure
finance_agent,orchestrator_tree_structure,11,run_0,financial_support_gap,unsupported_quantitative_context,finance_failure
finance_agent,orchestrator_tree_structure,11,run_1,financial_support_gap,unsupported_quantitative_context,finance_failure
finance_agent,orchestrator_tree_structure,11,run_2,financial_support_gap,unsupported_quantitative_context,finance_failure
finance_agent,orchestrator_tree_structure,12,run_0,financial_support_gap,unsupported_quantitative_context,finance_failure
finance_agent,orchestrator_tree_structure,12,run_1,data_interface_brittleness,unsupported_quantitative_context,finance_failure
finance_agent,orchestrator_tree_structure,12,run_2,financial_support_gap,unsupported_quantitative_context,finance_failure
finance_agent,orchestrator_tree_structure,13,run_0,financial_support_gap,unsupported_quantitative_context,finance_failure
finance_agent,orchestrator_tree_structure,13,run_1,data_interface_brittleness,unsupported_quantitative_context,finance_failure
finance_agent,orchestrator_tree_structure,13,run_2,data_interface_brittleness,unsupported_quantitative_context,finance_failure
finance_agent,orchestrator_tree_structure,14,run_0,financial_support_gap,unsupported_quantitative_context,finance_failure
finance_agent,orchestrator_tree_structure,14,run_1,financial_support_gap,unsupported_quantitative_context,finance_failure
finance_agent,orchestrator_tree_structure,14,run_2,financial_support_gap,unsupported_quantitative_context,finance_failure
finance_agent,orchestrator_tree_structure,15,run_0,financial_support_gap,unsupported_quantitative_context,finance_failure
finance_agent,orchestrator_tree_structure,15,run_1,data_interface_brittleness,unsupported_quantitative_context,finance_failure
finance_agent,orchestrator_tree_structure,15,run_2,data_interface_brittleness,unsupported_quantitative_context,finance_failure
finance_agent,orchestrator_tree_structure,16,run_0,financial_support_gap,unsupported_quantitative_context,finance_failure
finance_agent,orchestrator_tree_structure,16,run_1,financial_support_gap,unsupported_quantitative_context,finance_failure
finance_agent,orchestrator_tree_structure,16,run_2,financial_support_gap,unsupported_quantitative_context,finance_failure
finance_agent,orchestrator_tree_structure,17,run_0,data_interface_brittleness,unsupported_quantitative_context,finance_failure
finance_agent,orchestrator_tree_structure,17,run_1,financial_support_gap,unsupported_quantitative_context,finance_failure
finance_agent,orchestrator_tree_structure,17,run_2,financial_support_gap,unsupported_quantitative_context,finance_failure
finance_agent,orchestrator_tree_structure,18,run_0,data_interface_brittleness,unsupported_quantitative_context,finance_failure
finance_agent,orchestrator_tree_structure,18,run_1,financial_support_gap,unsupported_quantitative_context,finance_failure
finance_agent,orchestrator_tree_structure,18,run_2,data_interface_brittleness,unsupported_quantitative_context,finance_failure
finance_agent,orchestrator_tree_structure,19,run_0,financial_support_gap,unsupported_quantitative_context,finance_failure
finance_agent,orchestrator_tree_structure,19,run_1,financial_support_gap,unsupported_quantitative_context,finance_failure
finance_agent,orchestrator_tree_structure,19,run_2,financial_support_gap,unsupported_quantitative_context,finance_failure
finance_agent,orchestrator_tree_structure,2,run_0,financial_support_gap,unsupported_quantitative_context,finance_failure
finance_agent,orchestrator_tree_structure,2,run_1,data_interface_brittleness,unsupported_quantitative_context,finance_failure
finance_agent,orchestrator_tree_structure,2,run_2,data_interface_brittleness,unsupported_quantitative_context,finance_failure
finance_agent,orchestrator_tree_structure,21,run_0,financial_support_gap,unsupported_quantitative_context,finance_failure
finance_agent,orchestrator_tree_structure,21,run_1,financial_support_gap,unsupported_quantitative_context,finance_failure
finance_agent,orchestrator_tree_structure,21,run_2,financial_support_gap,unsupported_quantitative_context,finance_failure
finance_agent,orchestrator_tree_structure,22,run_0,financial_support_gap,unsupported_quantitative_context,finance_failure
finance_agent,orchestrator_tree_structure,22,run_1,data_interface_brittleness,unsupported_quantitative_context,finance_failure
finance_agent,orchestrator_tree_structure,22,run_2,financial_support_gap,unsupported_quantitative_context,finance_failure
finance_agent,orchestrator_tree_structure,23,run_0,financial_support_gap,unsupported_quantitative_context,finance_failure
finance_agent,orchestrator_tree_structure,23,run_1,financial_support_gap,unsupported_quantitative_context,finance_failure
finance_agent,orchestrator_tree_structure,23,run_2,financial_support_gap,unsupported_quantitative_context,finance_failure
finance_agent,orchestrator_tree_structure,24,run_0,financial_support_gap,unsupported_quantitative_context,finance_failure
finance_agent,orchestrator_tree_structure,24,run_1,financial_support_gap,unsupported_quantitative_context,finance_failure
finance_agent,orchestrator_tree_structure,24,run_2,data_interface_brittleness,unsupported_quantitative_context,finance_failure
finance_agent,orchestrator_tree_structure,25,run_0,financial_support_gap,unsupported_quantitative_context,finance_failure
finance_agent,orchestrator_tree_structure,25,run_1,financial_support_gap,unsupported_quantitative_context,finance_failure
finance_agent,orchestrator_tree_structure,25,run_2,financial_support_gap,unsupported_quantitative_context,finance_failure
finance_agent,orchestrator_tree_structure,26,run_0,data_interface_brittleness,unsupported_quantitative_context,finance_failure
finance_agent,orchestrator_tree_structure,26,run_1,financial_support_gap,unsupported_quantitative_context,finance_failure
finance_agent,orchestrator_tree_structure,26,run_2,data_interface_brittleness,unsupported_quantitative_context,finance_failure
finance_agent,orchestrator_tree_structure,27,run_0,financial_support_gap,unsupported_quantitative_context,finance_failure
finance_agent,orchestrator_tree_structure,27,run_1,financial_support_gap,unsupported_quantitative_context,finance_failure
finance_agent,orchestrator_tree_structure,27,run_2,financial_support_gap,unsupported_quantitative_context,finance_failure
finance_agent,orchestrator_tree_structure,28,run_0,financial_support_gap,unsupported_quantitative_context,finance_failure
finance_agent,orchestrator_tree_structure,28,run_1,data_interface_brittleness,unsupported_quantitative_context,finance_failure
finance_agent,orchestrator_tree_structure,28,run_2,financial_support_gap,unsupported_quantitative_context,finance_failure
finance_agent,orchestrator_tree_structure,29,run_0,financial_support_gap,unsupported_quantitative_context,finance_failure
finance_agent,orchestrator_tree_structure,29,run_1,data_interface_brittleness,unsupported_quantitative_context,finance_failure
finance_agent,orchestrator_tree_structure,29,run_2,financial_support_gap,unsupported_quantitative_context,finance_failure
finance_agent,orchestrator_tree_structure,3,run_0,data_interface_brittleness,unsupported_quantitative_context,finance_failure
finance_agent,orchestrator_tree_structure,3,run_1,financial_support_gap,unsupported_quantitative_context,finance_failure
finance_agent,orchestrator_tree_structure,3,run_2,data_interface_brittleness,unsupported_quantitative_context,finance_failure
finance_agent,orchestrator_tree_structure,4,run_0,financial_support_gap,unsupported_quantitative_context,finance_failure
finance_agent,orchestrator_tree_structure,4,run_1,financial_support_gap,unsupported_quantitative_context,finance_failure
finance_agent,orchestrator_tree_structure,4,run_2,financial_support_gap,unsupported_quantitative_context,finance_failure
finance_agent,orchestrator_tree_structure,5,run_0,data_interface_brittleness,unsupported_quantitative_context,finance_failure
finance_agent,orchestrator_tree_structure,5,run_1,data_interface_brittleness,unsupported_quantitative_context,finance_failure
finance_agent,orchestrator_tree_structure,5,run_2,data_interface_brittleness,unsupported_quantitative_context,finance_failure
finance_agent,orchestrator_tree_structure,6,run_0,financial_support_gap,unsupported_quantitative_context,finance_failure
finance_agent,orchestrator_tree_structure,6,run_1,financial_support_gap,unsupported_quantitative_context,finance_failure
finance_agent,orchestrator_tree_structure,6,run_2,data_interface_brittleness,unsupported_quantitative_context,finance_failure
finance_agent,orchestrator_tree_structure,7,run_0,data_interface_brittleness,unsupported_quantitative_context,finance_failure
finance_agent,orchestrator_tree_structure,7,run_1,financial_support_gap,unsupported_quantitative_context,finance_failure
finance_agent,orchestrator_tree_structure,7,run_2,financial_support_gap,unsupported_quantitative_context,finance_failure
finance_agent,orchestrator_tree_structure,9,run_0,data_interface_brittleness,unsupported_quantitative_context,finance_failure
finance_agent,orchestrator_tree_structure,9,run_1,financial_support_gap,unsupported_quantitative_context,finance_failure
finance_agent,orchestrator_tree_structure,9,run_2,data_interface_brittleness,unsupported_quantitative_context,finance_failure
finance_agent,orchestrator_with_discussion,0,run_0,data_interface_brittleness,unsupported_quantitative_context,finance_failure
finance_agent,orchestrator_with_discussion,0,run_1,data_interface_brittleness,unsupported_quantitative_context,finance_failure
finance_agent,orchestrator_with_discussion,0,run_2,financial_support_gap,unsupported_quantitative_context,finance_failure
finance_agent,orchestrator_with_discussion,1,run_0,financial_support_gap,unsupported_quantitative_context,finance_failure
finance_agent,orchestrator_with_discussion,1,run_1,financial_support_gap,unsupported_quantitative_context,finance_failure
finance_agent,orchestrator_with_discussion,1,run_2,financial_support_gap,unsupported_quantitative_context,finance_failure
finance_agent,orchestrator_with_discussion,10,run_0,financial_support_gap,unsupported_quantitative_context,finance_failure
finance_agent,orchestrator_with_discussion,10,run_1,financial_support_gap,unsupported_quantitative_context,finance_failure
finance_agent,orchestrator_with_discussion,10,run_2,financial_support_gap,unsupported_quantitative_context,finance_failure
finance_agent,orchestrator_with_discussion,11,run_0,financial_support_gap,unsupported_quantitative_context,finance_failure
finance_agent,orchestrator_with_discussion,11,run_1,data_interface_brittleness,unsupported_quantitative_context,finance_failure
finance_agent,orchestrator_with_discussion,11,run_2,data_interface_brittleness,unsupported_quantitative_context,finance_failure
finance_agent,orchestrator_with_discussion,12,run_0,data_interface_brittleness,unsupported_quantitative_context,finance_failure
finance_agent,orchestrator_with_discussion,12,run_1,financial_support_gap,unsupported_quantitative_context,finance_failure
finance_agent,orchestrator_with_discussion,12,run_2,financial_support_gap,unsupported_quantitative_context,finance_failure
finance_agent,orchestrator_with_discussion,13,run_0,data_interface_brittleness,unsupported_quantitative_context,finance_failure
finance_agent,orchestrator_with_discussion,13,run_1,financial_support_gap,unsupported_quantitative_context,finance_failure
finance_agent,orchestrator_with_discussion,13,run_2,financial_support_gap,unsupported_quantitative_context,finance_failure
finance_agent,orchestrator_with_discussion,14,run_0,data_interface_brittleness,unsupported_quantitative_context,finance_failure
finance_agent,orchestrator_with_discussion,14,run_1,financial_support_gap,unsupported_quantitative_context,finance_failure
finance_agent,orchestrator_with_discussion,14,run_2,financial_support_gap,unsupported_quantitative_context,finance_failure
finance_agent,orchestrator_with_discussion,15,run_0,data_interface_brittleness,unsupported_quantitative_context,finance_failure
finance_agent,orchestrator_with_discussion,15,run_1,data_interface_brittleness,unsupported_quantitative_context,finance_failure
finance_agent,orchestrator_with_discussion,15,run_2,financial_support_gap,unsupported_quantitative_context,finance_failure
finance_agent,orchestrator_with_discussion,16,run_0,data_interface_brittleness,unsupported_quantitative_context,finance_failure
finance_agent,orchestrator_with_discussion,16,run_1,financial_support_gap,unsupported_quantitative_context,finance_failure
finance_agent,orchestrator_with_discussion,16,run_2,financial_support_gap,unsupported_quantitative_context,finance_failure
finance_agent,orchestrator_with_discussion,17,run_0,financial_support_gap,unsupported_quantitative_context,finance_failure
finance_agent,orchestrator_with_discussion,17,run_1,financial_support_gap,unsupported_quantitative_context,finance_failure
finance_agent,orchestrator_with_discussion,17,run_2,financial_support_gap,unsupported_quantitative_context,finance_failure
finance_agent,orchestrator_with_discussion,18,run_0,financial_support_gap,unsupported_quantitative_context,finance_failure
finance_agent,orchestrator_with_discussion,18,run_1,financial_support_gap,unsupported_quantitative_context,finance_failure
finance_agent,orchestrator_with_discussion,18,run_2,financial_support_gap,unsupported_quantitative_context,finance_failure
finance_agent,orchestrator_with_discussion,19,run_0,data_interface_brittleness,unsupported_quantitative_context,finance_failure
finance_agent,orchestrator_with_discussion,19,run_1,financial_support_gap,unsupported_quantitative_context,finance_failure
finance_agent,orchestrator_with_discussion,19,run_2,financial_support_gap,unsupported_quantitative_context,finance_failure
finance_agent,orchestrator_with_discussion,2,run_0,financial_support_gap,unsupported_quantitative_context,finance_failure
finance_agent,orchestrator_with_discussion,2,run_1,financial_support_gap,unsupported_quantitative_context,finance_failure
finance_agent,orchestrator_with_discussion,2,run_2,financial_support_gap,unsupported_quantitative_context,finance_failure
finance_agent,orchestrator_with_discussion,21,run_0,financial_support_gap,unsupported_quantitative_context,finance_failure
finance_agent,orchestrator_with_discussion,21,run_1,financial_support_gap,unsupported_quantitative_context,finance_failure
finance_agent,orchestrator_with_discussion,21,run_2,financial_support_gap,unsupported_quantitative_context,finance_failure
finance_agent,orchestrator_with_discussion,22,run_0,financial_support_gap,unsupported_quantitative_context,finance_failure
finance_agent,orchestrator_with_discussion,22,run_1,financial_support_gap,unsupported_quantitative_context,finance_failure
finance_agent,orchestrator_with_discussion,22,run_2,data_interface_brittleness,unsupported_quantitative_context,finance_failure
finance_agent,orchestrator_with_discussion,23,run_0,financial_support_gap,unsupported_quantitative_context,finance_failure
finance_agent,orchestrator_with_discussion,23,run_1,financial_support_gap,unsupported_quantitative_context,finance_failure
finance_agent,orchestrator_with_discussion,23,run_2,financial_support_gap,unsupported_quantitative_context,finance_failure
finance_agent,orchestrator_with_discussion,24,run_0,data_interface_brittleness,unsupported_quantitative_context,finance_failure
finance_agent,orchestrator_with_discussion,24,run_1,financial_support_gap,unsupported_quantitative_context,finance_failure
finance_agent,orchestrator_with_discussion,24,run_2,data_interface_brittleness,unsupported_quantitative_context,finance_failure
finance_agent,orchestrator_with_discussion,25,run_0,financial_support_gap,unsupported_quantitative_context,finance_failure
finance_agent,orchestrator_with_discussion,25,run_1,financial_support_gap,unsupported_quantitative_context,finance_failure
finance_agent,orchestrator_with_discussion,25,run_2,financial_support_gap,unsupported_quantitative_context,finance_failure
finance_agent,orchestrator_with_discussion,26,run_0,financial_support_gap,unsupported_quantitative_context,finance_failure
finance_agent,orchestrator_with_discussion,26,run_1,data_interface_brittleness,unsupported_quantitative_context,finance_failure
finance_agent,orchestrator_with_discussion,26,run_2,data_interface_brittleness,unsupported_quantitative_context,finance_failure
finance_agent,orchestrator_with_discussion,27,run_0,financial_support_gap,unsupported_quantitative_context,finance_failure
finance_agent,orchestrator_with_discussion,27,run_1,financial_support_gap,unsupported_quantitative_context,finance_failure
finance_agent,orchestrator_with_discussion,27,run_2,financial_support_gap,unsupported_quantitative_context,finance_failure
finance_agent,orchestrator_with_discussion,28,run_0,data_interface_brittleness,unsupported_quantitative_context,finance_failure
finance_agent,orchestrator_with_discussion,28,run_1,data_interface_brittleness,unsupported_quantitative_context,finance_failure
finance_agent,orchestrator_with_discussion,28,run_2,financial_support_gap,unsupported_quantitative_context,finance_failure
finance_agent,orchestrator_with_discussion,29,run_0,financial_support_gap,unsupported_quantitative_context,finance_failure
finance_agent,orchestrator_with_discussion,29,run_1,financial_support_gap,unsupported_quantitative_context,finance_failure
finance_agent,orchestrator_with_discussion,29,run_2,financial_support_gap,unsupported_quantitative_context,finance_failure
finance_agent,orchestrator_with_discussion,3,run_0,financial_support_gap,unsupported_quantitative_context,finance_failure
finance_agent,orchestrator_with_discussion,3,run_1,financial_support_gap,unsupported_quantitative_context,finance_failure
finance_agent,orchestrator_with_discussion,3,run_2,financial_support_gap,unsupported_quantitative_context,finance_failure
finance_agent,orchestrator_with_discussion,4,run_0,financial_support_gap,unsupported_quantitative_context,finance_failure
finance_agent,orchestrator_with_discussion,4,run_1,financial_support_gap,unsupported_quantitative_context,finance_failure
finance_agent,orchestrator_with_discussion,4,run_2,financial_support_gap,unsupported_quantitative_context,finance_failure
finance_agent,orchestrator_with_discussion,5,run_0,financial_support_gap,unsupported_quantitative_context,finance_failure
finance_agent,orchestrator_with_discussion,5,run_1,data_interface_brittleness,unsupported_quantitative_context,finance_failure
finance_agent,orchestrator_with_discussion,5,run_2,financial_support_gap,unsupported_quantitative_context,finance_failure
finance_agent,orchestrator_with_discussion,6,run_0,financial_support_gap,unsupported_quantitative_context,finance_failure
finance_agent,orchestrator_with_discussion,6,run_1,financial_support_gap,unsupported_quantitative_context,finance_failure
finance_agent,orchestrator_with_discussion,6,run_2,financial_support_gap,unsupported_quantitative_context,finance_failure
finance_agent,orchestrator_with_discussion,7,run_0,financial_support_gap,unsupported_quantitative_context,finance_failure
finance_agent,orchestrator_with_discussion,7,run_1,financial_support_gap,unsupported_quantitative_context,finance_failure
finance_agent,orchestrator_with_discussion,7,run_2,financial_support_gap,unsupported_quantitative_context,finance_failure
finance_agent,orchestrator_with_discussion,8,run_2,financial_support_gap,unsupported_quantitative_context,finance_failure
finance_agent,orchestrator_with_discussion,9,run_0,data_interface_brittleness,unsupported_quantitative_context,finance_failure
finance_agent,orchestrator_with_discussion,9,run_1,financial_support_gap,unsupported_quantitative_context,finance_failure
finance_agent,orchestrator_with_discussion,9,run_2,financial_support_gap,unsupported_quantitative_context,finance_failure
finance_agent,sas,0,run_0,financial_support_gap,unsupported_quantitative_context,finance_failure
finance_agent,sas,0,run_1,financial_support_gap,unsupported_quantitative_context,finance_failure
finance_agent,sas,0,run_2,financial_support_gap,unsupported_quantitative_context,finance_failure
finance_agent,sas,1,run_0,financial_support_gap,unsupported_quantitative_context,finance_failure
finance_agent,sas,1,run_1,financial_support_gap,unsupported_quantitative_context,finance_failure
finance_agent,sas,1,run_2,financial_support_gap,unsupported_quantitative_context,finance_failure
finance_agent,sas,10,run_0,financial_support_gap,unsupported_quantitative_context,finance_failure
finance_agent,sas,10,run_1,data_interface_brittleness,unsupported_quantitative_context,finance_failure
finance_agent,sas,10,run_2,financial_support_gap,unsupported_quantitative_context,finance_failure
finance_agent,sas,11,run_0,data_interface_brittleness,unsupported_quantitative_context,finance_failure
finance_agent,sas,11,run_1,financial_support_gap,unsupported_quantitative_context,finance_failure
finance_agent,sas,11,run_2,financial_support_gap,unsupported_quantitative_context,finance_failure
finance_agent,sas,12,run_0,financial_support_gap,unsupported_quantitative_context,finance_failure
finance_agent,sas,12,run_1,data_interface_brittleness,unsupported_quantitative_context,finance_failure
finance_agent,sas,12,run_2,financial_support_gap,unsupported_quantitative_context,finance_failure
finance_agent,sas,13,run_0,data_interface_brittleness,unsupported_quantitative_context,finance_failure
finance_agent,sas,13,run_1,financial_support_gap,unsupported_quantitative_context,finance_failure
finance_agent,sas,13,run_2,financial_support_gap,unsupported_quantitative_context,finance_failure
finance_agent,sas,14,run_0,financial_support_gap,unsupported_quantitative_context,finance_failure
finance_agent,sas,14,run_1,data_interface_brittleness,unsupported_quantitative_context,finance_failure
finance_agent,sas,14,run_2,financial_support_gap,unsupported_quantitative_context,finance_failure
finance_agent,sas,15,run_0,data_interface_brittleness,unsupported_quantitative_context,finance_failure
finance_agent,sas,15,run_1,financial_support_gap,unsupported_quantitative_context,finance_failure
finance_agent,sas,15,run_2,data_interface_brittleness,unsupported_quantitative_context,finance_failure
finance_agent,sas,16,run_0,data_interface_brittleness,unsupported_quantitative_context,finance_failure
finance_agent,sas,16,run_1,financial_support_gap,unsupported_quantitative_context,finance_failure
finance_agent,sas,16,run_2,financial_support_gap,unsupported_quantitative_context,finance_failure
finance_agent,sas,17,run_0,data_interface_brittleness,unsupported_quantitative_context,finance_failure
finance_agent,sas,17,run_1,data_interface_brittleness,unsupported_quantitative_context,finance_failure
finance_agent,sas,17,run_2,data_interface_brittleness,unsupported_quantitative_context,finance_failure
finance_agent,sas,18,run_0,financial_support_gap,unsupported_quantitative_context,finance_failure
finance_agent,sas,18,run_1,financial_support_gap,unsupported_quantitative_context,finance_failure
finance_agent,sas,18,run_2,financial_support_gap,unsupported_quantitative_context,finance_failure
finance_agent,sas,19,run_0,financial_support_gap,unsupported_quantitative_context,finance_failure
finance_agent,sas,19,run_1,data_interface_brittleness,unsupported_quantitative_context,finance_failure
finance_agent,sas,19,run_2,data_interface_brittleness,unsupported_quantitative_context,finance_failure
finance_agent,sas,2,run_0,financial_support_gap,unsupported_quantitative_context,finance_failure
finance_agent,sas,2,run_1,data_interface_brittleness,unsupported_quantitative_context,finance_failure
finance_agent,sas,2,run_2,financial_support_gap,unsupported_quantitative_context,finance_failure
finance_agent,sas,20,run_0,data_interface_brittleness,unsupported_quantitative_context,finance_failure
finance_agent,sas,21,run_0,financial_support_gap,unsupported_quantitative_context,finance_failure
finance_agent,sas,21,run_1,financial_support_gap,unsupported_quantitative_context,finance_failure
finance_agent,sas,21,run_2,financial_support_gap,unsupported_quantitative_context,finance_failure
finance_agent,sas,22,run_0,financial_support_gap,unsupported_quantitative_context,finance_failure
finance_agent,sas,22,run_1,data_interface_brittleness,unsupported_quantitative_context,finance_failure
finance_agent,sas,22,run_2,data_interface_brittleness,unsupported_quantitative_context,finance_failure
finance_agent,sas,23,run_0,financial_support_gap,unsupported_quantitative_context,finance_failure
finance_agent,sas,23,run_1,financial_support_gap,unsupported_quantitative_context,finance_failure
finance_agent,sas,23,run_2,financial_support_gap,unsupported_quantitative_context,finance_failure
finance_agent,sas,24,run_0,data_interface_brittleness,unsupported_quantitative_context,finance_failure
finance_agent,sas,24,run_1,financial_support_gap,unsupported_quantitative_context,finance_failure
finance_agent,sas,24,run_2,data_interface_brittleness,unsupported_quantitative_context,finance_failure
finance_agent,sas,25,run_0,data_interface_brittleness,unsupported_quantitative_context,finance_failure
finance_agent,sas,25,run_1,financial_support_gap,unsupported_quantitative_context,finance_failure
finance_agent,sas,25,run_2,financial_support_gap,unsupported_quantitative_context,finance_failure
finance_agent,sas,26,run_0,data_interface_brittleness,unsupported_quantitative_context,finance_failure
finance_agent,sas,26,run_1,data_interface_brittleness,unsupported_quantitative_context,finance_failure
finance_agent,sas,26,run_2,financial_support_gap,unsupported_quantitative_context,finance_failure
finance_agent,sas,27,run_0,financial_support_gap,unsupported_quantitative_context,finance_failure
finance_agent,sas,27,run_1,financial_support_gap,unsupported_quantitative_context,finance_failure
finance_agent,sas,27,run_2,data_interface_brittleness,unsupported_quantitative_context,finance_failure
finance_agent,sas,28,run_0,financial_support_gap,unsupported_quantitative_context,finance_failure
finance_agent,sas,28,run_1,data_interface_brittleness,unsupported_quantitative_context,finance_failure
finance_agent,sas,28,run_2,financial_support_gap,unsupported_quantitative_context,finance_failure
finance_agent,sas,29,run_0,data_interface_brittleness,unsupported_quantitative_context,finance_failure
finance_agent,sas,29,run_1,financial_support_gap,unsupported_quantitative_context,finance_failure
finance_agent,sas,29,run_2,data_interface_brittleness,unsupported_quantitative_context,finance_failure
finance_agent,sas,3,run_0,data_interface_brittleness,unsupported_quantitative_context,finance_failure
finance_agent,sas,3,run_1,financial_support_gap,unsupported_quantitative_context,finance_failure
finance_agent,sas,3,run_2,financial_support_gap,unsupported_quantitative_context,finance_failure
finance_agent,sas,4,run_0,financial_support_gap,unsupported_quantitative_context,finance_failure
finance_agent,sas,4,run_1,data_interface_brittleness,unsupported_quantitative_context,finance_failure
finance_agent,sas,4,run_2,financial_support_gap,unsupported_quantitative_context,finance_failure
finance_agent,sas,5,run_0,data_interface_brittleness,unsupported_quantitative_context,finance_failure
finance_agent,sas,5,run_1,financial_support_gap,unsupported_quantitative_context,finance_failure
finance_agent,sas,5,run_2,data_interface_brittleness,unsupported_quantitative_context,finance_failure
finance_agent,sas,6,run_0,financial_support_gap,unsupported_quantitative_context,finance_failure
finance_agent,sas,6,run_1,financial_support_gap,unsupported_quantitative_context,finance_failure
finance_agent,sas,6,run_2,financial_support_gap,unsupported_quantitative_context,finance_failure
finance_agent,sas,7,run_0,data_interface_brittleness,unsupported_quantitative_context,finance_failure
finance_agent,sas,7,run_1,financial_support_gap,unsupported_quantitative_context,finance_failure
finance_agent,sas,7,run_2,financial_support_gap,unsupported_quantitative_context,finance_failure
finance_agent,sas,8,run_0,data_interface_brittleness,unsupported_quantitative_context,finance_failure
finance_agent,sas,9,run_0,financial_support_gap,unsupported_quantitative_context,finance_failure
finance_agent,sas,9,run_1,financial_support_gap,unsupported_quantitative_context,finance_failure
finance_agent,sas,9,run_2,financial_support_gap,unsupported_quantitative_context,finance_failure
plancraft,fully_linked_debate,VAL0001,run_0,premature_impossibility,invalid_terminal_state,planning_failure
plancraft,fully_linked_debate,VAL0001,run_2,premature_impossibility,invalid_terminal_state,planning_failure
plancraft,fully_linked_debate,VAL0015,run_0,premature_impossibility,invalid_terminal_state,planning_failure
plancraft,fully_linked_debate,VAL0015,run_1,premature_impossibility,invalid_terminal_state,planning_failure
plancraft,fully_linked_debate,VAL0049,run_0,premature_impossibility,invalid_terminal_state,planning_failure
plancraft,fully_linked_debate,VAL0049,run_2,premature_impossibility,invalid_terminal_state,planning_failure
plancraft,fully_linked_debate,VAL0051,run_0,premature_impossibility,invalid_terminal_state,planning_failure
plancraft,fully_linked_debate,VAL0051,run_1,premature_impossibility,invalid_terminal_state,planning_failure
plancraft,fully_linked_debate,VAL0051,run_2,premature_impossibility,invalid_terminal_state,planning_failure
plancraft,fully_linked_debate,VAL0103,run_1,premature_impossibility,invalid_terminal_state,planning_failure
plancraft,fully_linked_debate,VAL0103,run_2,premature_impossibility,invalid_terminal_state,planning_failure
plancraft,fully_linked_debate,VAL0132,run_0,premature_impossibility,invalid_terminal_state,planning_failure
plancraft,fully_linked_debate,VAL0132,run_2,premature_impossibility,invalid_terminal_state,planning_failure
plancraft,fully_linked_debate,VAL0143,run_1,premature_impossibility,invalid_terminal_state,planning_failure
plancraft,fully_linked_debate,VAL0143,run_2,premature_impossibility,invalid_terminal_state,planning_failure
plancraft,fully_linked_debate,VAL0146,run_0,premature_impossibility,invalid_terminal_state,planning_failure
plancraft,fully_linked_debate,VAL0146,run_1,premature_impossibility,invalid_terminal_state,planning_failure
plancraft,fully_linked_debate,VAL0146,run_2,premature_impossibility,invalid_terminal_state,planning_failure
plancraft,fully_linked_debate,VAL0155,run_1,premature_impossibility,invalid_terminal_state,planning_failure
plancraft,fully_linked_debate,VAL0155,run_2,premature_impossibility,invalid_terminal_state,planning_failure
plancraft,fully_linked_debate,VAL0163,run_2,premature_impossibility,invalid_terminal_state,planning_failure
plancraft,fully_linked_debate,VAL0168,run_1,premature_impossibility,invalid_terminal_state,planning_failure
plancraft,fully_linked_debate,VAL0168,run_2,premature_impossibility,invalid_terminal_state,planning_failure
plancraft,fully_linked_debate,VAL0187,run_0,premature_impossibility,invalid_terminal_state,planning_failure
plancraft,fully_linked_debate,VAL0187,run_1,premature_impossibility,invalid_terminal_state,planning_failure
plancraft,fully_linked_debate,VAL0187,run_2,premature_impossibility,invalid_terminal_state,planning_failure
plancraft,fully_linked_debate,VAL0211,run_0,premature_impossibility,invalid_terminal_state,planning_failure
plancraft,fully_linked_debate,VAL0211,run_1,premature_impossibility,invalid_terminal_state,planning_failure
plancraft,fully_linked_debate,VAL0211,run_2,premature_impossibility,invalid_terminal_state,planning_failure
plancraft,fully_linked_debate,VAL0214,run_0,premature_impossibility,invalid_terminal_state,planning_failure
plancraft,fully_linked_debate,VAL0214,run_1,premature_impossibility,invalid_terminal_state,planning_failure
plancraft,fully_linked_debate,VAL0214,run_2,premature_impossibility,invalid_terminal_state,planning_failure
plancraft,fully_linked_debate,VAL0229,run_0,premature_impossibility,invalid_terminal_state,planning_failure
plancraft,fully_linked_debate,VAL0229,run_1,premature_impossibility,invalid_terminal_state,planning_failure
plancraft,fully_linked_debate,VAL0239,run_1,premature_impossibility,invalid_terminal_state,planning_failure
plancraft,fully_linked_debate,VAL0239,run_2,premature_impossibility,invalid_terminal_state,planning_failure
plancraft,fully_linked_debate,VAL0338,run_0,premature_impossibility,invalid_terminal_state,planning_failure
plancraft,fully_linked_debate,VAL0338,run_1,premature_impossibility,invalid_terminal_state,planning_failure
plancraft,fully_linked_debate,VAL0338,run_2,premature_impossibility,invalid_terminal_state,planning_failure
plancraft,fully_linked_debate,VAL0346,run_0,premature_impossibility,invalid_terminal_state,planning_failure
plancraft,fully_linked_debate,VAL0346,run_1,premature_impossibility,invalid_terminal_state,planning_failure
plancraft,fully_linked_debate,VAL0346,run_2,premature_impossibility,invalid_terminal_state,planning_failure
plancraft,fully_linked_debate,VAL0418,run_0,premature_impossibility,invalid_terminal_state,planning_failure
plancraft,fully_linked_debate,VAL0418,run_1,premature_impossibility,invalid_terminal_state,planning_failure
plancraft,fully_linked_debate,VAL0451,run_1,premature_impossibility,invalid_terminal_state,planning_failure
plancraft,fully_linked_debate,VAL0461,run_0,premature_impossibility,invalid_terminal_state,planning_failure
plancraft,fully_linked_debate,VAL0461,run_1,premature_impossibility,invalid_terminal_state,planning_failure
plancraft,fully_linked_debate,VAL0461,run_2,premature_impossibility,invalid_terminal_state,planning_failure
plancraft,fully_linked_debate,VAL0485,run_0,premature_impossibility,invalid_terminal_state,planning_failure
plancraft,fully_linked_debate,VAL0485,run_1,premature_impossibility,invalid_terminal_state,planning_failure
plancraft,fully_linked_debate,VAL0485,run_2,premature_impossibility,invalid_terminal_state,planning_failure
plancraft,fully_linked_debate,VAL0532,run_0,premature_impossibility,invalid_terminal_state,planning_failure
plancraft,fully_linked_debate,VAL0532,run_1,premature_impossibility,invalid_terminal_state,planning_failure
plancraft,fully_linked_debate,VAL0532,run_2,premature_impossibility,invalid_terminal_state,planning_failure
plancraft,fully_linked_debate,VAL0596,run_0,premature_impossibility,invalid_terminal_state,planning_failure
plancraft,fully_linked_debate,VAL0596,run_1,premature_impossibility,invalid_terminal_state,planning_failure
plancraft,fully_linked_debate,VAL0596,run_2,premature_impossibility,invalid_terminal_state,planning_failure
plancraft,group_chat_debate,VAL0001,run_0,premature_impossibility,invalid_terminal_state,planning_failure
plancraft,group_chat_debate,VAL0001,run_2,premature_impossibility,invalid_terminal_state,planning_failure
plancraft,group_chat_debate,VAL0015,run_0,premature_impossibility,invalid_terminal_state,planning_failure
plancraft,group_chat_debate,VAL0015,run_1,premature_impossibility,invalid_terminal_state,planning_failure
plancraft,group_chat_debate,VAL0015,run_2,premature_impossibility,invalid_terminal_state,planning_failure
plancraft,group_chat_debate,VAL0049,run_0,premature_impossibility,invalid_terminal_state,planning_failure
plancraft,group_chat_debate,VAL0049,run_1,premature_impossibility,invalid_terminal_state,planning_failure
plancraft,group_chat_debate,VAL0049,run_2,premature_impossibility,invalid_terminal_state,planning_failure
plancraft,group_chat_debate,VAL0051,run_0,premature_impossibility,invalid_terminal_state,planning_failure
plancraft,group_chat_debate,VAL0051,run_1,premature_impossibility,invalid_terminal_state,planning_failure
plancraft,group_chat_debate,VAL0051,run_2,premature_impossibility,invalid_terminal_state,planning_failure
plancraft,group_chat_debate,VAL0095,run_1,premature_impossibility,invalid_terminal_state,planning_failure
plancraft,group_chat_debate,VAL0103,run_1,premature_impossibility,invalid_terminal_state,planning_failure
plancraft,group_chat_debate,VAL0103,run_2,premature_impossibility,invalid_terminal_state,planning_failure
plancraft,group_chat_debate,VAL0132,run_0,premature_impossibility,invalid_terminal_state,planning_failure
plancraft,group_chat_debate,VAL0132,run_1,premature_impossibility,invalid_terminal_state,planning_failure
plancraft,group_chat_debate,VAL0143,run_0,premature_impossibility,invalid_terminal_state,planning_failure
plancraft,group_chat_debate,VAL0143,run_1,premature_impossibility,invalid_terminal_state,planning_failure
plancraft,group_chat_debate,VAL0143,run_2,premature_impossibility,invalid_terminal_state,planning_failure
plancraft,group_chat_debate,VAL0146,run_0,premature_impossibility,invalid_terminal_state,planning_failure
plancraft,group_chat_debate,VAL0146,run_1,premature_impossibility,invalid_terminal_state,planning_failure
plancraft,group_chat_debate,VAL0146,run_2,premature_impossibility,invalid_terminal_state,planning_failure
plancraft,group_chat_debate,VAL0155,run_0,premature_impossibility,invalid_terminal_state,planning_failure
plancraft,group_chat_debate,VAL0155,run_1,premature_impossibility,invalid_terminal_state,planning_failure
plancraft,group_chat_debate,VAL0155,run_2,premature_impossibility,invalid_terminal_state,planning_failure
plancraft,group_chat_debate,VAL0168,run_1,premature_impossibility,invalid_terminal_state,planning_failure
plancraft,group_chat_debate,VAL0168,run_2,premature_impossibility,invalid_terminal_state,planning_failure
plancraft,group_chat_debate,VAL0187,run_0,premature_impossibility,invalid_terminal_state,planning_failure
plancraft,group_chat_debate,VAL0187,run_1,premature_impossibility,invalid_terminal_state,planning_failure
plancraft,group_chat_debate,VAL0187,run_2,premature_impossibility,invalid_terminal_state,planning_failure
plancraft,group_chat_debate,VAL0211,run_0,premature_impossibility,invalid_terminal_state,planning_failure
plancraft,group_chat_debate,VAL0211,run_1,premature_impossibility,invalid_terminal_state,planning_failure
plancraft,group_chat_debate,VAL0211,run_2,premature_impossibility,invalid_terminal_state,planning_failure
plancraft,group_chat_debate,VAL0214,run_0,premature_impossibility,invalid_terminal_state,planning_failure
plancraft,group_chat_debate,VAL0214,run_1,premature_impossibility,invalid_terminal_state,planning_failure
plancraft,group_chat_debate,VAL0214,run_2,premature_impossibility,invalid_terminal_state,planning_failure
plancraft,group_chat_debate,VAL0229,run_0,premature_impossibility,invalid_terminal_state,planning_failure
plancraft,group_chat_debate,VAL0229,run_1,premature_impossibility,invalid_terminal_state,planning_failure
plancraft,group_chat_debate,VAL0239,run_0,premature_impossibility,invalid_terminal_state,planning_failure
plancraft,group_chat_debate,VAL0239,run_1,premature_impossibility,invalid_terminal_state,planning_failure
plancraft,group_chat_debate,VAL0239,run_2,premature_impossibility,invalid_terminal_state,planning_failure
plancraft,group_chat_debate,VAL0274,run_0,premature_impossibility,invalid_terminal_state,planning_failure
plancraft,group_chat_debate,VAL0274,run_1,premature_impossibility,invalid_terminal_state,planning_failure
plancraft,group_chat_debate,VAL0274,run_2,premature_impossibility,invalid_terminal_state,planning_failure
plancraft,group_chat_debate,VAL0338,run_0,premature_impossibility,invalid_terminal_state,planning_failure
plancraft,group_chat_debate,VAL0338,run_1,premature_impossibility,invalid_terminal_state,planning_failure
plancraft,group_chat_debate,VAL0338,run_2,premature_impossibility,invalid_terminal_state,planning_failure
plancraft,group_chat_debate,VAL0346,run_0,premature_impossibility,invalid_terminal_state,planning_failure
plancraft,group_chat_debate,VAL0346,run_1,premature_impossibility,invalid_terminal_state,planning_failure
plancraft,group_chat_debate,VAL0346,run_2,premature_impossibility,invalid_terminal_state,planning_failure
plancraft,group_chat_debate,VAL0403,run_0,premature_impossibility,invalid_terminal_state,planning_failure
plancraft,group_chat_debate,VAL0403,run_2,premature_impossibility,invalid_terminal_state,planning_failure
plancraft,group_chat_debate,VAL0418,run_1,premature_impossibility,invalid_terminal_state,planning_failure
plancraft,group_chat_debate,VAL0418,run_2,premature_impossibility,invalid_terminal_state,planning_failure
plancraft,group_chat_debate,VAL0448,run_0,premature_impossibility,invalid_terminal_state,planning_failure
plancraft,group_chat_debate,VAL0451,run_0,premature_impossibility,invalid_terminal_state,planning_failure
plancraft,group_chat_debate,VAL0451,run_2,premature_impossibility,invalid_terminal_state,planning_failure
plancraft,group_chat_debate,VAL0461,run_0,premature_impossibility,invalid_terminal_state,planning_failure
plancraft,group_chat_debate,VAL0461,run_1,premature_impossibility,invalid_terminal_state,planning_failure
plancraft,group_chat_debate,VAL0461,run_2,premature_impossibility,invalid_terminal_state,planning_failure
plancraft,group_chat_debate,VAL0485,run_0,premature_impossibility,invalid_terminal_state,planning_failure
plancraft,group_chat_debate,VAL0485,run_1,premature_impossibility,invalid_terminal_state,planning_failure
plancraft,group_chat_debate,VAL0485,run_2,premature_impossibility,invalid_terminal_state,planning_failure
plancraft,group_chat_debate,VAL0491,run_0,premature_impossibility,invalid_terminal_state,planning_failure
plancraft,group_chat_debate,VAL0532,run_0,premature_impossibility,invalid_terminal_state,planning_failure
plancraft,group_chat_debate,VAL0532,run_1,premature_impossibility,invalid_terminal_state,planning_failure
plancraft,group_chat_debate,VAL0532,run_2,premature_impossibility,invalid_terminal_state,planning_failure
plancraft,group_chat_debate,VAL0596,run_0,premature_impossibility,invalid_terminal_state,planning_failure
plancraft,group_chat_debate,VAL0596,run_1,premature_impossibility,invalid_terminal_state,planning_failure
plancraft,group_chat_debate,VAL0596,run_2,premature_impossibility,invalid_terminal_state,planning_failure
plancraft,only_voting,VAL0001,run_1,premature_impossibility,invalid_terminal_state,planning_failure
plancraft,only_voting,VAL0001,run_2,premature_impossibility,invalid_terminal_state,planning_failure
plancraft,only_voting,VAL0049,run_0,premature_impossibility,invalid_terminal_state,planning_failure
plancraft,only_voting,VAL0049,run_1,premature_impossibility,invalid_terminal_state,planning_failure
plancraft,only_voting,VAL0049,run_2,premature_impossibility,invalid_terminal_state,planning_failure
plancraft,only_voting,VAL0051,run_0,premature_impossibility,invalid_terminal_state,planning_failure
plancraft,only_voting,VAL0051,run_1,premature_impossibility,invalid_terminal_state,planning_failure
plancraft,only_voting,VAL0051,run_2,premature_impossibility,invalid_terminal_state,planning_failure
plancraft,only_voting,VAL0103,run_0,premature_impossibility,invalid_terminal_state,planning_failure
plancraft,only_voting,VAL0103,run_1,premature_impossibility,invalid_terminal_state,planning_failure
plancraft,only_voting,VAL0103,run_2,premature_impossibility,invalid_terminal_state,planning_failure
plancraft,only_voting,VAL0132,run_0,premature_impossibility,invalid_terminal_state,planning_failure
plancraft,only_voting,VAL0143,run_1,premature_impossibility,invalid_terminal_state,planning_failure
plancraft,only_voting,VAL0143,run_2,premature_impossibility,invalid_terminal_state,planning_failure
plancraft,only_voting,VAL0146,run_0,premature_impossibility,invalid_terminal_state,planning_failure
plancraft,only_voting,VAL0146,run_1,premature_impossibility,invalid_terminal_state,planning_failure
plancraft,only_voting,VAL0146,run_2,premature_impossibility,invalid_terminal_state,planning_failure
plancraft,only_voting,VAL0155,run_1,premature_impossibility,invalid_terminal_state,planning_failure
plancraft,only_voting,VAL0155,run_2,premature_impossibility,invalid_terminal_state,planning_failure
plancraft,only_voting,VAL0168,run_1,premature_impossibility,invalid_terminal_state,planning_failure
plancraft,only_voting,VAL0168,run_2,premature_impossibility,invalid_terminal_state,planning_failure
plancraft,only_voting,VAL0187,run_0,premature_impossibility,invalid_terminal_state,planning_failure
plancraft,only_voting,VAL0187,run_1,premature_impossibility,invalid_terminal_state,planning_failure
plancraft,only_voting,VAL0187,run_2,premature_impossibility,invalid_terminal_state,planning_failure
plancraft,only_voting,VAL0211,run_0,premature_impossibility,invalid_terminal_state,planning_failure
plancraft,only_voting,VAL0211,run_1,premature_impossibility,invalid_terminal_state,planning_failure
plancraft,only_voting,VAL0211,run_2,premature_impossibility,invalid_terminal_state,planning_failure
plancraft,only_voting,VAL0214,run_0,premature_impossibility,invalid_terminal_state,planning_failure
plancraft,only_voting,VAL0214,run_1,premature_impossibility,invalid_terminal_state,planning_failure
plancraft,only_voting,VAL0214,run_2,premature_impossibility,invalid_terminal_state,planning_failure
plancraft,only_voting,VAL0229,run_0,premature_impossibility,invalid_terminal_state,planning_failure
plancraft,only_voting,VAL0229,run_1,premature_impossibility,invalid_terminal_state,planning_failure
plancraft,only_voting,VAL0239,run_0,premature_impossibility,invalid_terminal_state,planning_failure
plancraft,only_voting,VAL0239,run_1,premature_impossibility,invalid_terminal_state,planning_failure
plancraft,only_voting,VAL0239,run_2,premature_impossibility,invalid_terminal_state,planning_failure
plancraft,only_voting,VAL0274,run_2,premature_impossibility,invalid_terminal_state,planning_failure
plancraft,only_voting,VAL0338,run_0,premature_impossibility,invalid_terminal_state,planning_failure
plancraft,only_voting,VAL0338,run_1,premature_impossibility,invalid_terminal_state,planning_failure
plancraft,only_voting,VAL0338,run_2,premature_impossibility,invalid_terminal_state,planning_failure
plancraft,only_voting,VAL0346,run_0,premature_impossibility,invalid_terminal_state,planning_failure
plancraft,only_voting,VAL0346,run_2,premature_impossibility,invalid_terminal_state,planning_failure
plancraft,only_voting,VAL0403,run_1,premature_impossibility,invalid_terminal_state,planning_failure
plancraft,only_voting,VAL0418,run_0,premature_impossibility,invalid_terminal_state,planning_failure
plancraft,only_voting,VAL0418,run_1,premature_impossibility,invalid_terminal_state,planning_failure
plancraft,only_voting,VAL0451,run_1,premature_impossibility,invalid_terminal_state,planning_failure
plancraft,only_voting,VAL0461,run_0,premature_impossibility,invalid_terminal_state,planning_failure
plancraft,only_voting,VAL0461,run_1,premature_impossibility,invalid_terminal_state,planning_failure
plancraft,only_voting,VAL0461,run_2,premature_impossibility,invalid_terminal_state,planning_failure
plancraft,only_voting,VAL0485,run_0,premature_impossibility,invalid_terminal_state,planning_failure
plancraft,only_voting,VAL0485,run_2,premature_impossibility,invalid_terminal_state,planning_failure
plancraft,only_voting,VAL0532,run_0,premature_impossibility,invalid_terminal_state,planning_failure
plancraft,only_voting,VAL0532,run_1,premature_impossibility,invalid_terminal_state,planning_failure
plancraft,only_voting,VAL0532,run_2,premature_impossibility,invalid_terminal_state,planning_failure
plancraft,only_voting,VAL0596,run_0,premature_impossibility,invalid_terminal_state,planning_failure
plancraft,only_voting,VAL0596,run_1,premature_impossibility,invalid_terminal_state,planning_failure
plancraft,only_voting,VAL0596,run_2,premature_impossibility,invalid_terminal_state,planning_failure
plancraft,orchestrator_no_discussion,VAL0001,run_0,premature_impossibility,invalid_terminal_state,planning_failure
plancraft,orchestrator_no_discussion,VAL0001,run_1,premature_impossibility,invalid_terminal_state,planning_failure
plancraft,orchestrator_no_discussion,VAL0049,run_1,premature_impossibility,invalid_terminal_state,planning_failure
plancraft,orchestrator_no_discussion,VAL0049,run_2,premature_impossibility,invalid_terminal_state,planning_failure
plancraft,orchestrator_no_discussion,VAL0051,run_0,premature_impossibility,invalid_terminal_state,planning_failure
plancraft,orchestrator_no_discussion,VAL0051,run_1,premature_impossibility,invalid_terminal_state,planning_failure
plancraft,orchestrator_no_discussion,VAL0051,run_2,premature_impossibility,invalid_terminal_state,planning_failure
plancraft,orchestrator_no_discussion,VAL0095,run_1,premature_impossibility,invalid_terminal_state,planning_failure
plancraft,orchestrator_no_discussion,VAL0095,run_2,premature_impossibility,invalid_terminal_state,planning_failure
plancraft,orchestrator_no_discussion,VAL0103,run_0,premature_impossibility,invalid_terminal_state,planning_failure
plancraft,orchestrator_no_discussion,VAL0103,run_2,premature_impossibility,invalid_terminal_state,planning_failure
plancraft,orchestrator_no_discussion,VAL0132,run_0,premature_impossibility,invalid_terminal_state,planning_failure
plancraft,orchestrator_no_discussion,VAL0132,run_1,premature_impossibility,invalid_terminal_state,planning_failure
plancraft,orchestrator_no_discussion,VAL0132,run_2,premature_impossibility,invalid_terminal_state,planning_failure
plancraft,orchestrator_no_discussion,VAL0143,run_0,premature_impossibility,invalid_terminal_state,planning_failure
plancraft,orchestrator_no_discussion,VAL0143,run_1,premature_impossibility,invalid_terminal_state,planning_failure
plancraft,orchestrator_no_discussion,VAL0143,run_2,premature_impossibility,invalid_terminal_state,planning_failure
plancraft,orchestrator_no_discussion,VAL0146,run_1,premature_impossibility,invalid_terminal_state,planning_failure
plancraft,orchestrator_no_discussion,VAL0146,run_2,premature_impossibility,invalid_terminal_state,planning_failure
plancraft,orchestrator_no_discussion,VAL0155,run_1,premature_impossibility,invalid_terminal_state,planning_failure
plancraft,orchestrator_no_discussion,VAL0155,run_2,premature_impossibility,invalid_terminal_state,planning_failure
plancraft,orchestrator_no_discussion,VAL0168,run_0,premature_impossibility,invalid_terminal_state,planning_failure
plancraft,orchestrator_no_discussion,VAL0168,run_1,premature_impossibility,invalid_terminal_state,planning_failure
plancraft,orchestrator_no_discussion,VAL0168,run_2,premature_impossibility,invalid_terminal_state,planning_failure
plancraft,orchestrator_no_discussion,VAL0187,run_0,premature_impossibility,invalid_terminal_state,planning_failure
plancraft,orchestrator_no_discussion,VAL0187,run_1,premature_impossibility,invalid_terminal_state,planning_failure
plancraft,orchestrator_no_discussion,VAL0187,run_2,premature_impossibility,invalid_terminal_state,planning_failure
plancraft,orchestrator_no_discussion,VAL0211,run_0,premature_impossibility,invalid_terminal_state,planning_failure
plancraft,orchestrator_no_discussion,VAL0211,run_1,premature_impossibility,invalid_terminal_state,planning_failure
plancraft,orchestrator_no_discussion,VAL0211,run_2,premature_impossibility,invalid_terminal_state,planning_failure
plancraft,orchestrator_no_discussion,VAL0214,run_0,premature_impossibility,invalid_terminal_state,planning_failure
plancraft,orchestrator_no_discussion,VAL0214,run_1,premature_impossibility,invalid_terminal_state,planning_failure
plancraft,orchestrator_no_discussion,VAL0214,run_2,premature_impossibility,invalid_terminal_state,planning_failure
plancraft,orchestrator_no_discussion,VAL0229,run_2,premature_impossibility,invalid_terminal_state,planning_failure
plancraft,orchestrator_no_discussion,VAL0239,run_0,premature_impossibility,invalid_terminal_state,planning_failure
plancraft,orchestrator_no_discussion,VAL0239,run_1,premature_impossibility,invalid_terminal_state,planning_failure
plancraft,orchestrator_no_discussion,VAL0239,run_2,premature_impossibility,invalid_terminal_state,planning_failure
plancraft,orchestrator_no_discussion,VAL0274,run_0,premature_impossibility,invalid_terminal_state,planning_failure
plancraft,orchestrator_no_discussion,VAL0338,run_0,premature_impossibility,invalid_terminal_state,planning_failure
plancraft,orchestrator_no_discussion,VAL0338,run_1,premature_impossibility,invalid_terminal_state,planning_failure
plancraft,orchestrator_no_discussion,VAL0338,run_2,premature_impossibility,invalid_terminal_state,planning_failure
plancraft,orchestrator_no_discussion,VAL0346,run_1,premature_impossibility,invalid_terminal_state,planning_failure
plancraft,orchestrator_no_discussion,VAL0346,run_2,premature_impossibility,invalid_terminal_state,planning_failure
plancraft,orchestrator_no_discussion,VAL0403,run_0,premature_impossibility,invalid_terminal_state,planning_failure
plancraft,orchestrator_no_discussion,VAL0403,run_1,premature_impossibility,invalid_terminal_state,planning_failure
plancraft,orchestrator_no_discussion,VAL0418,run_1,premature_impossibility,invalid_terminal_state,planning_failure
plancraft,orchestrator_no_discussion,VAL0451,run_1,premature_impossibility,invalid_terminal_state,planning_failure
plancraft,orchestrator_no_discussion,VAL0461,run_1,premature_impossibility,invalid_terminal_state,planning_failure
plancraft,orchestrator_no_discussion,VAL0461,run_2,premature_impossibility,invalid_terminal_state,planning_failure
plancraft,orchestrator_no_discussion,VAL0485,run_0,premature_impossibility,invalid_terminal_state,planning_failure
plancraft,orchestrator_no_discussion,VAL0485,run_1,premature_impossibility,invalid_terminal_state,planning_failure
plancraft,orchestrator_no_discussion,VAL0485,run_2,premature_impossibility,invalid_terminal_state,planning_failure
plancraft,orchestrator_no_discussion,VAL0532,run_0,premature_impossibility,invalid_terminal_state,planning_failure
plancraft,orchestrator_no_discussion,VAL0532,run_1,premature_impossibility,invalid_terminal_state,planning_failure
plancraft,orchestrator_no_discussion,VAL0596,run_0,premature_impossibility,invalid_terminal_state,planning_failure
plancraft,orchestrator_no_discussion,VAL0596,run_1,premature_impossibility,invalid_terminal_state,planning_failure
plancraft,orchestrator_no_discussion,VAL0596,run_2,premature_impossibility,invalid_terminal_state,planning_failure
plancraft,orchestrator_tree_structure,VAL0001,run_1,premature_impossibility,invalid_terminal_state,planning_failure
plancraft,orchestrator_tree_structure,VAL0015,run_0,premature_impossibility,invalid_terminal_state,planning_failure
plancraft,orchestrator_tree_structure,VAL0015,run_1,premature_impossibility,invalid_terminal_state,planning_failure
plancraft,orchestrator_tree_structure,VAL0015,run_2,premature_impossibility,invalid_terminal_state,planning_failure
plancraft,orchestrator_tree_structure,VAL0049,run_0,premature_impossibility,invalid_terminal_state,planning_failure
plancraft,orchestrator_tree_structure,VAL0049,run_1,premature_impossibility,invalid_terminal_state,planning_failure
plancraft,orchestrator_tree_structure,VAL0049,run_2,premature_impossibility,invalid_terminal_state,planning_failure
plancraft,orchestrator_tree_structure,VAL0051,run_0,premature_impossibility,invalid_terminal_state,planning_failure
plancraft,orchestrator_tree_structure,VAL0051,run_1,premature_impossibility,invalid_terminal_state,planning_failure
plancraft,orchestrator_tree_structure,VAL0051,run_2,premature_impossibility,invalid_terminal_state,planning_failure
plancraft,orchestrator_tree_structure,VAL0095,run_0,premature_impossibility,invalid_terminal_state,planning_failure
plancraft,orchestrator_tree_structure,VAL0095,run_1,premature_impossibility,invalid_terminal_state,planning_failure
plancraft,orchestrator_tree_structure,VAL0103,run_0,premature_impossibility,invalid_terminal_state,planning_failure
plancraft,orchestrator_tree_structure,VAL0103,run_1,premature_impossibility,invalid_terminal_state,planning_failure
plancraft,orchestrator_tree_structure,VAL0103,run_2,premature_impossibility,invalid_terminal_state,planning_failure
plancraft,orchestrator_tree_structure,VAL0132,run_0,premature_impossibility,invalid_terminal_state,planning_failure
plancraft,orchestrator_tree_structure,VAL0132,run_1,premature_impossibility,invalid_terminal_state,planning_failure
plancraft,orchestrator_tree_structure,VAL0132,run_2,premature_impossibility,invalid_terminal_state,planning_failure
plancraft,orchestrator_tree_structure,VAL0143,run_0,premature_impossibility,invalid_terminal_state,planning_failure
plancraft,orchestrator_tree_structure,VAL0143,run_1,premature_impossibility,invalid_terminal_state,planning_failure
plancraft,orchestrator_tree_structure,VAL0143,run_2,premature_impossibility,invalid_terminal_state,planning_failure
plancraft,orchestrator_tree_structure,VAL0146,run_0,premature_impossibility,invalid_terminal_state,planning_failure
plancraft,orchestrator_tree_structure,VAL0146,run_1,premature_impossibility,invalid_terminal_state,planning_failure
plancraft,orchestrator_tree_structure,VAL0146,run_2,premature_impossibility,invalid_terminal_state,planning_failure
plancraft,orchestrator_tree_structure,VAL0155,run_0,premature_impossibility,invalid_terminal_state,planning_failure
plancraft,orchestrator_tree_structure,VAL0155,run_1,premature_impossibility,invalid_terminal_state,planning_failure
plancraft,orchestrator_tree_structure,VAL0155,run_2,premature_impossibility,invalid_terminal_state,planning_failure
plancraft,orchestrator_tree_structure,VAL0163,run_1,premature_impossibility,invalid_terminal_state,planning_failure
plancraft,orchestrator_tree_structure,VAL0168,run_1,premature_impossibility,invalid_terminal_state,planning_failure
plancraft,orchestrator_tree_structure,VAL0168,run_2,premature_impossibility,invalid_terminal_state,planning_failure
plancraft,orchestrator_tree_structure,VAL0187,run_0,premature_impossibility,invalid_terminal_state,planning_failure
plancraft,orchestrator_tree_structure,VAL0187,run_1,premature_impossibility,invalid_terminal_state,planning_failure
plancraft,orchestrator_tree_structure,VAL0187,run_2,premature_impossibility,invalid_terminal_state,planning_failure
plancraft,orchestrator_tree_structure,VAL0211,run_0,premature_impossibility,invalid_terminal_state,planning_failure
plancraft,orchestrator_tree_structure,VAL0211,run_1,premature_impossibility,invalid_terminal_state,planning_failure
plancraft,orchestrator_tree_structure,VAL0211,run_2,premature_impossibility,invalid_terminal_state,planning_failure
plancraft,orchestrator_tree_structure,VAL0214,run_0,premature_impossibility,invalid_terminal_state,planning_failure
plancraft,orchestrator_tree_structure,VAL0214,run_1,premature_impossibility,invalid_terminal_state,planning_failure
plancraft,orchestrator_tree_structure,VAL0214,run_2,premature_impossibility,invalid_terminal_state,planning_failure
plancraft,orchestrator_tree_structure,VAL0229,run_0,premature_impossibility,invalid_terminal_state,planning_failure
plancraft,orchestrator_tree_structure,VAL0229,run_1,premature_impossibility,invalid_terminal_state,planning_failure
plancraft,orchestrator_tree_structure,VAL0229,run_2,premature_impossibility,invalid_terminal_state,planning_failure
plancraft,orchestrator_tree_structure,VAL0239,run_0,premature_impossibility,invalid_terminal_state,planning_failure
plancraft,orchestrator_tree_structure,VAL0239,run_1,premature_impossibility,invalid_terminal_state,planning_failure
plancraft,orchestrator_tree_structure,VAL0239,run_2,premature_impossibility,invalid_terminal_state,planning_failure
plancraft,orchestrator_tree_structure,VAL0274,run_1,premature_impossibility,invalid_terminal_state,planning_failure
plancraft,orchestrator_tree_structure,VAL0274,run_2,premature_impossibility,invalid_terminal_state,planning_failure
plancraft,orchestrator_tree_structure,VAL0338,run_0,premature_impossibility,invalid_terminal_state,planning_failure
plancraft,orchestrator_tree_structure,VAL0338,run_1,premature_impossibility,invalid_terminal_state,planning_failure
plancraft,orchestrator_tree_structure,VAL0338,run_2,premature_impossibility,invalid_terminal_state,planning_failure
plancraft,orchestrator_tree_structure,VAL0346,run_1,premature_impossibility,invalid_terminal_state,planning_failure
plancraft,orchestrator_tree_structure,VAL0346,run_2,premature_impossibility,invalid_terminal_state,planning_failure
plancraft,orchestrator_tree_structure,VAL0381,run_0,premature_impossibility,invalid_terminal_state,planning_failure
plancraft,orchestrator_tree_structure,VAL0381,run_1,premature_impossibility,invalid_terminal_state,planning_failure
plancraft,orchestrator_tree_structure,VAL0381,run_2,premature_impossibility,invalid_terminal_state,planning_failure
plancraft,orchestrator_tree_structure,VAL0403,run_0,premature_impossibility,invalid_terminal_state,planning_failure
plancraft,orchestrator_tree_structure,VAL0418,run_0,premature_impossibility,invalid_terminal_state,planning_failure
plancraft,orchestrator_tree_structure,VAL0418,run_1,premature_impossibility,invalid_terminal_state,planning_failure
plancraft,orchestrator_tree_structure,VAL0418,run_2,premature_impossibility,invalid_terminal_state,planning_failure
plancraft,orchestrator_tree_structure,VAL0448,run_0,premature_impossibility,invalid_terminal_state,planning_failure
plancraft,orchestrator_tree_structure,VAL0448,run_1,premature_impossibility,invalid_terminal_state,planning_failure
plancraft,orchestrator_tree_structure,VAL0451,run_0,premature_impossibility,invalid_terminal_state,planning_failure
plancraft,orchestrator_tree_structure,VAL0451,run_1,premature_impossibility,invalid_terminal_state,planning_failure
plancraft,orchestrator_tree_structure,VAL0451,run_2,premature_impossibility,invalid_terminal_state,planning_failure
plancraft,orchestrator_tree_structure,VAL0461,run_1,premature_impossibility,invalid_terminal_state,planning_failure
plancraft,orchestrator_tree_structure,VAL0461,run_2,premature_impossibility,invalid_terminal_state,planning_failure
plancraft,orchestrator_tree_structure,VAL0485,run_1,premature_impossibility,invalid_terminal_state,planning_failure
plancraft,orchestrator_tree_structure,VAL0485,run_2,premature_impossibility,invalid_terminal_state,planning_failure
plancraft,orchestrator_tree_structure,VAL0491,run_0,premature_impossibility,invalid_terminal_state,planning_failure
plancraft,orchestrator_tree_structure,VAL0491,run_2,premature_impossibility,invalid_terminal_state,planning_failure
plancraft,orchestrator_tree_structure,VAL0532,run_0,premature_impossibility,invalid_terminal_state,planning_failure
plancraft,orchestrator_tree_structure,VAL0532,run_1,premature_impossibility,invalid_terminal_state,planning_failure
plancraft,orchestrator_tree_structure,VAL0532,run_2,premature_impossibility,invalid_terminal_state,planning_failure
plancraft,orchestrator_tree_structure,VAL0596,run_0,premature_impossibility,invalid_terminal_state,planning_failure
plancraft,orchestrator_tree_structure,VAL0596,run_1,premature_impossibility,invalid_terminal_state,planning_failure
plancraft,orchestrator_tree_structure,VAL0596,run_2,premature_impossibility,invalid_terminal_state,planning_failure
plancraft,orchestrator_with_discussion,VAL0001,run_0,premature_impossibility,invalid_terminal_state,planning_failure
plancraft,orchestrator_with_discussion,VAL0001,run_1,premature_impossibility,invalid_terminal_state,planning_failure
plancraft,orchestrator_with_discussion,VAL0001,run_2,premature_impossibility,invalid_terminal_state,planning_failure
plancraft,orchestrator_with_discussion,VAL0015,run_2,premature_impossibility,invalid_terminal_state,planning_failure
plancraft,orchestrator_with_discussion,VAL0049,run_0,premature_impossibility,invalid_terminal_state,planning_failure
plancraft,orchestrator_with_discussion,VAL0049,run_1,premature_impossibility,invalid_terminal_state,planning_failure
plancraft,orchestrator_with_discussion,VAL0049,run_2,premature_impossibility,invalid_terminal_state,planning_failure
plancraft,orchestrator_with_discussion,VAL0051,run_0,premature_impossibility,invalid_terminal_state,planning_failure
plancraft,orchestrator_with_discussion,VAL0051,run_1,premature_impossibility,invalid_terminal_state,planning_failure
plancraft,orchestrator_with_discussion,VAL0051,run_2,premature_impossibility,invalid_terminal_state,planning_failure
plancraft,orchestrator_with_discussion,VAL0095,run_0,premature_impossibility,invalid_terminal_state,planning_failure
plancraft,orchestrator_with_discussion,VAL0095,run_2,premature_impossibility,invalid_terminal_state,planning_failure
plancraft,orchestrator_with_discussion,VAL0103,run_1,premature_impossibility,invalid_terminal_state,planning_failure
plancraft,orchestrator_with_discussion,VAL0103,run_2,premature_impossibility,invalid_terminal_state,planning_failure
plancraft,orchestrator_with_discussion,VAL0132,run_0,premature_impossibility,invalid_terminal_state,planning_failure
plancraft,orchestrator_with_discussion,VAL0132,run_1,premature_impossibility,invalid_terminal_state,planning_failure
plancraft,orchestrator_with_discussion,VAL0132,run_2,premature_impossibility,invalid_terminal_state,planning_failure
plancraft,orchestrator_with_discussion,VAL0143,run_0,premature_impossibility,invalid_terminal_state,planning_failure
plancraft,orchestrator_with_discussion,VAL0143,run_1,premature_impossibility,invalid_terminal_state,planning_failure
plancraft,orchestrator_with_discussion,VAL0143,run_2,premature_impossibility,invalid_terminal_state,planning_failure
plancraft,orchestrator_with_discussion,VAL0146,run_0,premature_impossibility,invalid_terminal_state,planning_failure
plancraft,orchestrator_with_discussion,VAL0146,run_1,premature_impossibility,invalid_terminal_state,planning_failure
plancraft,orchestrator_with_discussion,VAL0146,run_2,premature_impossibility,invalid_terminal_state,planning_failure
plancraft,orchestrator_with_discussion,VAL0155,run_1,premature_impossibility,invalid_terminal_state,planning_failure
plancraft,orchestrator_with_discussion,VAL0155,run_2,premature_impossibility,invalid_terminal_state,planning_failure
plancraft,orchestrator_with_discussion,VAL0163,run_1,premature_impossibility,invalid_terminal_state,planning_failure
plancraft,orchestrator_with_discussion,VAL0163,run_2,premature_impossibility,invalid_terminal_state,planning_failure
plancraft,orchestrator_with_discussion,VAL0168,run_1,premature_impossibility,invalid_terminal_state,planning_failure
plancraft,orchestrator_with_discussion,VAL0168,run_2,premature_impossibility,invalid_terminal_state,planning_failure
plancraft,orchestrator_with_discussion,VAL0187,run_0,premature_impossibility,invalid_terminal_state,planning_failure
plancraft,orchestrator_with_discussion,VAL0187,run_1,premature_impossibility,invalid_terminal_state,planning_failure
plancraft,orchestrator_with_discussion,VAL0187,run_2,premature_impossibility,invalid_terminal_state,planning_failure
plancraft,orchestrator_with_discussion,VAL0211,run_0,premature_impossibility,invalid_terminal_state,planning_failure
plancraft,orchestrator_with_discussion,VAL0211,run_1,premature_impossibility,invalid_terminal_state,planning_failure
plancraft,orchestrator_with_discussion,VAL0211,run_2,premature_impossibility,invalid_terminal_state,planning_failure
plancraft,orchestrator_with_discussion,VAL0214,run_0,premature_impossibility,invalid_terminal_state,planning_failure
plancraft,orchestrator_with_discussion,VAL0214,run_1,premature_impossibility,invalid_terminal_state,planning_failure
plancraft,orchestrator_with_discussion,VAL0214,run_2,premature_impossibility,invalid_terminal_state,planning_failure
plancraft,orchestrator_with_discussion,VAL0229,run_0,premature_impossibility,invalid_terminal_state,planning_failure
plancraft,orchestrator_with_discussion,VAL0229,run_1,premature_impossibility,invalid_terminal_state,planning_failure
plancraft,orchestrator_with_discussion,VAL0229,run_2,premature_impossibility,invalid_terminal_state,planning_failure
plancraft,orchestrator_with_discussion,VAL0239,run_0,invalid_or_wrong_action,invalid_terminal_state,planning_failure
plancraft,orchestrator_with_discussion,VAL0239,run_1,premature_impossibility,invalid_terminal_state,planning_failure
plancraft,orchestrator_with_discussion,VAL0239,run_2,premature_impossibility,invalid_terminal_state,planning_failure
plancraft,orchestrator_with_discussion,VAL0274,run_0,premature_impossibility,invalid_terminal_state,planning_failure
plancraft,orchestrator_with_discussion,VAL0274,run_1,premature_impossibility,invalid_terminal_state,planning_failure
plancraft,orchestrator_with_discussion,VAL0274,run_2,premature_impossibility,invalid_terminal_state,planning_failure
plancraft,orchestrator_with_discussion,VAL0338,run_0,premature_impossibility,invalid_terminal_state,planning_failure
plancraft,orchestrator_with_discussion,VAL0338,run_1,premature_impossibility,invalid_terminal_state,planning_failure
plancraft,orchestrator_with_discussion,VAL0338,run_2,premature_impossibility,invalid_terminal_state,planning_failure
plancraft,orchestrator_with_discussion,VAL0346,run_1,premature_impossibility,invalid_terminal_state,planning_failure
plancraft,orchestrator_with_discussion,VAL0346,run_2,premature_impossibility,invalid_terminal_state,planning_failure
plancraft,orchestrator_with_discussion,VAL0381,run_0,premature_impossibility,invalid_terminal_state,planning_failure
plancraft,orchestrator_with_discussion,VAL0381,run_1,premature_impossibility,invalid_terminal_state,planning_failure
plancraft,orchestrator_with_discussion,VAL0403,run_0,premature_impossibility,invalid_terminal_state,planning_failure
plancraft,orchestrator_with_discussion,VAL0403,run_1,premature_impossibility,invalid_terminal_state,planning_failure
plancraft,orchestrator_with_discussion,VAL0418,run_0,premature_impossibility,invalid_terminal_state,planning_failure
plancraft,orchestrator_with_discussion,VAL0418,run_1,premature_impossibility,invalid_terminal_state,planning_failure
plancraft,orchestrator_with_discussion,VAL0418,run_2,premature_impossibility,invalid_terminal_state,planning_failure
plancraft,orchestrator_with_discussion,VAL0448,run_2,premature_impossibility,invalid_terminal_state,planning_failure
plancraft,orchestrator_with_discussion,VAL0451,run_1,premature_impossibility,invalid_terminal_state,planning_failure
plancraft,orchestrator_with_discussion,VAL0451,run_2,premature_impossibility,invalid_terminal_state,planning_failure
plancraft,orchestrator_with_discussion,VAL0461,run_0,premature_impossibility,invalid_terminal_state,planning_failure
plancraft,orchestrator_with_discussion,VAL0461,run_1,premature_impossibility,invalid_terminal_state,planning_failure
plancraft,orchestrator_with_discussion,VAL0461,run_2,premature_impossibility,invalid_terminal_state,planning_failure
plancraft,orchestrator_with_discussion,VAL0485,run_0,premature_impossibility,invalid_terminal_state,planning_failure
plancraft,orchestrator_with_discussion,VAL0485,run_1,premature_impossibility,invalid_terminal_state,planning_failure
plancraft,orchestrator_with_discussion,VAL0485,run_2,premature_impossibility,invalid_terminal_state,planning_failure
plancraft,orchestrator_with_discussion,VAL0532,run_0,premature_impossibility,invalid_terminal_state,planning_failure
plancraft,orchestrator_with_discussion,VAL0532,run_1,premature_impossibility,invalid_terminal_state,planning_failure
plancraft,orchestrator_with_discussion,VAL0532,run_2,premature_impossibility,invalid_terminal_state,planning_failure
plancraft,orchestrator_with_discussion,VAL0596,run_0,premature_impossibility,invalid_terminal_state,planning_failure
plancraft,orchestrator_with_discussion,VAL0596,run_1,premature_impossibility,invalid_terminal_state,planning_failure
plancraft,orchestrator_with_discussion,VAL0596,run_2,premature_impossibility,invalid_terminal_state,planning_failure
plancraft,sas,VAL0001,run_0,premature_impossibility,invalid_terminal_state,planning_failure
plancraft,sas,VAL0015,run_1,premature_impossibility,invalid_terminal_state,planning_failure
plancraft,sas,VAL0049,run_1,premature_impossibility,invalid_terminal_state,planning_failure
plancraft,sas,VAL0049,run_2,premature_impossibility,invalid_terminal_state,planning_failure
plancraft,sas,VAL0051,run_0,premature_impossibility,invalid_terminal_state,planning_failure
plancraft,sas,VAL0051,run_1,premature_impossibility,invalid_terminal_state,planning_failure
plancraft,sas,VAL0051,run_2,premature_impossibility,invalid_terminal_state,planning_failure
plancraft,sas,VAL0095,run_0,premature_impossibility,invalid_terminal_state,planning_failure
plancraft,sas,VAL0103,run_0,premature_impossibility,invalid_terminal_state,planning_failure
plancraft,sas,VAL0103,run_2,premature_impossibility,invalid_terminal_state,planning_failure
plancraft,sas,VAL0132,run_2,premature_impossibility,invalid_terminal_state,planning_failure
plancraft,sas,VAL0143,run_0,premature_impossibility,invalid_terminal_state,planning_failure
plancraft,sas,VAL0143,run_1,premature_impossibility,invalid_terminal_state,planning_failure
plancraft,sas,VAL0143,run_2,premature_impossibility,invalid_terminal_state,planning_failure
plancraft,sas,VAL0146,run_0,premature_impossibility,invalid_terminal_state,planning_failure
plancraft,sas,VAL0146,run_1,premature_impossibility,invalid_terminal_state,planning_failure
plancraft,sas,VAL0155,run_0,premature_impossibility,invalid_terminal_state,planning_failure
plancraft,sas,VAL0155,run_1,premature_impossibility,invalid_terminal_state,planning_failure
plancraft,sas,VAL0155,run_2,premature_impossibility,invalid_terminal_state,planning_failure
plancraft,sas,VAL0168,run_0,premature_impossibility,invalid_terminal_state,planning_failure
plancraft,sas,VAL0168,run_1,premature_impossibility,invalid_terminal_state,planning_failure
plancraft,sas,VAL0168,run_2,premature_impossibility,invalid_terminal_state,planning_failure
plancraft,sas,VAL0187,run_0,premature_impossibility,invalid_terminal_state,planning_failure
plancraft,sas,VAL0187,run_1,premature_impossibility,invalid_terminal_state,planning_failure
plancraft,sas,VAL0187,run_2,premature_impossibility,invalid_terminal_state,planning_failure
plancraft,sas,VAL0211,run_0,premature_impossibility,invalid_terminal_state,planning_failure
plancraft,sas,VAL0211,run_1,premature_impossibility,invalid_terminal_state,planning_failure
plancraft,sas,VAL0211,run_2,premature_impossibility,invalid_terminal_state,planning_failure
plancraft,sas,VAL0214,run_0,premature_impossibility,invalid_terminal_state,planning_failure
plancraft,sas,VAL0214,run_1,premature_impossibility,invalid_terminal_state,planning_failure
plancraft,sas,VAL0214,run_2,premature_impossibility,invalid_terminal_state,planning_failure
plancraft,sas,VAL0229,run_0,premature_impossibility,invalid_terminal_state,planning_failure
plancraft,sas,VAL0239,run_0,premature_impossibility,invalid_terminal_state,planning_failure
plancraft,sas,VAL0239,run_1,premature_impossibility,invalid_terminal_state,planning_failure
plancraft,sas,VAL0239,run_2,premature_impossibility,invalid_terminal_state,planning_failure
plancraft,sas,VAL0274,run_0,premature_impossibility,invalid_terminal_state,planning_failure
plancraft,sas,VAL0274,run_2,premature_impossibility,invalid_terminal_state,planning_failure
plancraft,sas,VAL0338,run_0,premature_impossibility,invalid_terminal_state,planning_failure
plancraft,sas,VAL0338,run_1,premature_impossibility,invalid_terminal_state,planning_failure
plancraft,sas,VAL0338,run_2,premature_impossibility,invalid_terminal_state,planning_failure
plancraft,sas,VAL0346,run_1,premature_impossibility,invalid_terminal_state,planning_failure
plancraft,sas,VAL0346,run_2,premature_impossibility,invalid_terminal_state,planning_failure
plancraft,sas,VAL0403,run_2,premature_impossibility,invalid_terminal_state,planning_failure
plancraft,sas,VAL0418,run_0,premature_impossibility,invalid_terminal_state,planning_failure
plancraft,sas,VAL0418,run_2,premature_impossibility,invalid_terminal_state,planning_failure
plancraft,sas,VAL0451,run_0,invalid_or_wrong_action,invalid_terminal_state,planning_failure
plancraft,sas,VAL0461,run_0,premature_impossibility,invalid_terminal_state,planning_failure
plancraft,sas,VAL0461,run_1,premature_impossibility,invalid_terminal_state,planning_failure
plancraft,sas,VAL0461,run_2,premature_impossibility,invalid_terminal_state,planning_failure
plancraft,sas,VAL0485,run_0,premature_impossibility,invalid_terminal_state,planning_failure
plancraft,sas,VAL0485,run_1,premature_impossibility,invalid_terminal_state,planning_failure
plancraft,sas,VAL0532,run_0,premature_impossibility,invalid_terminal_state,planning_failure
plancraft,sas,VAL0532,run_1,premature_impossibility,invalid_terminal_state,planning_failure
plancraft,sas,VAL0532,run_2,premature_impossibility,invalid_terminal_state,planning_failure
plancraft,sas,VAL0596,run_0,premature_impossibility,invalid_terminal_state,planning_failure
plancraft,sas,VAL0596,run_1,premature_impossibility,invalid_terminal_state,planning_failure
plancraft,sas,VAL0596,run_2,premature_impossibility,invalid_terminal_state,planning_failure
stabletoolbench,fully_linked_debate,12204,run_0,tool_interface,low_information_tool_state,tool_task_failure
stabletoolbench,fully_linked_debate,12204,run_1,tool_interface,low_information_tool_state,tool_task_failure
stabletoolbench,fully_linked_debate,12204,run_2,tool_interface,low_information_tool_state,tool_task_failure
stabletoolbench,fully_linked_debate,13095,run_0,evidence_gap,contaminated_evidence_state,tool_task_failure
stabletoolbench,fully_linked_debate,13095,run_1,tool_interface,low_information_tool_state,tool_task_failure
stabletoolbench,fully_linked_debate,13095,run_2,tool_interface,low_information_tool_state,tool_task_failure
stabletoolbench,fully_linked_debate,1572,run_0,tool_interface,low_information_tool_state,tool_task_failure
stabletoolbench,fully_linked_debate,1572,run_1,tool_interface,low_information_tool_state,tool_task_failure
stabletoolbench,fully_linked_debate,1572,run_2,tool_interface,low_information_tool_state,tool_task_failure
stabletoolbench,fully_linked_debate,17223,run_2,tool_interface,low_information_tool_state,tool_task_failure
stabletoolbench,fully_linked_debate,20704,run_1,tool_interface,low_information_tool_state,tool_task_failure
stabletoolbench,fully_linked_debate,21596,run_0,tool_interface,low_information_tool_state,tool_task_failure
stabletoolbench,fully_linked_debate,21596,run_2,tool_interface,low_information_tool_state,tool_task_failure
stabletoolbench,fully_linked_debate,22781,run_1,tool_interface,low_information_tool_state,tool_task_failure
stabletoolbench,fully_linked_debate,22781,run_2,tool_interface,low_information_tool_state,tool_task_failure
stabletoolbench,fully_linked_debate,23163,run_0,tool_interface,low_information_tool_state,tool_task_failure
stabletoolbench,fully_linked_debate,23163,run_1,tool_interface,low_information_tool_state,tool_task_failure
stabletoolbench,fully_linked_debate,23163,run_2,tool_interface,low_information_tool_state,tool_task_failure
stabletoolbench,fully_linked_debate,23248,run_0,tool_interface,low_information_tool_state,tool_task_failure
stabletoolbench,fully_linked_debate,23248,run_1,tool_interface,low_information_tool_state,tool_task_failure
stabletoolbench,fully_linked_debate,23248,run_2,tool_interface,low_information_tool_state,tool_task_failure
stabletoolbench,fully_linked_debate,24810,run_0,tool_interface,low_information_tool_state,tool_task_failure
stabletoolbench,fully_linked_debate,24810,run_1,tool_interface,low_information_tool_state,tool_task_failure
stabletoolbench,fully_linked_debate,24810,run_2,tool_interface,low_information_tool_state,tool_task_failure
stabletoolbench,fully_linked_debate,25052,run_0,tool_interface,low_information_tool_state,tool_task_failure
stabletoolbench,fully_linked_debate,25052,run_1,tool_interface,low_information_tool_state,tool_task_failure
stabletoolbench,fully_linked_debate,25052,run_2,tool_interface,low_information_tool_state,tool_task_failure
stabletoolbench,fully_linked_debate,26063,run_0,evidence_gap,contaminated_evidence_state,tool_task_failure
stabletoolbench,fully_linked_debate,26063,run_1,evidence_gap,contaminated_evidence_state,tool_task_failure
stabletoolbench,fully_linked_debate,26063,run_2,tool_interface,low_information_tool_state,tool_task_failure
stabletoolbench,fully_linked_debate,26752,run_0,tool_interface,low_information_tool_state,tool_task_failure
stabletoolbench,fully_linked_debate,26752,run_2,tool_interface,low_information_tool_state,tool_task_failure
stabletoolbench,fully_linked_debate,26892,run_0,evidence_gap,contaminated_evidence_state,tool_task_failure
stabletoolbench,fully_linked_debate,26892,run_1,evidence_gap,contaminated_evidence_state,tool_task_failure
stabletoolbench,fully_linked_debate,26892,run_2,evidence_gap,contaminated_evidence_state,tool_task_failure
stabletoolbench,fully_linked_debate,31117,run_0,tool_interface,low_information_tool_state,tool_task_failure
stabletoolbench,fully_linked_debate,31402,run_0,tool_interface,low_information_tool_state,tool_task_failure
stabletoolbench,fully_linked_debate,31402,run_1,tool_interface,low_information_tool_state,tool_task_failure
stabletoolbench,fully_linked_debate,31402,run_2,tool_interface,low_information_tool_state,tool_task_failure
stabletoolbench,fully_linked_debate,32617,run_0,tool_interface,low_information_tool_state,tool_task_failure
stabletoolbench,fully_linked_debate,32617,run_2,tool_interface,low_information_tool_state,tool_task_failure
stabletoolbench,fully_linked_debate,32807,run_0,tool_interface,low_information_tool_state,tool_task_failure
stabletoolbench,fully_linked_debate,32807,run_1,tool_interface,low_information_tool_state,tool_task_failure
stabletoolbench,fully_linked_debate,32807,run_2,tool_interface,low_information_tool_state,tool_task_failure
stabletoolbench,fully_linked_debate,33112,run_0,unsupported_synthesis,unsupported_synthesis_state,tool_task_failure
stabletoolbench,fully_linked_debate,33112,run_2,unsupported_synthesis,unsupported_synthesis_state,tool_task_failure
stabletoolbench,fully_linked_debate,3510,run_0,tool_interface,low_information_tool_state,tool_task_failure
stabletoolbench,fully_linked_debate,3510,run_1,unsupported_synthesis,unsupported_synthesis_state,tool_task_failure
stabletoolbench,fully_linked_debate,3510,run_2,tool_interface,low_information_tool_state,tool_task_failure
stabletoolbench,fully_linked_debate,4505,run_0,tool_interface,low_information_tool_state,tool_task_failure
stabletoolbench,fully_linked_debate,4505,run_2,tool_interface,low_information_tool_state,tool_task_failure
stabletoolbench,fully_linked_debate,5116,run_1,tool_interface,low_information_tool_state,tool_task_failure
stabletoolbench,fully_linked_debate,5116,run_2,tool_interface,low_information_tool_state,tool_task_failure
stabletoolbench,fully_linked_debate,7497,run_0,tool_interface,low_information_tool_state,tool_task_failure
stabletoolbench,fully_linked_debate,7658,run_0,tool_interface,low_information_tool_state,tool_task_failure
stabletoolbench,fully_linked_debate,7658,run_2,tool_interface,low_information_tool_state,tool_task_failure
stabletoolbench,fully_linked_debate,8025,run_0,tool_interface,low_information_tool_state,tool_task_failure
stabletoolbench,fully_linked_debate,8025,run_1,evidence_gap,contaminated_evidence_state,tool_task_failure
stabletoolbench,fully_linked_debate,8025,run_2,tool_interface,low_information_tool_state,tool_task_failure
stabletoolbench,fully_linked_debate,9984,run_1,tool_interface,low_information_tool_state,tool_task_failure
stabletoolbench,group_chat_debate,12204,run_2,tool_interface,low_information_tool_state,tool_task_failure
stabletoolbench,group_chat_debate,1572,run_0,tool_interface,low_information_tool_state,tool_task_failure
stabletoolbench,group_chat_debate,1572,run_2,tool_interface,low_information_tool_state,tool_task_failure
stabletoolbench,group_chat_debate,17223,run_1,tool_interface,low_information_tool_state,tool_task_failure
stabletoolbench,group_chat_debate,21596,run_2,tool_interface,low_information_tool_state,tool_task_failure
stabletoolbench,group_chat_debate,22781,run_2,tool_interface,low_information_tool_state,tool_task_failure
stabletoolbench,group_chat_debate,23163,run_0,tool_interface,low_information_tool_state,tool_task_failure
stabletoolbench,group_chat_debate,23163,run_1,tool_interface,low_information_tool_state,tool_task_failure
stabletoolbench,group_chat_debate,23163,run_2,tool_interface,low_information_tool_state,tool_task_failure
stabletoolbench,group_chat_debate,23248,run_2,tool_interface,low_information_tool_state,tool_task_failure
stabletoolbench,group_chat_debate,24810,run_0,tool_interface,low_information_tool_state,tool_task_failure
stabletoolbench,group_chat_debate,24810,run_1,tool_interface,low_information_tool_state,tool_task_failure
stabletoolbench,group_chat_debate,24810,run_2,tool_interface,low_information_tool_state,tool_task_failure
stabletoolbench,group_chat_debate,25052,run_0,tool_interface,low_information_tool_state,tool_task_failure
stabletoolbench,group_chat_debate,26063,run_2,tool_interface,low_information_tool_state,tool_task_failure
stabletoolbench,group_chat_debate,26752,run_1,unsupported_synthesis,unsupported_synthesis_state,tool_task_failure
stabletoolbench,group_chat_debate,26892,run_0,tool_interface,low_information_tool_state,tool_task_failure
stabletoolbench,group_chat_debate,26892,run_2,unsupported_synthesis,unsupported_synthesis_state,tool_task_failure
stabletoolbench,group_chat_debate,31117,run_2,tool_interface,low_information_tool_state,tool_task_failure
stabletoolbench,group_chat_debate,32617,run_0,tool_interface,low_information_tool_state,tool_task_failure
stabletoolbench,group_chat_debate,32807,run_0,tool_interface,low_information_tool_state,tool_task_failure
stabletoolbench,group_chat_debate,32807,run_2,tool_interface,low_information_tool_state,tool_task_failure
stabletoolbench,group_chat_debate,33112,run_0,tool_interface,low_information_tool_state,tool_task_failure
stabletoolbench,group_chat_debate,33112,run_2,tool_interface,low_information_tool_state,tool_task_failure
stabletoolbench,group_chat_debate,3510,run_0,tool_interface,low_information_tool_state,tool_task_failure
stabletoolbench,group_chat_debate,3510,run_1,tool_interface,low_information_tool_state,tool_task_failure
stabletoolbench,group_chat_debate,3510,run_2,tool_interface,low_information_tool_state,tool_task_failure
stabletoolbench,group_chat_debate,4505,run_0,tool_interface,low_information_tool_state,tool_task_failure
stabletoolbench,group_chat_debate,4505,run_1,tool_interface,low_information_tool_state,tool_task_failure
stabletoolbench,group_chat_debate,5116,run_0,tool_interface,low_information_tool_state,tool_task_failure
stabletoolbench,group_chat_debate,5116,run_1,tool_interface,low_information_tool_state,tool_task_failure
stabletoolbench,group_chat_debate,7497,run_0,tool_interface,low_information_tool_state,tool_task_failure
stabletoolbench,group_chat_debate,7497,run_1,tool_interface,low_information_tool_state,tool_task_failure
stabletoolbench,group_chat_debate,7658,run_0,tool_interface,low_information_tool_state,tool_task_failure
stabletoolbench,group_chat_debate,7658,run_2,tool_interface,low_information_tool_state,tool_task_failure
stabletoolbench,group_chat_debate,8025,run_0,tool_interface,low_information_tool_state,tool_task_failure
stabletoolbench,group_chat_debate,8025,run_1,tool_interface,low_information_tool_state,tool_task_failure
stabletoolbench,group_chat_debate,8025,run_2,tool_interface,low_information_tool_state,tool_task_failure
stabletoolbench,group_chat_debate,9984,run_2,tool_interface,low_information_tool_state,tool_task_failure
stabletoolbench,only_voting,12204,run_0,tool_interface,low_information_tool_state,tool_task_failure
stabletoolbench,only_voting,12204,run_1,tool_interface,low_information_tool_state,tool_task_failure
stabletoolbench,only_voting,12204,run_2,tool_interface,low_information_tool_state,tool_task_failure
stabletoolbench,only_voting,13095,run_0,unsupported_synthesis,unsupported_synthesis_state,tool_task_failure
stabletoolbench,only_voting,13095,run_1,unsupported_synthesis,unsupported_synthesis_state,tool_task_failure
stabletoolbench,only_voting,13095,run_2,unsupported_synthesis,unsupported_synthesis_state,tool_task_failure
stabletoolbench,only_voting,15511,run_1,tool_interface,low_information_tool_state,tool_task_failure
stabletoolbench,only_voting,1572,run_0,tool_interface,low_information_tool_state,tool_task_failure
stabletoolbench,only_voting,17223,run_1,tool_interface,low_information_tool_state,tool_task_failure
stabletoolbench,only_voting,20704,run_0,unsupported_synthesis,unsupported_synthesis_state,tool_task_failure
stabletoolbench,only_voting,21596,run_0,tool_interface,low_information_tool_state,tool_task_failure
stabletoolbench,only_voting,21596,run_2,tool_interface,low_information_tool_state,tool_task_failure
stabletoolbench,only_voting,22781,run_0,tool_interface,low_information_tool_state,tool_task_failure
stabletoolbench,only_voting,22781,run_1,tool_interface,low_information_tool_state,tool_task_failure
stabletoolbench,only_voting,22781,run_2,tool_interface,low_information_tool_state,tool_task_failure
stabletoolbench,only_voting,23163,run_1,tool_interface,low_information_tool_state,tool_task_failure
stabletoolbench,only_voting,23163,run_2,evidence_gap,contaminated_evidence_state,tool_task_failure
stabletoolbench,only_voting,23248,run_0,unsupported_synthesis,unsupported_synthesis_state,tool_task_failure
stabletoolbench,only_voting,23248,run_1,unsupported_synthesis,unsupported_synthesis_state,tool_task_failure
stabletoolbench,only_voting,23248,run_2,tool_interface,low_information_tool_state,tool_task_failure
stabletoolbench,only_voting,24810,run_0,tool_interface,low_information_tool_state,tool_task_failure
stabletoolbench,only_voting,24810,run_1,tool_interface,low_information_tool_state,tool_task_failure
stabletoolbench,only_voting,25052,run_0,tool_interface,low_information_tool_state,tool_task_failure
stabletoolbench,only_voting,25052,run_1,tool_interface,low_information_tool_state,tool_task_failure
stabletoolbench,only_voting,26063,run_0,tool_interface,low_information_tool_state,tool_task_failure
stabletoolbench,only_voting,26752,run_0,evidence_gap,contaminated_evidence_state,tool_task_failure
stabletoolbench,only_voting,26752,run_1,tool_interface,low_information_tool_state,tool_task_failure
stabletoolbench,only_voting,26752,run_2,tool_interface,low_information_tool_state,tool_task_failure
stabletoolbench,only_voting,26892,run_0,evidence_gap,contaminated_evidence_state,tool_task_failure
stabletoolbench,only_voting,26892,run_2,unsupported_synthesis,unsupported_synthesis_state,tool_task_failure
stabletoolbench,only_voting,31117,run_0,tool_interface,low_information_tool_state,tool_task_failure
stabletoolbench,only_voting,31117,run_1,tool_interface,low_information_tool_state,tool_task_failure
stabletoolbench,only_voting,31117,run_2,tool_interface,low_information_tool_state,tool_task_failure
stabletoolbench,only_voting,31402,run_0,tool_interface,low_information_tool_state,tool_task_failure
stabletoolbench,only_voting,31402,run_1,tool_interface,low_information_tool_state,tool_task_failure
stabletoolbench,only_voting,31402,run_2,tool_interface,low_information_tool_state,tool_task_failure
stabletoolbench,only_voting,32617,run_1,tool_interface,low_information_tool_state,tool_task_failure
stabletoolbench,only_voting,32807,run_0,tool_interface,low_information_tool_state,tool_task_failure
stabletoolbench,only_voting,3308,run_2,tool_interface,low_information_tool_state,tool_task_failure
stabletoolbench,only_voting,33112,run_1,tool_interface,low_information_tool_state,tool_task_failure
stabletoolbench,only_voting,33112,run_2,tool_interface,low_information_tool_state,tool_task_failure
stabletoolbench,only_voting,3510,run_0,tool_interface,low_information_tool_state,tool_task_failure
stabletoolbench,only_voting,3510,run_1,tool_interface,low_information_tool_state,tool_task_failure
stabletoolbench,only_voting,3510,run_2,tool_interface,low_information_tool_state,tool_task_failure
stabletoolbench,only_voting,4505,run_1,tool_interface,low_information_tool_state,tool_task_failure
stabletoolbench,only_voting,4505,run_2,evidence_gap,contaminated_evidence_state,tool_task_failure
stabletoolbench,only_voting,5116,run_0,tool_interface,low_information_tool_state,tool_task_failure
stabletoolbench,only_voting,5116,run_1,tool_interface,low_information_tool_state,tool_task_failure
stabletoolbench,only_voting,5116,run_2,tool_interface,low_information_tool_state,tool_task_failure
stabletoolbench,only_voting,7497,run_1,tool_interface,low_information_tool_state,tool_task_failure
stabletoolbench,only_voting,7658,run_0,tool_interface,low_information_tool_state,tool_task_failure
stabletoolbench,only_voting,7658,run_1,tool_interface,low_information_tool_state,tool_task_failure
stabletoolbench,only_voting,8025,run_0,tool_interface,low_information_tool_state,tool_task_failure
stabletoolbench,only_voting,8025,run_1,tool_interface,low_information_tool_state,tool_task_failure
stabletoolbench,only_voting,8025,run_2,tool_interface,low_information_tool_state,tool_task_failure
stabletoolbench,orchestrator_no_discussion,12204,run_1,tool_interface,low_information_tool_state,tool_task_failure
stabletoolbench,orchestrator_no_discussion,15511,run_0,unsupported_synthesis,unsupported_synthesis_state,tool_task_failure
stabletoolbench,orchestrator_no_discussion,15511,run_2,tool_interface,low_information_tool_state,tool_task_failure
stabletoolbench,orchestrator_no_discussion,1572,run_0,tool_interface,low_information_tool_state,tool_task_failure
stabletoolbench,orchestrator_no_discussion,1572,run_1,tool_interface,low_information_tool_state,tool_task_failure
stabletoolbench,orchestrator_no_discussion,1572,run_2,tool_interface,low_information_tool_state,tool_task_failure
stabletoolbench,orchestrator_no_discussion,17223,run_1,tool_interface,low_information_tool_state,tool_task_failure
stabletoolbench,orchestrator_no_discussion,21596,run_0,tool_interface,low_information_tool_state,tool_task_failure
stabletoolbench,orchestrator_no_discussion,22781,run_0,tool_interface,low_information_tool_state,tool_task_failure
stabletoolbench,orchestrator_no_discussion,22781,run_2,tool_interface,low_information_tool_state,tool_task_failure
stabletoolbench,orchestrator_no_discussion,23163,run_0,tool_interface,low_information_tool_state,tool_task_failure
stabletoolbench,orchestrator_no_discussion,23163,run_1,tool_interface,low_information_tool_state,tool_task_failure
stabletoolbench,orchestrator_no_discussion,23163,run_2,tool_interface,low_information_tool_state,tool_task_failure
stabletoolbench,orchestrator_no_discussion,23248,run_1,evidence_gap,contaminated_evidence_state,tool_task_failure
stabletoolbench,orchestrator_no_discussion,23248,run_2,unsupported_synthesis,unsupported_synthesis_state,tool_task_failure
stabletoolbench,orchestrator_no_discussion,24810,run_0,tool_interface,low_information_tool_state,tool_task_failure
stabletoolbench,orchestrator_no_discussion,24810,run_1,tool_interface,low_information_tool_state,tool_task_failure
stabletoolbench,orchestrator_no_discussion,24810,run_2,tool_interface,low_information_tool_state,tool_task_failure
stabletoolbench,orchestrator_no_discussion,25052,run_0,tool_interface,low_information_tool_state,tool_task_failure
stabletoolbench,orchestrator_no_discussion,25052,run_1,tool_interface,low_information_tool_state,tool_task_failure
stabletoolbench,orchestrator_no_discussion,25052,run_2,tool_interface,low_information_tool_state,tool_task_failure
stabletoolbench,orchestrator_no_discussion,26063,run_1,unsupported_synthesis,unsupported_synthesis_state,tool_task_failure
stabletoolbench,orchestrator_no_discussion,26063,run_2,tool_interface,low_information_tool_state,tool_task_failure
stabletoolbench,orchestrator_no_discussion,26752,run_0,tool_interface,low_information_tool_state,tool_task_failure
stabletoolbench,orchestrator_no_discussion,26892,run_1,tool_interface,low_information_tool_state,tool_task_failure
stabletoolbench,orchestrator_no_discussion,26892,run_2,unsupported_synthesis,unsupported_synthesis_state,tool_task_failure
stabletoolbench,orchestrator_no_discussion,31117,run_0,tool_interface,low_information_tool_state,tool_task_failure
stabletoolbench,orchestrator_no_discussion,31117,run_2,tool_interface,low_information_tool_state,tool_task_failure
stabletoolbench,orchestrator_no_discussion,32807,run_0,tool_interface,low_information_tool_state,tool_task_failure
stabletoolbench,orchestrator_no_discussion,32807,run_1,tool_interface,low_information_tool_state,tool_task_failure
stabletoolbench,orchestrator_no_discussion,32807,run_2,tool_interface,low_information_tool_state,tool_task_failure
stabletoolbench,orchestrator_no_discussion,3308,run_1,tool_interface,low_information_tool_state,tool_task_failure
stabletoolbench,orchestrator_no_discussion,3308,run_2,tool_interface,low_information_tool_state,tool_task_failure
stabletoolbench,orchestrator_no_discussion,33112,run_1,unsupported_synthesis,unsupported_synthesis_state,tool_task_failure
stabletoolbench,orchestrator_no_discussion,3510,run_0,tool_interface,low_information_tool_state,tool_task_failure
stabletoolbench,orchestrator_no_discussion,3510,run_1,tool_interface,low_information_tool_state,tool_task_failure
stabletoolbench,orchestrator_no_discussion,3510,run_2,unsupported_synthesis,unsupported_synthesis_state,tool_task_failure
stabletoolbench,orchestrator_no_discussion,4505,run_0,tool_interface,low_information_tool_state,tool_task_failure
stabletoolbench,orchestrator_no_discussion,4505,run_1,tool_interface,low_information_tool_state,tool_task_failure
stabletoolbench,orchestrator_no_discussion,4505,run_2,tool_interface,low_information_tool_state,tool_task_failure
stabletoolbench,orchestrator_no_discussion,5116,run_1,tool_interface,low_information_tool_state,tool_task_failure
stabletoolbench,orchestrator_no_discussion,7497,run_0,tool_interface,low_information_tool_state,tool_task_failure
stabletoolbench,orchestrator_no_discussion,7658,run_0,tool_interface,low_information_tool_state,tool_task_failure
stabletoolbench,orchestrator_no_discussion,7658,run_1,tool_interface,low_information_tool_state,tool_task_failure
stabletoolbench,orchestrator_no_discussion,7658,run_2,tool_interface,low_information_tool_state,tool_task_failure
stabletoolbench,orchestrator_no_discussion,8025,run_0,tool_interface,low_information_tool_state,tool_task_failure
stabletoolbench,orchestrator_no_discussion,8025,run_1,evidence_gap,contaminated_evidence_state,tool_task_failure
stabletoolbench,orchestrator_no_discussion,8025,run_2,tool_interface,low_information_tool_state,tool_task_failure
stabletoolbench,orchestrator_tree_structure,1073,run_1,unsupported_synthesis,unsupported_synthesis_state,tool_task_failure
stabletoolbench,orchestrator_tree_structure,1073,run_2,unsupported_synthesis,unsupported_synthesis_state,tool_task_failure
stabletoolbench,orchestrator_tree_structure,12204,run_0,tool_interface,low_information_tool_state,tool_task_failure
stabletoolbench,orchestrator_tree_structure,12204,run_2,tool_interface,low_information_tool_state,tool_task_failure
stabletoolbench,orchestrator_tree_structure,13095,run_0,tool_interface,low_information_tool_state,tool_task_failure
stabletoolbench,orchestrator_tree_structure,15511,run_0,tool_interface,low_information_tool_state,tool_task_failure
stabletoolbench,orchestrator_tree_structure,15511,run_1,tool_interface,low_information_tool_state,tool_task_failure
stabletoolbench,orchestrator_tree_structure,1572,run_0,tool_interface,low_information_tool_state,tool_task_failure
stabletoolbench,orchestrator_tree_structure,1572,run_1,tool_interface,low_information_tool_state,tool_task_failure
stabletoolbench,orchestrator_tree_structure,1572,run_2,tool_interface,low_information_tool_state,tool_task_failure
stabletoolbench,orchestrator_tree_structure,17223,run_2,tool_interface,low_information_tool_state,tool_task_failure
stabletoolbench,orchestrator_tree_structure,20704,run_1,tool_interface,low_information_tool_state,tool_task_failure
stabletoolbench,orchestrator_tree_structure,21596,run_1,tool_interface,low_information_tool_state,tool_task_failure
stabletoolbench,orchestrator_tree_structure,22781,run_1,tool_interface,low_information_tool_state,tool_task_failure
stabletoolbench,orchestrator_tree_structure,23163,run_0,tool_interface,low_information_tool_state,tool_task_failure
stabletoolbench,orchestrator_tree_structure,23163,run_1,tool_interface,low_information_tool_state,tool_task_failure
stabletoolbench,orchestrator_tree_structure,23163,run_2,tool_interface,low_information_tool_state,tool_task_failure
stabletoolbench,orchestrator_tree_structure,23248,run_0,evidence_gap,contaminated_evidence_state,tool_task_failure
stabletoolbench,orchestrator_tree_structure,23248,run_1,evidence_gap,contaminated_evidence_state,tool_task_failure
stabletoolbench,orchestrator_tree_structure,23248,run_2,tool_interface,low_information_tool_state,tool_task_failure
stabletoolbench,orchestrator_tree_structure,24810,run_0,tool_interface,low_information_tool_state,tool_task_failure
stabletoolbench,orchestrator_tree_structure,24810,run_1,tool_interface,low_information_tool_state,tool_task_failure
stabletoolbench,orchestrator_tree_structure,24810,run_2,tool_interface,low_information_tool_state,tool_task_failure
stabletoolbench,orchestrator_tree_structure,25052,run_0,tool_interface,low_information_tool_state,tool_task_failure
stabletoolbench,orchestrator_tree_structure,25052,run_1,tool_interface,low_information_tool_state,tool_task_failure
stabletoolbench,orchestrator_tree_structure,25052,run_2,tool_interface,low_information_tool_state,tool_task_failure
stabletoolbench,orchestrator_tree_structure,26063,run_0,unsupported_synthesis,unsupported_synthesis_state,tool_task_failure
stabletoolbench,orchestrator_tree_structure,26063,run_2,tool_interface,low_information_tool_state,tool_task_failure
stabletoolbench,orchestrator_tree_structure,26752,run_0,tool_interface,low_information_tool_state,tool_task_failure
stabletoolbench,orchestrator_tree_structure,26892,run_0,tool_interface,low_information_tool_state,tool_task_failure
stabletoolbench,orchestrator_tree_structure,26892,run_1,unsupported_synthesis,unsupported_synthesis_state,tool_task_failure
stabletoolbench,orchestrator_tree_structure,31117,run_0,tool_interface,low_information_tool_state,tool_task_failure
stabletoolbench,orchestrator_tree_structure,31117,run_1,tool_interface,low_information_tool_state,tool_task_failure
stabletoolbench,orchestrator_tree_structure,31117,run_2,tool_interface,low_information_tool_state,tool_task_failure
stabletoolbench,orchestrator_tree_structure,31402,run_0,tool_interface,low_information_tool_state,tool_task_failure
stabletoolbench,orchestrator_tree_structure,32807,run_0,tool_interface,low_information_tool_state,tool_task_failure
stabletoolbench,orchestrator_tree_structure,32807,run_1,tool_interface,low_information_tool_state,tool_task_failure
stabletoolbench,orchestrator_tree_structure,32807,run_2,tool_interface,low_information_tool_state,tool_task_failure
stabletoolbench,orchestrator_tree_structure,3510,run_1,tool_interface,low_information_tool_state,tool_task_failure
stabletoolbench,orchestrator_tree_structure,4505,run_0,tool_interface,low_information_tool_state,tool_task_failure
stabletoolbench,orchestrator_tree_structure,5116,run_0,tool_interface,low_information_tool_state,tool_task_failure
stabletoolbench,orchestrator_tree_structure,5116,run_2,tool_interface,low_information_tool_state,tool_task_failure
stabletoolbench,orchestrator_tree_structure,7497,run_0,tool_interface,low_information_tool_state,tool_task_failure
stabletoolbench,orchestrator_tree_structure,7497,run_2,tool_interface,low_information_tool_state,tool_task_failure
stabletoolbench,orchestrator_tree_structure,7658,run_0,tool_interface,low_information_tool_state,tool_task_failure
stabletoolbench,orchestrator_tree_structure,7658,run_1,tool_interface,low_information_tool_state,tool_task_failure
stabletoolbench,orchestrator_tree_structure,8025,run_0,tool_interface,low_information_tool_state,tool_task_failure
stabletoolbench,orchestrator_tree_structure,8025,run_1,tool_interface,low_information_tool_state,tool_task_failure
stabletoolbench,orchestrator_tree_structure,8025,run_2,tool_interface,low_information_tool_state,tool_task_failure
stabletoolbench,orchestrator_with_discussion,12204,run_0,tool_interface,low_information_tool_state,tool_task_failure
stabletoolbench,orchestrator_with_discussion,12204,run_2,tool_interface,low_information_tool_state,tool_task_failure
stabletoolbench,orchestrator_with_discussion,13095,run_1,tool_interface,low_information_tool_state,tool_task_failure
stabletoolbench,orchestrator_with_discussion,15511,run_1,unsupported_synthesis,unsupported_synthesis_state,tool_task_failure
stabletoolbench,orchestrator_with_discussion,15511,run_2,evidence_gap,contaminated_evidence_state,tool_task_failure
stabletoolbench,orchestrator_with_discussion,1572,run_0,tool_interface,low_information_tool_state,tool_task_failure
stabletoolbench,orchestrator_with_discussion,1572,run_1,tool_interface,low_information_tool_state,tool_task_failure
stabletoolbench,orchestrator_with_discussion,1572,run_2,tool_interface,low_information_tool_state,tool_task_failure
stabletoolbench,orchestrator_with_discussion,17223,run_2,tool_interface,low_information_tool_state,tool_task_failure
stabletoolbench,orchestrator_with_discussion,20704,run_2,tool_interface,low_information_tool_state,tool_task_failure
stabletoolbench,orchestrator_with_discussion,21596,run_0,tool_interface,low_information_tool_state,tool_task_failure
stabletoolbench,orchestrator_with_discussion,21596,run_1,tool_interface,low_information_tool_state,tool_task_failure
stabletoolbench,orchestrator_with_discussion,22781,run_0,tool_interface,low_information_tool_state,tool_task_failure
stabletoolbench,orchestrator_with_discussion,22781,run_1,tool_interface,low_information_tool_state,tool_task_failure
stabletoolbench,orchestrator_with_discussion,23163,run_0,unsupported_synthesis,unsupported_synthesis_state,tool_task_failure
stabletoolbench,orchestrator_with_discussion,23163,run_1,tool_interface,low_information_tool_state,tool_task_failure
stabletoolbench,orchestrator_with_discussion,23163,run_2,evidence_gap,contaminated_evidence_state,tool_task_failure
stabletoolbench,orchestrator_with_discussion,23248,run_2,evidence_gap,contaminated_evidence_state,tool_task_failure
stabletoolbench,orchestrator_with_discussion,24810,run_1,tool_interface,low_information_tool_state,tool_task_failure
stabletoolbench,orchestrator_with_discussion,25052,run_2,tool_interface,low_information_tool_state,tool_task_failure
stabletoolbench,orchestrator_with_discussion,26063,run_0,unsupported_synthesis,unsupported_synthesis_state,tool_task_failure
stabletoolbench,orchestrator_with_discussion,26892,run_2,unsupported_synthesis,unsupported_synthesis_state,tool_task_failure
stabletoolbench,orchestrator_with_discussion,31117,run_0,tool_interface,low_information_tool_state,tool_task_failure
stabletoolbench,orchestrator_with_discussion,31402,run_1,tool_interface,low_information_tool_state,tool_task_failure
stabletoolbench,orchestrator_with_discussion,32617,run_0,unsupported_synthesis,unsupported_synthesis_state,tool_task_failure
stabletoolbench,orchestrator_with_discussion,32807,run_0,tool_interface,low_information_tool_state,tool_task_failure
stabletoolbench,orchestrator_with_discussion,32807,run_1,tool_interface,low_information_tool_state,tool_task_failure
stabletoolbench,orchestrator_with_discussion,32807,run_2,tool_interface,low_information_tool_state,tool_task_failure
stabletoolbench,orchestrator_with_discussion,3308,run_0,tool_interface,low_information_tool_state,tool_task_failure
stabletoolbench,orchestrator_with_discussion,3510,run_0,tool_interface,low_information_tool_state,tool_task_failure
stabletoolbench,orchestrator_with_discussion,4505,run_0,tool_interface,low_information_tool_state,tool_task_failure
stabletoolbench,orchestrator_with_discussion,5116,run_0,tool_interface,low_information_tool_state,tool_task_failure
stabletoolbench,orchestrator_with_discussion,5116,run_2,tool_interface,low_information_tool_state,tool_task_failure
stabletoolbench,orchestrator_with_discussion,7497,run_0,tool_interface,low_information_tool_state,tool_task_failure
stabletoolbench,orchestrator_with_discussion,7497,run_2,tool_interface,low_information_tool_state,tool_task_failure
stabletoolbench,orchestrator_with_discussion,7658,run_0,tool_interface,low_information_tool_state,tool_task_failure
stabletoolbench,orchestrator_with_discussion,7658,run_1,tool_interface,low_information_tool_state,tool_task_failure
stabletoolbench,orchestrator_with_discussion,7658,run_2,tool_interface,low_information_tool_state,tool_task_failure
stabletoolbench,orchestrator_with_discussion,8025,run_0,tool_interface,low_information_tool_state,tool_task_failure
stabletoolbench,orchestrator_with_discussion,8025,run_1,tool_interface,low_information_tool_state,tool_task_failure
stabletoolbench,orchestrator_with_discussion,8025,run_2,tool_interface,low_information_tool_state,tool_task_failure
stabletoolbench,sas,12204,run_0,tool_interface,low_information_tool_state,tool_task_failure
stabletoolbench,sas,12204,run_1,tool_interface,low_information_tool_state,tool_task_failure
stabletoolbench,sas,12204,run_2,tool_interface,low_information_tool_state,tool_task_failure
stabletoolbench,sas,13095,run_0,unsupported_synthesis,unsupported_synthesis_state,tool_task_failure
stabletoolbench,sas,13095,run_2,unsupported_synthesis,unsupported_synthesis_state,tool_task_failure
stabletoolbench,sas,1572,run_0,tool_interface,low_information_tool_state,tool_task_failure
stabletoolbench,sas,1572,run_1,tool_interface,low_information_tool_state,tool_task_failure
stabletoolbench,sas,17223,run_1,tool_interface,low_information_tool_state,tool_task_failure
stabletoolbench,sas,17223,run_2,unsupported_synthesis,unsupported_synthesis_state,tool_task_failure
stabletoolbench,sas,20704,run_0,tool_interface,low_information_tool_state,tool_task_failure
stabletoolbench,sas,20704,run_1,unsupported_synthesis,unsupported_synthesis_state,tool_task_failure
stabletoolbench,sas,20704,run_2,unsupported_synthesis,unsupported_synthesis_state,tool_task_failure
stabletoolbench,sas,21596,run_0,tool_interface,low_information_tool_state,tool_task_failure
stabletoolbench,sas,21596,run_1,tool_interface,low_information_tool_state,tool_task_failure
stabletoolbench,sas,21596,run_2,tool_interface,low_information_tool_state,tool_task_failure
stabletoolbench,sas,22781,run_0,tool_interface,low_information_tool_state,tool_task_failure
stabletoolbench,sas,22781,run_1,tool_interface,low_information_tool_state,tool_task_failure
stabletoolbench,sas,23163,run_0,unsupported_synthesis,unsupported_synthesis_state,tool_task_failure
stabletoolbench,sas,23163,run_1,tool_interface,low_information_tool_state,tool_task_failure
stabletoolbench,sas,23163,run_2,tool_interface,low_information_tool_state,tool_task_failure
stabletoolbench,sas,23248,run_0,unsupported_synthesis,unsupported_synthesis_state,tool_task_failure
stabletoolbench,sas,23248,run_2,evidence_gap,contaminated_evidence_state,tool_task_failure
stabletoolbench,sas,24810,run_0,tool_interface,low_information_tool_state,tool_task_failure
stabletoolbench,sas,24810,run_2,unsupported_synthesis,unsupported_synthesis_state,tool_task_failure
stabletoolbench,sas,25052,run_1,tool_interface,low_information_tool_state,tool_task_failure
stabletoolbench,sas,26063,run_0,tool_interface,low_information_tool_state,tool_task_failure
stabletoolbench,sas,26063,run_1,unsupported_synthesis,unsupported_synthesis_state,tool_task_failure
stabletoolbench,sas,26063,run_2,unsupported_synthesis,unsupported_synthesis_state,tool_task_failure
stabletoolbench,sas,26752,run_0,tool_interface,low_information_tool_state,tool_task_failure
stabletoolbench,sas,26752,run_1,tool_interface,low_information_tool_state,tool_task_failure
stabletoolbench,sas,26752,run_2,unsupported_synthesis,unsupported_synthesis_state,tool_task_failure
stabletoolbench,sas,26892,run_0,tool_interface,low_information_tool_state,tool_task_failure
stabletoolbench,sas,26892,run_1,tool_interface,low_information_tool_state,tool_task_failure
stabletoolbench,sas,26892,run_2,unsupported_synthesis,unsupported_synthesis_state,tool_task_failure
stabletoolbench,sas,31117,run_0,tool_interface,low_information_tool_state,tool_task_failure
stabletoolbench,sas,31117,run_1,tool_interface,low_information_tool_state,tool_task_failure
stabletoolbench,sas,31117,run_2,tool_interface,low_information_tool_state,tool_task_failure
stabletoolbench,sas,31402,run_0,tool_interface,low_information_tool_state,tool_task_failure
stabletoolbench,sas,32617,run_0,unsupported_synthesis,unsupported_synthesis_state,tool_task_failure
stabletoolbench,sas,32617,run_1,unsupported_synthesis,unsupported_synthesis_state,tool_task_failure
stabletoolbench,sas,32807,run_1,tool_interface,low_information_tool_state,tool_task_failure
stabletoolbench,sas,3308,run_0,tool_interface,low_information_tool_state,tool_task_failure
stabletoolbench,sas,33112,run_1,unsupported_synthesis,unsupported_synthesis_state,tool_task_failure
stabletoolbench,sas,33112,run_2,unsupported_synthesis,unsupported_synthesis_state,tool_task_failure
stabletoolbench,sas,3510,run_0,evidence_gap,contaminated_evidence_state,tool_task_failure
stabletoolbench,sas,4505,run_0,tool_interface,low_information_tool_state,tool_task_failure
stabletoolbench,sas,4505,run_1,tool_interface,low_information_tool_state,tool_task_failure
stabletoolbench,sas,4505,run_2,tool_interface,low_information_tool_state,tool_task_failure
stabletoolbench,sas,5116,run_0,unsupported_synthesis,unsupported_synthesis_state,tool_task_failure
stabletoolbench,sas,5116,run_1,tool_interface,low_information_tool_state,tool_task_failure
stabletoolbench,sas,5116,run_2,tool_interface,low_information_tool_state,tool_task_failure
stabletoolbench,sas,7497,run_0,tool_interface,low_information_tool_state,tool_task_failure
stabletoolbench,sas,7497,run_1,tool_interface,low_information_tool_state,tool_task_failure
stabletoolbench,sas,7497,run_2,unsupported_synthesis,unsupported_synthesis_state,tool_task_failure
stabletoolbench,sas,7658,run_1,tool_interface,low_information_tool_state,tool_task_failure
stabletoolbench,sas,7658,run_2,tool_interface,low_information_tool_state,tool_task_failure
stabletoolbench,sas,8025,run_0,evidence_gap,contaminated_evidence_state,tool_task_failure
stabletoolbench,sas,8025,run_1,evidence_gap,contaminated_evidence_state,tool_task_failure
stabletoolbench,sas,8025,run_2,evidence_gap,contaminated_evidence_state,tool_task_failure
stabletoolbench,sas,9984,run_1,tool_interface,low_information_tool_state,tool_task_failure
workbench,fully_linked_debate,multi_domain_0,run_0,entity_grounding,unresolved_action_binding,workflow_failure
workbench,fully_linked_debate,multi_domain_0,run_1,entity_grounding,unresolved_action_binding,workflow_failure
workbench,fully_linked_debate,multi_domain_0,run_2,entity_grounding,unresolved_action_binding,workflow_failure
workbench,fully_linked_debate,multi_domain_1,run_0,workflow_precondition,unresolved_action_binding,workflow_failure
workbench,fully_linked_debate,multi_domain_1,run_1,entity_grounding,unresolved_action_binding,workflow_failure
workbench,fully_linked_debate,multi_domain_1,run_2,entity_grounding,unresolved_action_binding,workflow_failure
workbench,fully_linked_debate,multi_domain_10,run_0,entity_grounding,unresolved_action_binding,workflow_failure
workbench,fully_linked_debate,multi_domain_10,run_1,entity_grounding,unresolved_action_binding,workflow_failure
workbench,fully_linked_debate,multi_domain_10,run_2,entity_grounding,unresolved_action_binding,workflow_failure
workbench,fully_linked_debate,multi_domain_11,run_0,entity_grounding,unresolved_action_binding,workflow_failure
workbench,fully_linked_debate,multi_domain_11,run_1,entity_grounding,unresolved_action_binding,workflow_failure
workbench,fully_linked_debate,multi_domain_11,run_2,entity_grounding,unresolved_action_binding,workflow_failure
workbench,fully_linked_debate,multi_domain_12,run_0,entity_grounding,unresolved_action_binding,workflow_failure
workbench,fully_linked_debate,multi_domain_12,run_1,entity_grounding,unresolved_action_binding,workflow_failure
workbench,fully_linked_debate,multi_domain_12,run_2,entity_grounding,unresolved_action_binding,workflow_failure
workbench,fully_linked_debate,multi_domain_13,run_0,entity_grounding,unresolved_action_binding,workflow_failure
workbench,fully_linked_debate,multi_domain_13,run_1,entity_grounding,unresolved_action_binding,workflow_failure
workbench,fully_linked_debate,multi_domain_13,run_2,entity_grounding,unresolved_action_binding,workflow_failure
workbench,fully_linked_debate,multi_domain_14,run_0,entity_grounding,unresolved_action_binding,workflow_failure
workbench,fully_linked_debate,multi_domain_14,run_1,entity_grounding,unresolved_action_binding,workflow_failure
workbench,fully_linked_debate,multi_domain_14,run_2,entity_grounding,unresolved_action_binding,workflow_failure
workbench,fully_linked_debate,multi_domain_15,run_0,entity_grounding,unresolved_action_binding,workflow_failure
workbench,fully_linked_debate,multi_domain_15,run_1,entity_grounding,unresolved_action_binding,workflow_failure
workbench,fully_linked_debate,multi_domain_15,run_2,entity_grounding,unresolved_action_binding,workflow_failure
workbench,fully_linked_debate,multi_domain_16,run_0,entity_grounding,unresolved_action_binding,workflow_failure
workbench,fully_linked_debate,multi_domain_16,run_1,entity_grounding,unresolved_action_binding,workflow_failure
workbench,fully_linked_debate,multi_domain_16,run_2,entity_grounding,unresolved_action_binding,workflow_failure
workbench,fully_linked_debate,multi_domain_17,run_0,entity_grounding,unresolved_action_binding,workflow_failure
workbench,fully_linked_debate,multi_domain_17,run_1,entity_grounding,unresolved_action_binding,workflow_failure
workbench,fully_linked_debate,multi_domain_17,run_2,workflow_precondition,unresolved_action_binding,workflow_failure
workbench,fully_linked_debate,multi_domain_18,run_0,entity_grounding,unresolved_action_binding,workflow_failure
workbench,fully_linked_debate,multi_domain_18,run_1,entity_grounding,unresolved_action_binding,workflow_failure
workbench,fully_linked_debate,multi_domain_18,run_2,entity_grounding,unresolved_action_binding,workflow_failure
workbench,fully_linked_debate,multi_domain_19,run_0,entity_grounding,unresolved_action_binding,workflow_failure
workbench,fully_linked_debate,multi_domain_19,run_1,entity_grounding,unresolved_action_binding,workflow_failure
workbench,fully_linked_debate,multi_domain_19,run_2,entity_grounding,unresolved_action_binding,workflow_failure
workbench,fully_linked_debate,multi_domain_20,run_0,entity_grounding,unresolved_action_binding,workflow_failure
workbench,fully_linked_debate,multi_domain_20,run_2,entity_grounding,unresolved_action_binding,workflow_failure
workbench,fully_linked_debate,multi_domain_21,run_0,entity_grounding,unresolved_action_binding,workflow_failure
workbench,fully_linked_debate,multi_domain_21,run_1,entity_grounding,unresolved_action_binding,workflow_failure
workbench,fully_linked_debate,multi_domain_21,run_2,entity_grounding,unresolved_action_binding,workflow_failure
workbench,fully_linked_debate,multi_domain_22,run_0,entity_grounding,unresolved_action_binding,workflow_failure
workbench,fully_linked_debate,multi_domain_22,run_1,entity_grounding,unresolved_action_binding,workflow_failure
workbench,fully_linked_debate,multi_domain_23,run_0,entity_grounding,unresolved_action_binding,workflow_failure
workbench,fully_linked_debate,multi_domain_23,run_1,entity_grounding,unresolved_action_binding,workflow_failure
workbench,fully_linked_debate,multi_domain_23,run_2,entity_grounding,unresolved_action_binding,workflow_failure
workbench,fully_linked_debate,multi_domain_24,run_0,entity_grounding,unresolved_action_binding,workflow_failure
workbench,fully_linked_debate,multi_domain_24,run_1,entity_grounding,unresolved_action_binding,workflow_failure
workbench,fully_linked_debate,multi_domain_24,run_2,entity_grounding,unresolved_action_binding,workflow_failure
workbench,fully_linked_debate,multi_domain_25,run_0,entity_grounding,unresolved_action_binding,workflow_failure
workbench,fully_linked_debate,multi_domain_25,run_1,entity_grounding,unresolved_action_binding,workflow_failure
workbench,fully_linked_debate,multi_domain_25,run_2,entity_grounding,unresolved_action_binding,workflow_failure
workbench,fully_linked_debate,multi_domain_26,run_0,entity_grounding,unresolved_action_binding,workflow_failure
workbench,fully_linked_debate,multi_domain_26,run_1,entity_grounding,unresolved_action_binding,workflow_failure
workbench,fully_linked_debate,multi_domain_26,run_2,entity_grounding,unresolved_action_binding,workflow_failure
workbench,fully_linked_debate,multi_domain_27,run_0,entity_grounding,unresolved_action_binding,workflow_failure
workbench,fully_linked_debate,multi_domain_27,run_1,entity_grounding,unresolved_action_binding,workflow_failure
workbench,fully_linked_debate,multi_domain_27,run_2,entity_grounding,unresolved_action_binding,workflow_failure
workbench,fully_linked_debate,multi_domain_28,run_1,entity_grounding,unresolved_action_binding,workflow_failure
workbench,fully_linked_debate,multi_domain_28,run_2,entity_grounding,unresolved_action_binding,workflow_failure
workbench,fully_linked_debate,multi_domain_29,run_0,entity_grounding,unresolved_action_binding,workflow_failure
workbench,fully_linked_debate,multi_domain_29,run_2,entity_grounding,unresolved_action_binding,workflow_failure
workbench,fully_linked_debate,multi_domain_3,run_0,entity_grounding,unresolved_action_binding,workflow_failure
workbench,fully_linked_debate,multi_domain_3,run_1,entity_grounding,unresolved_action_binding,workflow_failure
workbench,fully_linked_debate,multi_domain_3,run_2,entity_grounding,unresolved_action_binding,workflow_failure
workbench,fully_linked_debate,multi_domain_6,run_0,entity_grounding,unresolved_action_binding,workflow_failure
workbench,fully_linked_debate,multi_domain_6,run_1,entity_grounding,unresolved_action_binding,workflow_failure
workbench,fully_linked_debate,multi_domain_6,run_2,entity_grounding,unresolved_action_binding,workflow_failure
workbench,fully_linked_debate,multi_domain_7,run_0,entity_grounding,unresolved_action_binding,workflow_failure
workbench,fully_linked_debate,multi_domain_7,run_1,entity_grounding,unresolved_action_binding,workflow_failure
workbench,fully_linked_debate,multi_domain_7,run_2,entity_grounding,unresolved_action_binding,workflow_failure
workbench,fully_linked_debate,multi_domain_9,run_0,entity_grounding,unresolved_action_binding,workflow_failure
workbench,fully_linked_debate,multi_domain_9,run_1,entity_grounding,unresolved_action_binding,workflow_failure
workbench,fully_linked_debate,multi_domain_9,run_2,entity_grounding,unresolved_action_binding,workflow_failure
workbench,group_chat_debate,multi_domain_0,run_0,entity_grounding,unresolved_action_binding,workflow_failure
workbench,group_chat_debate,multi_domain_0,run_1,entity_grounding,unresolved_action_binding,workflow_failure
workbench,group_chat_debate,multi_domain_0,run_2,entity_grounding,unresolved_action_binding,workflow_failure
workbench,group_chat_debate,multi_domain_1,run_0,entity_grounding,unresolved_action_binding,workflow_failure
workbench,group_chat_debate,multi_domain_1,run_1,entity_grounding,unresolved_action_binding,workflow_failure
workbench,group_chat_debate,multi_domain_1,run_2,entity_grounding,unresolved_action_binding,workflow_failure
workbench,group_chat_debate,multi_domain_10,run_0,entity_grounding,unresolved_action_binding,workflow_failure
workbench,group_chat_debate,multi_domain_10,run_1,entity_grounding,unresolved_action_binding,workflow_failure
workbench,group_chat_debate,multi_domain_10,run_2,entity_grounding,unresolved_action_binding,workflow_failure
workbench,group_chat_debate,multi_domain_11,run_0,entity_grounding,unresolved_action_binding,workflow_failure
workbench,group_chat_debate,multi_domain_11,run_1,entity_grounding,unresolved_action_binding,workflow_failure
workbench,group_chat_debate,multi_domain_11,run_2,entity_grounding,unresolved_action_binding,workflow_failure
workbench,group_chat_debate,multi_domain_12,run_0,entity_grounding,unresolved_action_binding,workflow_failure
workbench,group_chat_debate,multi_domain_12,run_1,entity_grounding,unresolved_action_binding,workflow_failure
workbench,group_chat_debate,multi_domain_12,run_2,entity_grounding,unresolved_action_binding,workflow_failure
workbench,group_chat_debate,multi_domain_13,run_0,entity_grounding,unresolved_action_binding,workflow_failure
workbench,group_chat_debate,multi_domain_13,run_1,entity_grounding,unresolved_action_binding,workflow_failure
workbench,group_chat_debate,multi_domain_13,run_2,entity_grounding,unresolved_action_binding,workflow_failure
workbench,group_chat_debate,multi_domain_14,run_0,entity_grounding,unresolved_action_binding,workflow_failure
workbench,group_chat_debate,multi_domain_14,run_1,entity_grounding,unresolved_action_binding,workflow_failure
workbench,group_chat_debate,multi_domain_14,run_2,entity_grounding,unresolved_action_binding,workflow_failure
workbench,group_chat_debate,multi_domain_15,run_0,entity_grounding,unresolved_action_binding,workflow_failure
workbench,group_chat_debate,multi_domain_15,run_1,entity_grounding,unresolved_action_binding,workflow_failure
workbench,group_chat_debate,multi_domain_15,run_2,entity_grounding,unresolved_action_binding,workflow_failure
workbench,group_chat_debate,multi_domain_16,run_0,entity_grounding,unresolved_action_binding,workflow_failure
workbench,group_chat_debate,multi_domain_16,run_1,entity_grounding,unresolved_action_binding,workflow_failure
workbench,group_chat_debate,multi_domain_16,run_2,entity_grounding,unresolved_action_binding,workflow_failure
workbench,group_chat_debate,multi_domain_17,run_0,entity_grounding,unresolved_action_binding,workflow_failure
workbench,group_chat_debate,multi_domain_17,run_1,entity_grounding,unresolved_action_binding,workflow_failure
workbench,group_chat_debate,multi_domain_17,run_2,entity_grounding,unresolved_action_binding,workflow_failure
workbench,group_chat_debate,multi_domain_18,run_0,entity_grounding,unresolved_action_binding,workflow_failure
workbench,group_chat_debate,multi_domain_18,run_1,entity_grounding,unresolved_action_binding,workflow_failure
workbench,group_chat_debate,multi_domain_18,run_2,entity_grounding,unresolved_action_binding,workflow_failure
workbench,group_chat_debate,multi_domain_19,run_0,entity_grounding,unresolved_action_binding,workflow_failure
workbench,group_chat_debate,multi_domain_19,run_1,entity_grounding,unresolved_action_binding,workflow_failure
workbench,group_chat_debate,multi_domain_19,run_2,entity_grounding,unresolved_action_binding,workflow_failure
workbench,group_chat_debate,multi_domain_20,run_0,entity_grounding,unresolved_action_binding,workflow_failure
workbench,group_chat_debate,multi_domain_20,run_1,entity_grounding,unresolved_action_binding,workflow_failure
workbench,group_chat_debate,multi_domain_21,run_0,entity_grounding,unresolved_action_binding,workflow_failure
workbench,group_chat_debate,multi_domain_21,run_1,entity_grounding,unresolved_action_binding,workflow_failure
workbench,group_chat_debate,multi_domain_21,run_2,entity_grounding,unresolved_action_binding,workflow_failure
workbench,group_chat_debate,multi_domain_22,run_0,entity_grounding,unresolved_action_binding,workflow_failure
workbench,group_chat_debate,multi_domain_22,run_1,entity_grounding,unresolved_action_binding,workflow_failure
workbench,group_chat_debate,multi_domain_22,run_2,entity_grounding,unresolved_action_binding,workflow_failure
workbench,group_chat_debate,multi_domain_23,run_0,entity_grounding,unresolved_action_binding,workflow_failure
workbench,group_chat_debate,multi_domain_23,run_1,entity_grounding,unresolved_action_binding,workflow_failure
workbench,group_chat_debate,multi_domain_23,run_2,entity_grounding,unresolved_action_binding,workflow_failure
workbench,group_chat_debate,multi_domain_24,run_0,entity_grounding,unresolved_action_binding,workflow_failure
workbench,group_chat_debate,multi_domain_24,run_2,entity_grounding,unresolved_action_binding,workflow_failure
workbench,group_chat_debate,multi_domain_25,run_1,entity_grounding,unresolved_action_binding,workflow_failure
workbench,group_chat_debate,multi_domain_26,run_0,entity_grounding,unresolved_action_binding,workflow_failure
workbench,group_chat_debate,multi_domain_26,run_1,entity_grounding,unresolved_action_binding,workflow_failure
workbench,group_chat_debate,multi_domain_26,run_2,entity_grounding,unresolved_action_binding,workflow_failure
workbench,group_chat_debate,multi_domain_27,run_0,entity_grounding,unresolved_action_binding,workflow_failure
workbench,group_chat_debate,multi_domain_27,run_1,entity_grounding,unresolved_action_binding,workflow_failure
workbench,group_chat_debate,multi_domain_27,run_2,entity_grounding,unresolved_action_binding,workflow_failure
workbench,group_chat_debate,multi_domain_28,run_0,entity_grounding,unresolved_action_binding,workflow_failure
workbench,group_chat_debate,multi_domain_28,run_1,entity_grounding,unresolved_action_binding,workflow_failure
workbench,group_chat_debate,multi_domain_28,run_2,entity_grounding,unresolved_action_binding,workflow_failure
workbench,group_chat_debate,multi_domain_29,run_0,entity_grounding,unresolved_action_binding,workflow_failure
workbench,group_chat_debate,multi_domain_3,run_0,entity_grounding,unresolved_action_binding,workflow_failure
workbench,group_chat_debate,multi_domain_3,run_1,entity_grounding,unresolved_action_binding,workflow_failure
workbench,group_chat_debate,multi_domain_3,run_2,entity_grounding,unresolved_action_binding,workflow_failure
workbench,group_chat_debate,multi_domain_6,run_0,entity_grounding,unresolved_action_binding,workflow_failure
workbench,group_chat_debate,multi_domain_6,run_1,entity_grounding,unresolved_action_binding,workflow_failure
workbench,group_chat_debate,multi_domain_6,run_2,entity_grounding,unresolved_action_binding,workflow_failure
workbench,group_chat_debate,multi_domain_7,run_0,entity_grounding,unresolved_action_binding,workflow_failure
workbench,group_chat_debate,multi_domain_7,run_1,entity_grounding,unresolved_action_binding,workflow_failure
workbench,group_chat_debate,multi_domain_7,run_2,entity_grounding,unresolved_action_binding,workflow_failure
workbench,group_chat_debate,multi_domain_9,run_0,entity_grounding,unresolved_action_binding,workflow_failure
workbench,group_chat_debate,multi_domain_9,run_1,entity_grounding,unresolved_action_binding,workflow_failure
workbench,group_chat_debate,multi_domain_9,run_2,entity_grounding,unresolved_action_binding,workflow_failure
workbench,only_voting,multi_domain_0,run_0,entity_grounding,unresolved_action_binding,workflow_failure
workbench,only_voting,multi_domain_0,run_1,entity_grounding,unresolved_action_binding,workflow_failure
workbench,only_voting,multi_domain_0,run_2,entity_grounding,unresolved_action_binding,workflow_failure
workbench,only_voting,multi_domain_1,run_0,workflow_precondition,unresolved_action_binding,workflow_failure
workbench,only_voting,multi_domain_1,run_1,entity_grounding,unresolved_action_binding,workflow_failure
workbench,only_voting,multi_domain_1,run_2,entity_grounding,unresolved_action_binding,workflow_failure
workbench,only_voting,multi_domain_10,run_0,entity_grounding,unresolved_action_binding,workflow_failure
workbench,only_voting,multi_domain_10,run_1,entity_grounding,unresolved_action_binding,workflow_failure
workbench,only_voting,multi_domain_10,run_2,workflow_precondition,unresolved_action_binding,workflow_failure
workbench,only_voting,multi_domain_11,run_0,entity_grounding,unresolved_action_binding,workflow_failure
workbench,only_voting,multi_domain_11,run_1,entity_grounding,unresolved_action_binding,workflow_failure
workbench,only_voting,multi_domain_11,run_2,entity_grounding,unresolved_action_binding,workflow_failure
workbench,only_voting,multi_domain_12,run_0,workflow_precondition,unresolved_action_binding,workflow_failure
workbench,only_voting,multi_domain_12,run_1,entity_grounding,unresolved_action_binding,workflow_failure
workbench,only_voting,multi_domain_12,run_2,entity_grounding,unresolved_action_binding,workflow_failure
workbench,only_voting,multi_domain_13,run_0,entity_grounding,unresolved_action_binding,workflow_failure
workbench,only_voting,multi_domain_13,run_1,entity_grounding,unresolved_action_binding,workflow_failure
workbench,only_voting,multi_domain_13,run_2,entity_grounding,unresolved_action_binding,workflow_failure
workbench,only_voting,multi_domain_14,run_0,entity_grounding,unresolved_action_binding,workflow_failure
workbench,only_voting,multi_domain_14,run_1,entity_grounding,unresolved_action_binding,workflow_failure
workbench,only_voting,multi_domain_14,run_2,entity_grounding,unresolved_action_binding,workflow_failure
workbench,only_voting,multi_domain_15,run_0,workflow_precondition,unresolved_action_binding,workflow_failure
workbench,only_voting,multi_domain_15,run_1,entity_grounding,unresolved_action_binding,workflow_failure
workbench,only_voting,multi_domain_15,run_2,entity_grounding,unresolved_action_binding,workflow_failure
workbench,only_voting,multi_domain_16,run_0,entity_grounding,unresolved_action_binding,workflow_failure
workbench,only_voting,multi_domain_16,run_1,workflow_precondition,unresolved_action_binding,workflow_failure
workbench,only_voting,multi_domain_16,run_2,entity_grounding,unresolved_action_binding,workflow_failure
workbench,only_voting,multi_domain_17,run_0,entity_grounding,unresolved_action_binding,workflow_failure
workbench,only_voting,multi_domain_17,run_1,entity_grounding,unresolved_action_binding,workflow_failure
workbench,only_voting,multi_domain_17,run_2,workflow_precondition,unresolved_action_binding,workflow_failure
workbench,only_voting,multi_domain_18,run_0,entity_grounding,unresolved_action_binding,workflow_failure
workbench,only_voting,multi_domain_18,run_1,entity_grounding,unresolved_action_binding,workflow_failure
workbench,only_voting,multi_domain_18,run_2,entity_grounding,unresolved_action_binding,workflow_failure
workbench,only_voting,multi_domain_19,run_0,workflow_precondition,unresolved_action_binding,workflow_failure
workbench,only_voting,multi_domain_19,run_1,workflow_precondition,unresolved_action_binding,workflow_failure
workbench,only_voting,multi_domain_19,run_2,entity_grounding,unresolved_action_binding,workflow_failure
workbench,only_voting,multi_domain_20,run_0,entity_grounding,unresolved_action_binding,workflow_failure
workbench,only_voting,multi_domain_20,run_1,entity_grounding,unresolved_action_binding,workflow_failure
workbench,only_voting,multi_domain_21,run_0,entity_grounding,unresolved_action_binding,workflow_failure
workbench,only_voting,multi_domain_21,run_1,entity_grounding,unresolved_action_binding,workflow_failure
workbench,only_voting,multi_domain_21,run_2,entity_grounding,unresolved_action_binding,workflow_failure
workbench,only_voting,multi_domain_22,run_0,entity_grounding,unresolved_action_binding,workflow_failure
workbench,only_voting,multi_domain_22,run_1,entity_grounding,unresolved_action_binding,workflow_failure
workbench,only_voting,multi_domain_22,run_2,entity_grounding,unresolved_action_binding,workflow_failure
workbench,only_voting,multi_domain_23,run_0,entity_grounding,unresolved_action_binding,workflow_failure
workbench,only_voting,multi_domain_23,run_1,entity_grounding,unresolved_action_binding,workflow_failure
workbench,only_voting,multi_domain_23,run_2,entity_grounding,unresolved_action_binding,workflow_failure
workbench,only_voting,multi_domain_24,run_0,entity_grounding,unresolved_action_binding,workflow_failure
workbench,only_voting,multi_domain_24,run_1,entity_grounding,unresolved_action_binding,workflow_failure
workbench,only_voting,multi_domain_25,run_1,entity_grounding,unresolved_action_binding,workflow_failure
workbench,only_voting,multi_domain_25,run_2,entity_grounding,unresolved_action_binding,workflow_failure
workbench,only_voting,multi_domain_26,run_0,entity_grounding,unresolved_action_binding,workflow_failure
workbench,only_voting,multi_domain_26,run_1,entity_grounding,unresolved_action_binding,workflow_failure
workbench,only_voting,multi_domain_26,run_2,entity_grounding,unresolved_action_binding,workflow_failure
workbench,only_voting,multi_domain_27,run_0,entity_grounding,unresolved_action_binding,workflow_failure
workbench,only_voting,multi_domain_27,run_1,entity_grounding,unresolved_action_binding,workflow_failure
workbench,only_voting,multi_domain_27,run_2,entity_grounding,unresolved_action_binding,workflow_failure
workbench,only_voting,multi_domain_28,run_0,entity_grounding,unresolved_action_binding,workflow_failure
workbench,only_voting,multi_domain_28,run_2,entity_grounding,unresolved_action_binding,workflow_failure
workbench,only_voting,multi_domain_3,run_0,entity_grounding,unresolved_action_binding,workflow_failure
workbench,only_voting,multi_domain_3,run_1,entity_grounding,unresolved_action_binding,workflow_failure
workbench,only_voting,multi_domain_3,run_2,entity_grounding,unresolved_action_binding,workflow_failure
workbench,only_voting,multi_domain_6,run_0,entity_grounding,unresolved_action_binding,workflow_failure
workbench,only_voting,multi_domain_6,run_1,workflow_precondition,unresolved_action_binding,workflow_failure
workbench,only_voting,multi_domain_6,run_2,entity_grounding,unresolved_action_binding,workflow_failure
workbench,only_voting,multi_domain_7,run_0,entity_grounding,unresolved_action_binding,workflow_failure
workbench,only_voting,multi_domain_7,run_1,entity_grounding,unresolved_action_binding,workflow_failure
workbench,only_voting,multi_domain_7,run_2,workflow_precondition,unresolved_action_binding,workflow_failure
workbench,only_voting,multi_domain_9,run_0,entity_grounding,unresolved_action_binding,workflow_failure
workbench,only_voting,multi_domain_9,run_1,entity_grounding,unresolved_action_binding,workflow_failure
workbench,only_voting,multi_domain_9,run_2,entity_grounding,unresolved_action_binding,workflow_failure
workbench,orchestrator_no_discussion,multi_domain_0,run_0,entity_grounding,unresolved_action_binding,workflow_failure
workbench,orchestrator_no_discussion,multi_domain_0,run_1,entity_grounding,unresolved_action_binding,workflow_failure
workbench,orchestrator_no_discussion,multi_domain_0,run_2,workflow_precondition,unresolved_action_binding,workflow_failure
workbench,orchestrator_no_discussion,multi_domain_1,run_0,entity_grounding,unresolved_action_binding,workflow_failure
workbench,orchestrator_no_discussion,multi_domain_1,run_1,entity_grounding,unresolved_action_binding,workflow_failure
workbench,orchestrator_no_discussion,multi_domain_1,run_2,entity_grounding,unresolved_action_binding,workflow_failure
workbench,orchestrator_no_discussion,multi_domain_10,run_0,entity_grounding,unresolved_action_binding,workflow_failure
workbench,orchestrator_no_discussion,multi_domain_10,run_1,entity_grounding,unresolved_action_binding,workflow_failure
workbench,orchestrator_no_discussion,multi_domain_10,run_2,entity_grounding,unresolved_action_binding,workflow_failure
workbench,orchestrator_no_discussion,multi_domain_11,run_0,entity_grounding,unresolved_action_binding,workflow_failure
workbench,orchestrator_no_discussion,multi_domain_11,run_1,entity_grounding,unresolved_action_binding,workflow_failure
workbench,orchestrator_no_discussion,multi_domain_11,run_2,workflow_precondition,unresolved_action_binding,workflow_failure
workbench,orchestrator_no_discussion,multi_domain_12,run_0,entity_grounding,unresolved_action_binding,workflow_failure
workbench,orchestrator_no_discussion,multi_domain_12,run_1,entity_grounding,unresolved_action_binding,workflow_failure
workbench,orchestrator_no_discussion,multi_domain_12,run_2,entity_grounding,unresolved_action_binding,workflow_failure
workbench,orchestrator_no_discussion,multi_domain_13,run_0,entity_grounding,unresolved_action_binding,workflow_failure
workbench,orchestrator_no_discussion,multi_domain_13,run_1,entity_grounding,unresolved_action_binding,workflow_failure
workbench,orchestrator_no_discussion,multi_domain_13,run_2,entity_grounding,unresolved_action_binding,workflow_failure
workbench,orchestrator_no_discussion,multi_domain_14,run_0,entity_grounding,unresolved_action_binding,workflow_failure
workbench,orchestrator_no_discussion,multi_domain_14,run_1,entity_grounding,unresolved_action_binding,workflow_failure
workbench,orchestrator_no_discussion,multi_domain_14,run_2,workflow_precondition,unresolved_action_binding,workflow_failure
workbench,orchestrator_no_discussion,multi_domain_15,run_0,entity_grounding,unresolved_action_binding,workflow_failure
workbench,orchestrator_no_discussion,multi_domain_15,run_1,entity_grounding,unresolved_action_binding,workflow_failure
workbench,orchestrator_no_discussion,multi_domain_15,run_2,entity_grounding,unresolved_action_binding,workflow_failure
workbench,orchestrator_no_discussion,multi_domain_16,run_0,entity_grounding,unresolved_action_binding,workflow_failure
workbench,orchestrator_no_discussion,multi_domain_16,run_1,entity_grounding,unresolved_action_binding,workflow_failure
workbench,orchestrator_no_discussion,multi_domain_16,run_2,entity_grounding,unresolved_action_binding,workflow_failure
workbench,orchestrator_no_discussion,multi_domain_17,run_0,entity_grounding,unresolved_action_binding,workflow_failure
workbench,orchestrator_no_discussion,multi_domain_17,run_1,entity_grounding,unresolved_action_binding,workflow_failure
workbench,orchestrator_no_discussion,multi_domain_17,run_2,entity_grounding,unresolved_action_binding,workflow_failure
workbench,orchestrator_no_discussion,multi_domain_18,run_0,entity_grounding,unresolved_action_binding,workflow_failure
workbench,orchestrator_no_discussion,multi_domain_18,run_1,entity_grounding,unresolved_action_binding,workflow_failure
workbench,orchestrator_no_discussion,multi_domain_18,run_2,entity_grounding,unresolved_action_binding,workflow_failure
workbench,orchestrator_no_discussion,multi_domain_19,run_0,entity_grounding,unresolved_action_binding,workflow_failure
workbench,orchestrator_no_discussion,multi_domain_19,run_1,entity_grounding,unresolved_action_binding,workflow_failure
workbench,orchestrator_no_discussion,multi_domain_19,run_2,workflow_precondition,unresolved_action_binding,workflow_failure
workbench,orchestrator_no_discussion,multi_domain_20,run_0,entity_grounding,unresolved_action_binding,workflow_failure
workbench,orchestrator_no_discussion,multi_domain_20,run_2,entity_grounding,unresolved_action_binding,workflow_failure
workbench,orchestrator_no_discussion,multi_domain_21,run_0,entity_grounding,unresolved_action_binding,workflow_failure
workbench,orchestrator_no_discussion,multi_domain_21,run_1,entity_grounding,unresolved_action_binding,workflow_failure
workbench,orchestrator_no_discussion,multi_domain_21,run_2,entity_grounding,unresolved_action_binding,workflow_failure
workbench,orchestrator_no_discussion,multi_domain_22,run_0,entity_grounding,unresolved_action_binding,workflow_failure
workbench,orchestrator_no_discussion,multi_domain_22,run_1,entity_grounding,unresolved_action_binding,workflow_failure
workbench,orchestrator_no_discussion,multi_domain_22,run_2,entity_grounding,unresolved_action_binding,workflow_failure
workbench,orchestrator_no_discussion,multi_domain_23,run_0,entity_grounding,unresolved_action_binding,workflow_failure
workbench,orchestrator_no_discussion,multi_domain_23,run_1,entity_grounding,unresolved_action_binding,workflow_failure
workbench,orchestrator_no_discussion,multi_domain_23,run_2,entity_grounding,unresolved_action_binding,workflow_failure
workbench,orchestrator_no_discussion,multi_domain_24,run_0,entity_grounding,unresolved_action_binding,workflow_failure
workbench,orchestrator_no_discussion,multi_domain_24,run_1,entity_grounding,unresolved_action_binding,workflow_failure
workbench,orchestrator_no_discussion,multi_domain_25,run_0,entity_grounding,unresolved_action_binding,workflow_failure
workbench,orchestrator_no_discussion,multi_domain_25,run_1,entity_grounding,unresolved_action_binding,workflow_failure
workbench,orchestrator_no_discussion,multi_domain_25,run_2,entity_grounding,unresolved_action_binding,workflow_failure
workbench,orchestrator_no_discussion,multi_domain_26,run_0,entity_grounding,unresolved_action_binding,workflow_failure
workbench,orchestrator_no_discussion,multi_domain_26,run_1,entity_grounding,unresolved_action_binding,workflow_failure
workbench,orchestrator_no_discussion,multi_domain_26,run_2,entity_grounding,unresolved_action_binding,workflow_failure
workbench,orchestrator_no_discussion,multi_domain_27,run_1,entity_grounding,unresolved_action_binding,workflow_failure
workbench,orchestrator_no_discussion,multi_domain_27,run_2,entity_grounding,unresolved_action_binding,workflow_failure
workbench,orchestrator_no_discussion,multi_domain_28,run_0,entity_grounding,unresolved_action_binding,workflow_failure
workbench,orchestrator_no_discussion,multi_domain_28,run_1,entity_grounding,unresolved_action_binding,workflow_failure
workbench,orchestrator_no_discussion,multi_domain_28,run_2,entity_grounding,unresolved_action_binding,workflow_failure
workbench,orchestrator_no_discussion,multi_domain_29,run_0,entity_grounding,unresolved_action_binding,workflow_failure
workbench,orchestrator_no_discussion,multi_domain_29,run_1,entity_grounding,unresolved_action_binding,workflow_failure
workbench,orchestrator_no_discussion,multi_domain_29,run_2,entity_grounding,unresolved_action_binding,workflow_failure
workbench,orchestrator_no_discussion,multi_domain_3,run_0,entity_grounding,unresolved_action_binding,workflow_failure
workbench,orchestrator_no_discussion,multi_domain_3,run_1,entity_grounding,unresolved_action_binding,workflow_failure
workbench,orchestrator_no_discussion,multi_domain_3,run_2,entity_grounding,unresolved_action_binding,workflow_failure
workbench,orchestrator_no_discussion,multi_domain_6,run_0,entity_grounding,unresolved_action_binding,workflow_failure
workbench,orchestrator_no_discussion,multi_domain_6,run_1,entity_grounding,unresolved_action_binding,workflow_failure
workbench,orchestrator_no_discussion,multi_domain_6,run_2,entity_grounding,unresolved_action_binding,workflow_failure
workbench,orchestrator_no_discussion,multi_domain_7,run_0,entity_grounding,unresolved_action_binding,workflow_failure
workbench,orchestrator_no_discussion,multi_domain_7,run_1,entity_grounding,unresolved_action_binding,workflow_failure
workbench,orchestrator_no_discussion,multi_domain_7,run_2,workflow_precondition,unresolved_action_binding,workflow_failure
workbench,orchestrator_no_discussion,multi_domain_9,run_0,entity_grounding,unresolved_action_binding,workflow_failure
workbench,orchestrator_no_discussion,multi_domain_9,run_1,entity_grounding,unresolved_action_binding,workflow_failure
workbench,orchestrator_no_discussion,multi_domain_9,run_2,entity_grounding,unresolved_action_binding,workflow_failure
workbench,orchestrator_tree_structure,multi_domain_0,run_0,entity_grounding,unresolved_action_binding,workflow_failure
workbench,orchestrator_tree_structure,multi_domain_0,run_1,entity_grounding,unresolved_action_binding,workflow_failure
workbench,orchestrator_tree_structure,multi_domain_0,run_2,entity_grounding,unresolved_action_binding,workflow_failure
workbench,orchestrator_tree_structure,multi_domain_1,run_0,entity_grounding,unresolved_action_binding,workflow_failure
workbench,orchestrator_tree_structure,multi_domain_1,run_1,entity_grounding,unresolved_action_binding,workflow_failure
workbench,orchestrator_tree_structure,multi_domain_1,run_2,entity_grounding,unresolved_action_binding,workflow_failure
workbench,orchestrator_tree_structure,multi_domain_10,run_0,entity_grounding,unresolved_action_binding,workflow_failure
workbench,orchestrator_tree_structure,multi_domain_10,run_1,entity_grounding,unresolved_action_binding,workflow_failure
workbench,orchestrator_tree_structure,multi_domain_10,run_2,entity_grounding,unresolved_action_binding,workflow_failure
workbench,orchestrator_tree_structure,multi_domain_11,run_0,entity_grounding,unresolved_action_binding,workflow_failure
workbench,orchestrator_tree_structure,multi_domain_11,run_1,entity_grounding,unresolved_action_binding,workflow_failure
workbench,orchestrator_tree_structure,multi_domain_11,run_2,entity_grounding,unresolved_action_binding,workflow_failure
workbench,orchestrator_tree_structure,multi_domain_12,run_0,entity_grounding,unresolved_action_binding,workflow_failure
workbench,orchestrator_tree_structure,multi_domain_12,run_1,entity_grounding,unresolved_action_binding,workflow_failure
workbench,orchestrator_tree_structure,multi_domain_12,run_2,entity_grounding,unresolved_action_binding,workflow_failure
workbench,orchestrator_tree_structure,multi_domain_13,run_0,entity_grounding,unresolved_action_binding,workflow_failure
workbench,orchestrator_tree_structure,multi_domain_13,run_1,entity_grounding,unresolved_action_binding,workflow_failure
workbench,orchestrator_tree_structure,multi_domain_13,run_2,entity_grounding,unresolved_action_binding,workflow_failure
workbench,orchestrator_tree_structure,multi_domain_14,run_0,entity_grounding,unresolved_action_binding,workflow_failure
workbench,orchestrator_tree_structure,multi_domain_14,run_1,entity_grounding,unresolved_action_binding,workflow_failure
workbench,orchestrator_tree_structure,multi_domain_14,run_2,entity_grounding,unresolved_action_binding,workflow_failure
workbench,orchestrator_tree_structure,multi_domain_15,run_0,entity_grounding,unresolved_action_binding,workflow_failure
workbench,orchestrator_tree_structure,multi_domain_15,run_1,entity_grounding,unresolved_action_binding,workflow_failure
workbench,orchestrator_tree_structure,multi_domain_15,run_2,entity_grounding,unresolved_action_binding,workflow_failure
workbench,orchestrator_tree_structure,multi_domain_16,run_0,workflow_precondition,unresolved_action_binding,workflow_failure
workbench,orchestrator_tree_structure,multi_domain_16,run_1,entity_grounding,unresolved_action_binding,workflow_failure
workbench,orchestrator_tree_structure,multi_domain_16,run_2,entity_grounding,unresolved_action_binding,workflow_failure
workbench,orchestrator_tree_structure,multi_domain_17,run_0,entity_grounding,unresolved_action_binding,workflow_failure
workbench,orchestrator_tree_structure,multi_domain_17,run_1,entity_grounding,unresolved_action_binding,workflow_failure
workbench,orchestrator_tree_structure,multi_domain_17,run_2,entity_grounding,unresolved_action_binding,workflow_failure
workbench,orchestrator_tree_structure,multi_domain_18,run_0,entity_grounding,unresolved_action_binding,workflow_failure
workbench,orchestrator_tree_structure,multi_domain_18,run_1,entity_grounding,unresolved_action_binding,workflow_failure
workbench,orchestrator_tree_structure,multi_domain_18,run_2,entity_grounding,unresolved_action_binding,workflow_failure
workbench,orchestrator_tree_structure,multi_domain_19,run_0,entity_grounding,unresolved_action_binding,workflow_failure
workbench,orchestrator_tree_structure,multi_domain_19,run_1,entity_grounding,unresolved_action_binding,workflow_failure
workbench,orchestrator_tree_structure,multi_domain_19,run_2,entity_grounding,unresolved_action_binding,workflow_failure
workbench,orchestrator_tree_structure,multi_domain_20,run_0,entity_grounding,unresolved_action_binding,workflow_failure
workbench,orchestrator_tree_structure,multi_domain_20,run_1,entity_grounding,unresolved_action_binding,workflow_failure
workbench,orchestrator_tree_structure,multi_domain_20,run_2,entity_grounding,unresolved_action_binding,workflow_failure
workbench,orchestrator_tree_structure,multi_domain_21,run_0,entity_grounding,unresolved_action_binding,workflow_failure
workbench,orchestrator_tree_structure,multi_domain_21,run_1,entity_grounding,unresolved_action_binding,workflow_failure
workbench,orchestrator_tree_structure,multi_domain_21,run_2,entity_grounding,unresolved_action_binding,workflow_failure
workbench,orchestrator_tree_structure,multi_domain_22,run_0,entity_grounding,unresolved_action_binding,workflow_failure
workbench,orchestrator_tree_structure,multi_domain_22,run_2,entity_grounding,unresolved_action_binding,workflow_failure
workbench,orchestrator_tree_structure,multi_domain_23,run_0,entity_grounding,unresolved_action_binding,workflow_failure
workbench,orchestrator_tree_structure,multi_domain_23,run_1,entity_grounding,unresolved_action_binding,workflow_failure
workbench,orchestrator_tree_structure,multi_domain_23,run_2,entity_grounding,unresolved_action_binding,workflow_failure
workbench,orchestrator_tree_structure,multi_domain_24,run_1,entity_grounding,unresolved_action_binding,workflow_failure
workbench,orchestrator_tree_structure,multi_domain_24,run_2,entity_grounding,unresolved_action_binding,workflow_failure
workbench,orchestrator_tree_structure,multi_domain_25,run_0,entity_grounding,unresolved_action_binding,workflow_failure
workbench,orchestrator_tree_structure,multi_domain_25,run_1,entity_grounding,unresolved_action_binding,workflow_failure
workbench,orchestrator_tree_structure,multi_domain_25,run_2,entity_grounding,unresolved_action_binding,workflow_failure
workbench,orchestrator_tree_structure,multi_domain_26,run_0,entity_grounding,unresolved_action_binding,workflow_failure
workbench,orchestrator_tree_structure,multi_domain_26,run_1,entity_grounding,unresolved_action_binding,workflow_failure
workbench,orchestrator_tree_structure,multi_domain_26,run_2,entity_grounding,unresolved_action_binding,workflow_failure
workbench,orchestrator_tree_structure,multi_domain_27,run_0,entity_grounding,unresolved_action_binding,workflow_failure
workbench,orchestrator_tree_structure,multi_domain_27,run_1,entity_grounding,unresolved_action_binding,workflow_failure
workbench,orchestrator_tree_structure,multi_domain_28,run_0,entity_grounding,unresolved_action_binding,workflow_failure
workbench,orchestrator_tree_structure,multi_domain_28,run_1,entity_grounding,unresolved_action_binding,workflow_failure
workbench,orchestrator_tree_structure,multi_domain_28,run_2,entity_grounding,unresolved_action_binding,workflow_failure
workbench,orchestrator_tree_structure,multi_domain_29,run_0,entity_grounding,unresolved_action_binding,workflow_failure
workbench,orchestrator_tree_structure,multi_domain_29,run_1,entity_grounding,unresolved_action_binding,workflow_failure
workbench,orchestrator_tree_structure,multi_domain_29,run_2,entity_grounding,unresolved_action_binding,workflow_failure
workbench,orchestrator_tree_structure,multi_domain_3,run_0,entity_grounding,unresolved_action_binding,workflow_failure
workbench,orchestrator_tree_structure,multi_domain_3,run_1,entity_grounding,unresolved_action_binding,workflow_failure
workbench,orchestrator_tree_structure,multi_domain_3,run_2,entity_grounding,unresolved_action_binding,workflow_failure
workbench,orchestrator_tree_structure,multi_domain_6,run_0,entity_grounding,unresolved_action_binding,workflow_failure
workbench,orchestrator_tree_structure,multi_domain_6,run_1,entity_grounding,unresolved_action_binding,workflow_failure
workbench,orchestrator_tree_structure,multi_domain_6,run_2,workflow_precondition,unresolved_action_binding,workflow_failure
workbench,orchestrator_tree_structure,multi_domain_7,run_0,entity_grounding,unresolved_action_binding,workflow_failure
workbench,orchestrator_tree_structure,multi_domain_7,run_1,entity_grounding,unresolved_action_binding,workflow_failure
workbench,orchestrator_tree_structure,multi_domain_7,run_2,workflow_precondition,unresolved_action_binding,workflow_failure
workbench,orchestrator_tree_structure,multi_domain_9,run_0,entity_grounding,unresolved_action_binding,workflow_failure
workbench,orchestrator_tree_structure,multi_domain_9,run_1,entity_grounding,unresolved_action_binding,workflow_failure
workbench,orchestrator_tree_structure,multi_domain_9,run_2,workflow_precondition,unresolved_action_binding,workflow_failure
workbench,orchestrator_with_discussion,multi_domain_0,run_0,entity_grounding,unresolved_action_binding,workflow_failure
workbench,orchestrator_with_discussion,multi_domain_0,run_1,entity_grounding,unresolved_action_binding,workflow_failure
workbench,orchestrator_with_discussion,multi_domain_0,run_2,entity_grounding,unresolved_action_binding,workflow_failure
workbench,orchestrator_with_discussion,multi_domain_1,run_0,entity_grounding,unresolved_action_binding,workflow_failure
workbench,orchestrator_with_discussion,multi_domain_1,run_1,entity_grounding,unresolved_action_binding,workflow_failure
workbench,orchestrator_with_discussion,multi_domain_1,run_2,entity_grounding,unresolved_action_binding,workflow_failure
workbench,orchestrator_with_discussion,multi_domain_10,run_0,entity_grounding,unresolved_action_binding,workflow_failure
workbench,orchestrator_with_discussion,multi_domain_10,run_1,entity_grounding,unresolved_action_binding,workflow_failure
workbench,orchestrator_with_discussion,multi_domain_10,run_2,entity_grounding,unresolved_action_binding,workflow_failure
workbench,orchestrator_with_discussion,multi_domain_11,run_0,entity_grounding,unresolved_action_binding,workflow_failure
workbench,orchestrator_with_discussion,multi_domain_11,run_1,entity_grounding,unresolved_action_binding,workflow_failure
workbench,orchestrator_with_discussion,multi_domain_11,run_2,entity_grounding,unresolved_action_binding,workflow_failure
workbench,orchestrator_with_discussion,multi_domain_12,run_0,entity_grounding,unresolved_action_binding,workflow_failure
workbench,orchestrator_with_discussion,multi_domain_12,run_1,entity_grounding,unresolved_action_binding,workflow_failure
workbench,orchestrator_with_discussion,multi_domain_12,run_2,entity_grounding,unresolved_action_binding,workflow_failure
workbench,orchestrator_with_discussion,multi_domain_13,run_0,entity_grounding,unresolved_action_binding,workflow_failure
workbench,orchestrator_with_discussion,multi_domain_13,run_1,entity_grounding,unresolved_action_binding,workflow_failure
workbench,orchestrator_with_discussion,multi_domain_13,run_2,entity_grounding,unresolved_action_binding,workflow_failure
workbench,orchestrator_with_discussion,multi_domain_14,run_0,entity_grounding,unresolved_action_binding,workflow_failure
workbench,orchestrator_with_discussion,multi_domain_14,run_1,entity_grounding,unresolved_action_binding,workflow_failure
workbench,orchestrator_with_discussion,multi_domain_14,run_2,entity_grounding,unresolved_action_binding,workflow_failure
workbench,orchestrator_with_discussion,multi_domain_15,run_0,workflow_precondition,unresolved_action_binding,workflow_failure
workbench,orchestrator_with_discussion,multi_domain_15,run_1,entity_grounding,unresolved_action_binding,workflow_failure
workbench,orchestrator_with_discussion,multi_domain_15,run_2,entity_grounding,unresolved_action_binding,workflow_failure
workbench,orchestrator_with_discussion,multi_domain_16,run_0,entity_grounding,unresolved_action_binding,workflow_failure
workbench,orchestrator_with_discussion,multi_domain_16,run_1,entity_grounding,unresolved_action_binding,workflow_failure
workbench,orchestrator_with_discussion,multi_domain_16,run_2,workflow_precondition,unresolved_action_binding,workflow_failure
workbench,orchestrator_with_discussion,multi_domain_17,run_0,entity_grounding,unresolved_action_binding,workflow_failure
workbench,orchestrator_with_discussion,multi_domain_17,run_1,entity_grounding,unresolved_action_binding,workflow_failure
workbench,orchestrator_with_discussion,multi_domain_17,run_2,workflow_precondition,unresolved_action_binding,workflow_failure
workbench,orchestrator_with_discussion,multi_domain_18,run_0,entity_grounding,unresolved_action_binding,workflow_failure
workbench,orchestrator_with_discussion,multi_domain_18,run_1,entity_grounding,unresolved_action_binding,workflow_failure
workbench,orchestrator_with_discussion,multi_domain_18,run_2,entity_grounding,unresolved_action_binding,workflow_failure
workbench,orchestrator_with_discussion,multi_domain_19,run_0,entity_grounding,unresolved_action_binding,workflow_failure
workbench,orchestrator_with_discussion,multi_domain_19,run_1,entity_grounding,unresolved_action_binding,workflow_failure
workbench,orchestrator_with_discussion,multi_domain_19,run_2,entity_grounding,unresolved_action_binding,workflow_failure
workbench,orchestrator_with_discussion,multi_domain_20,run_0,entity_grounding,unresolved_action_binding,workflow_failure
workbench,orchestrator_with_discussion,multi_domain_20,run_1,entity_grounding,unresolved_action_binding,workflow_failure
workbench,orchestrator_with_discussion,multi_domain_21,run_0,entity_grounding,unresolved_action_binding,workflow_failure
workbench,orchestrator_with_discussion,multi_domain_21,run_1,entity_grounding,unresolved_action_binding,workflow_failure
workbench,orchestrator_with_discussion,multi_domain_21,run_2,entity_grounding,unresolved_action_binding,workflow_failure
workbench,orchestrator_with_discussion,multi_domain_22,run_0,entity_grounding,unresolved_action_binding,workflow_failure
workbench,orchestrator_with_discussion,multi_domain_22,run_1,entity_grounding,unresolved_action_binding,workflow_failure
workbench,orchestrator_with_discussion,multi_domain_22,run_2,entity_grounding,unresolved_action_binding,workflow_failure
workbench,orchestrator_with_discussion,multi_domain_23,run_0,entity_grounding,unresolved_action_binding,workflow_failure
workbench,orchestrator_with_discussion,multi_domain_23,run_1,entity_grounding,unresolved_action_binding,workflow_failure
workbench,orchestrator_with_discussion,multi_domain_23,run_2,entity_grounding,unresolved_action_binding,workflow_failure
workbench,orchestrator_with_discussion,multi_domain_24,run_0,entity_grounding,unresolved_action_binding,workflow_failure
workbench,orchestrator_with_discussion,multi_domain_24,run_1,entity_grounding,unresolved_action_binding,workflow_failure
workbench,orchestrator_with_discussion,multi_domain_24,run_2,entity_grounding,unresolved_action_binding,workflow_failure
workbench,orchestrator_with_discussion,multi_domain_25,run_0,entity_grounding,unresolved_action_binding,workflow_failure
workbench,orchestrator_with_discussion,multi_domain_25,run_1,entity_grounding,unresolved_action_binding,workflow_failure
workbench,orchestrator_with_discussion,multi_domain_25,run_2,entity_grounding,unresolved_action_binding,workflow_failure
workbench,orchestrator_with_discussion,multi_domain_26,run_0,entity_grounding,unresolved_action_binding,workflow_failure
workbench,orchestrator_with_discussion,multi_domain_26,run_1,entity_grounding,unresolved_action_binding,workflow_failure
workbench,orchestrator_with_discussion,multi_domain_26,run_2,entity_grounding,unresolved_action_binding,workflow_failure
workbench,orchestrator_with_discussion,multi_domain_27,run_0,entity_grounding,unresolved_action_binding,workflow_failure
workbench,orchestrator_with_discussion,multi_domain_27,run_1,entity_grounding,unresolved_action_binding,workflow_failure
workbench,orchestrator_with_discussion,multi_domain_28,run_0,entity_grounding,unresolved_action_binding,workflow_failure
workbench,orchestrator_with_discussion,multi_domain_28,run_1,entity_grounding,unresolved_action_binding,workflow_failure
workbench,orchestrator_with_discussion,multi_domain_28,run_2,entity_grounding,unresolved_action_binding,workflow_failure
workbench,orchestrator_with_discussion,multi_domain_29,run_0,entity_grounding,unresolved_action_binding,workflow_failure
workbench,orchestrator_with_discussion,multi_domain_29,run_1,entity_grounding,unresolved_action_binding,workflow_failure
workbench,orchestrator_with_discussion,multi_domain_29,run_2,entity_grounding,unresolved_action_binding,workflow_failure
workbench,orchestrator_with_discussion,multi_domain_3,run_0,entity_grounding,unresolved_action_binding,workflow_failure
workbench,orchestrator_with_discussion,multi_domain_3,run_1,entity_grounding,unresolved_action_binding,workflow_failure
workbench,orchestrator_with_discussion,multi_domain_3,run_2,entity_grounding,unresolved_action_binding,workflow_failure
workbench,orchestrator_with_discussion,multi_domain_6,run_0,entity_grounding,unresolved_action_binding,workflow_failure
workbench,orchestrator_with_discussion,multi_domain_6,run_1,entity_grounding,unresolved_action_binding,workflow_failure
workbench,orchestrator_with_discussion,multi_domain_6,run_2,entity_grounding,unresolved_action_binding,workflow_failure
workbench,orchestrator_with_discussion,multi_domain_7,run_0,entity_grounding,unresolved_action_binding,workflow_failure
workbench,orchestrator_with_discussion,multi_domain_7,run_1,entity_grounding,unresolved_action_binding,workflow_failure
workbench,orchestrator_with_discussion,multi_domain_7,run_2,entity_grounding,unresolved_action_binding,workflow_failure
workbench,orchestrator_with_discussion,multi_domain_9,run_0,entity_grounding,unresolved_action_binding,workflow_failure
workbench,orchestrator_with_discussion,multi_domain_9,run_1,entity_grounding,unresolved_action_binding,workflow_failure
workbench,orchestrator_with_discussion,multi_domain_9,run_2,entity_grounding,unresolved_action_binding,workflow_failure
workbench,sas,multi_domain_0,run_0,workflow_precondition,unresolved_action_binding,workflow_failure
workbench,sas,multi_domain_0,run_1,entity_grounding,unresolved_action_binding,workflow_failure
workbench,sas,multi_domain_0,run_2,entity_grounding,unresolved_action_binding,workflow_failure
workbench,sas,multi_domain_1,run_0,entity_grounding,unresolved_action_binding,workflow_failure
workbench,sas,multi_domain_1,run_1,entity_grounding,unresolved_action_binding,workflow_failure
workbench,sas,multi_domain_1,run_2,entity_grounding,unresolved_action_binding,workflow_failure
workbench,sas,multi_domain_10,run_0,entity_grounding,unresolved_action_binding,workflow_failure
workbench,sas,multi_domain_10,run_1,workflow_precondition,unresolved_action_binding,workflow_failure
workbench,sas,multi_domain_10,run_2,entity_grounding,unresolved_action_binding,workflow_failure
workbench,sas,multi_domain_11,run_0,entity_grounding,unresolved_action_binding,workflow_failure
workbench,sas,multi_domain_11,run_1,entity_grounding,unresolved_action_binding,workflow_failure
workbench,sas,multi_domain_11,run_2,workflow_precondition,unresolved_action_binding,workflow_failure
workbench,sas,multi_domain_12,run_0,entity_grounding,unresolved_action_binding,workflow_failure
workbench,sas,multi_domain_12,run_1,entity_grounding,unresolved_action_binding,workflow_failure
workbench,sas,multi_domain_12,run_2,entity_grounding,unresolved_action_binding,workflow_failure
workbench,sas,multi_domain_13,run_0,entity_grounding,unresolved_action_binding,workflow_failure
workbench,sas,multi_domain_13,run_1,workflow_precondition,unresolved_action_binding,workflow_failure
workbench,sas,multi_domain_13,run_2,workflow_precondition,unresolved_action_binding,workflow_failure
workbench,sas,multi_domain_14,run_0,entity_grounding,unresolved_action_binding,workflow_failure
workbench,sas,multi_domain_14,run_1,entity_grounding,unresolved_action_binding,workflow_failure
workbench,sas,multi_domain_14,run_2,workflow_precondition,unresolved_action_binding,workflow_failure
workbench,sas,multi_domain_15,run_0,workflow_precondition,unresolved_action_binding,workflow_failure
workbench,sas,multi_domain_15,run_1,entity_grounding,unresolved_action_binding,workflow_failure
workbench,sas,multi_domain_15,run_2,entity_grounding,unresolved_action_binding,workflow_failure
workbench,sas,multi_domain_16,run_0,workflow_precondition,unresolved_action_binding,workflow_failure
workbench,sas,multi_domain_16,run_1,entity_grounding,unresolved_action_binding,workflow_failure
workbench,sas,multi_domain_16,run_2,entity_grounding,unresolved_action_binding,workflow_failure
workbench,sas,multi_domain_17,run_0,entity_grounding,unresolved_action_binding,workflow_failure
workbench,sas,multi_domain_17,run_1,entity_grounding,unresolved_action_binding,workflow_failure
workbench,sas,multi_domain_17,run_2,entity_grounding,unresolved_action_binding,workflow_failure
workbench,sas,multi_domain_18,run_0,entity_grounding,unresolved_action_binding,workflow_failure
workbench,sas,multi_domain_18,run_1,entity_grounding,unresolved_action_binding,workflow_failure
workbench,sas,multi_domain_18,run_2,entity_grounding,unresolved_action_binding,workflow_failure
workbench,sas,multi_domain_19,run_0,entity_grounding,unresolved_action_binding,workflow_failure
workbench,sas,multi_domain_19,run_1,entity_grounding,unresolved_action_binding,workflow_failure
workbench,sas,multi_domain_19,run_2,workflow_precondition,unresolved_action_binding,workflow_failure
workbench,sas,multi_domain_20,run_0,entity_grounding,unresolved_action_binding,workflow_failure
workbench,sas,multi_domain_20,run_1,entity_grounding,unresolved_action_binding,workflow_failure
workbench,sas,multi_domain_20,run_2,entity_grounding,unresolved_action_binding,workflow_failure
workbench,sas,multi_domain_21,run_0,entity_grounding,unresolved_action_binding,workflow_failure
workbench,sas,multi_domain_21,run_1,entity_grounding,unresolved_action_binding,workflow_failure
workbench,sas,multi_domain_21,run_2,entity_grounding,unresolved_action_binding,workflow_failure
workbench,sas,multi_domain_22,run_1,entity_grounding,unresolved_action_binding,workflow_failure
workbench,sas,multi_domain_22,run_2,entity_grounding,unresolved_action_binding,workflow_failure
workbench,sas,multi_domain_23,run_0,entity_grounding,unresolved_action_binding,workflow_failure
workbench,sas,multi_domain_23,run_1,entity_grounding,unresolved_action_binding,workflow_failure
workbench,sas,multi_domain_23,run_2,entity_grounding,unresolved_action_binding,workflow_failure
workbench,sas,multi_domain_24,run_0,entity_grounding,unresolved_action_binding,workflow_failure
workbench,sas,multi_domain_24,run_1,entity_grounding,unresolved_action_binding,workflow_failure
workbench,sas,multi_domain_24,run_2,entity_grounding,unresolved_action_binding,workflow_failure
workbench,sas,multi_domain_25,run_0,entity_grounding,unresolved_action_binding,workflow_failure
workbench,sas,multi_domain_25,run_1,entity_grounding,unresolved_action_binding,workflow_failure
workbench,sas,multi_domain_25,run_2,entity_grounding,unresolved_action_binding,workflow_failure
workbench,sas,multi_domain_26,run_0,entity_grounding,unresolved_action_binding,workflow_failure
workbench,sas,multi_domain_26,run_1,entity_grounding,unresolved_action_binding,workflow_failure
workbench,sas,multi_domain_26,run_2,entity_grounding,unresolved_action_binding,workflow_failure
workbench,sas,multi_domain_27,run_0,entity_grounding,unresolved_action_binding,workflow_failure
workbench,sas,multi_domain_27,run_1,entity_grounding,unresolved_action_binding,workflow_failure
workbench,sas,multi_domain_27,run_2,entity_grounding,unresolved_action_binding,workflow_failure
workbench,sas,multi_domain_28,run_1,entity_grounding,unresolved_action_binding,workflow_failure
workbench,sas,multi_domain_28,run_2,entity_grounding,unresolved_action_binding,workflow_failure
workbench,sas,multi_domain_29,run_0,entity_grounding,unresolved_action_binding,workflow_failure
workbench,sas,multi_domain_29,run_1,entity_grounding,unresolved_action_binding,workflow_failure
workbench,sas,multi_domain_3,run_0,workflow_precondition,unresolved_action_binding,workflow_failure
workbench,sas,multi_domain_3,run_1,entity_grounding,unresolved_action_binding,workflow_failure
workbench,sas,multi_domain_3,run_2,entity_grounding,unresolved_action_binding,workflow_failure
workbench,sas,multi_domain_6,run_0,entity_grounding,unresolved_action_binding,workflow_failure
workbench,sas,multi_domain_6,run_1,entity_grounding,unresolved_action_binding,workflow_failure
workbench,sas,multi_domain_6,run_2,entity_grounding,unresolved_action_binding,workflow_failure
workbench,sas,multi_domain_7,run_0,entity_grounding,unresolved_action_binding,workflow_failure
workbench,sas,multi_domain_7,run_1,entity_grounding,unresolved_action_binding,workflow_failure
workbench,sas,multi_domain_7,run_2,entity_grounding,unresolved_action_binding,workflow_failure
workbench,sas,multi_domain_9,run_0,entity_grounding,unresolved_action_binding,workflow_failure
workbench,sas,multi_domain_9,run_1,entity_grounding,unresolved_action_binding,workflow_failure
workbench,sas,multi_domain_9,run_2,entity_grounding,unresolved_action_binding,workflow_failure
