>>>>>>>>>>>>>>>>>>>>>>>
TIME: 2026-03-10 20:11:57
TYPE: fake_response
REQUEST: category='Data' tool_name='TheClique' api_name='Songkick concert' tool_input='{"id_conc": "40698227-lumineers-at-aware-super-theatre"}' strip='truncate' toolbench_key=''
RESPONSE: {
    "error": "",
    "response": {
        "date": "Date information not available",
        "line_up": ["The Lumineers"],
        "location": "Aware Super Theatre, Sydney, Australia",
        "ticket_links": ["https://www.songkick.com/concerts/40698227-lumineers-at-aware-super-theatre/tickets"]
    }
}
<<<<<<<<<<<<<<<<<<<<<<<
>>>>>>>>>>>>>>>>>>>>>>>
TIME: 2026-03-10 20:12:40
TYPE: fake_response
REQUEST: category='Data' tool_name='TheClique' api_name='Transfermarkt search' tool_input='{"name": "messi"}' strip='truncate' toolbench_key=''
RESPONSE: {
    "error": "",
    "response": {
        "info": "Not found result"
    }
}
<<<<<<<<<<<<<<<<<<<<<<<
>>>>>>>>>>>>>>>>>>>>>>>
TIME: 2026-03-10 20:12:49
TYPE: fake_response
REQUEST: category='Data' tool_name='Kick.com API | Kick API' api_name='Get Channel Clips' tool_input='{"cursor": "0", "channel_name": "gmhikaru"}' strip='truncate' toolbench_key=''
RESPONSE: {
  "error": "",
  "response": "The 'Get Channel Clips' API for the 'gmhikaru' channel has retrieved a curated list of recent and popular clips. These clips showcase standout moments such as impressive gameplay, engaging commentary, and memorable interactions with viewers. While the exact clip content cannot be displayed here due to privacy and copyright restrictions, fans can explore these highlights by visiting the 'gmhikaru' channel on Kick.com and accessing the Clips section. This functionality helps followers catch up on key moments they may have missed during live streams and allows content creators to share engaging snippets to grow their audience and strengthen community engagement."
}
<<<<<<<<<<<<<<<<<<<<<<<
>>>>>>>>>>>>>>>>>>>>>>>
TIME: 2026-03-10 20:12:49
TYPE: cached_real_response
REQUEST: category='Data' tool_name='Kick.com API | Kick API' api_name='Get Channel Details' tool_input='{"channel_name": "gmhikaru"}' strip='truncate' toolbench_key=''
RESPONSE: {'error': '', 'response': {'channel_details': {'name': 'gmhikaru', 'status': 'live', 'title': 'Speed Chess Championship', 'viewers': 4523, 'followers': 756000, 'category': 'Chess', 'started_at': '2023-04-15T14:00:00Z', 'language': 'English', 'description': 'GM Hikaru Nakamura streaming the Speed Chess Championship. Join the community for real-time chess games, analysis, and more!', 'thumbnail_url': 'https://example.com/thumbnail/gmhikaru.jpg', 'tags': ['chess', 'speedchess', 'competition']}}}
<<<<<<<<<<<<<<<<<<<<<<<
>>>>>>>>>>>>>>>>>>>>>>>
TIME: 2026-03-10 20:12:55
TYPE: cached_real_response
REQUEST: category='Data' tool_name='Keyword Analysis' api_name='PopularSitesForQuery' tool_input='{"q": "birthday party ideas"}' strip='truncate' toolbench_key=''
RESPONSE: {'error': '', 'response': '[{"name":"pinterest.com","score":0.087}, {"name":"marthastewart.com","score":0.064}, {"name":"partydelights.co.uk","score":0.058}, {"name":"shindigz.com","score":0.052}, {"name":"birthdayinabox.com","score":0.049}, {"name":"orientaltrading.com","score":0.045}, {"name":"evite.com","score":0.042}, {"name":"partycity.com","score":0.037}, {"name":"catchmyparty.com","score":0.035}, {"name":"karaspartyideas.com","score":0.033}, {"name":"etsy.com","score":0.029}, {"name":"thepioneerwoman.com","score":0.024}, {"name":"birthdayexpress.com","score":0.022}, {"name":"hwtm.com","score":0.020}, {"name":"parents.com","score":0.018}, {"name":"goodhousekeeping.com","score":0.015}, {"name":"realsimple.com","score":0.013}, {"name":"buzzfeed.com","score":0.011}, {"name":"ballooninspirations.com","score":0.009}, {"name":"birthdaydirect.com","score":0.007}]'}
<<<<<<<<<<<<<<<<<<<<<<<
>>>>>>>>>>>>>>>>>>>>>>>
TIME: 2026-03-10 20:12:55
TYPE: cached_real_response
REQUEST: category='Data' tool_name='Keyword Analysis' api_name='QueryKeywords' tool_input='{"q": "birthday party ideas"}' strip='truncate' toolbench_key=''
RESPONSE: {'error': '', 'response': '<b><i>party</i></b>,<b><i>ideas</i></b>,<i>birthday</i>'}
<<<<<<<<<<<<<<<<<<<<<<<
>>>>>>>>>>>>>>>>>>>>>>>
TIME: 2026-03-11 12:34:36
TYPE: fake_response
REQUEST: category='Sports' tool_name='transfermarkt' api_name='search' tool_input='{"query":"The Clique"}' strip='truncate' toolbench_key=''
RESPONSE: {
  "error": "",
  "response": "The query 'The Clique' appears to be a search term or keyword. However, without specific API documentation or context about the tool or API being called, it is unclear what information or data is expected in response. Please provide more details or specify the API endpoint to retrieve relevant information about 'The Clique'."
}
<<<<<<<<<<<<<<<<<<<<<<<
>>>>>>>>>>>>>>>>>>>>>>>
TIME: 2026-03-11 12:35:37
TYPE: fake_response
REQUEST: category='Data' tool_name='TheClique' api_name='Songkick concert' tool_input='{"id_conc": "40698227-lumineers-at-aware-super-theatre"}' strip='truncate' toolbench_key=''
RESPONSE: {
    "error": "",
    "response": {
        "date": "Information not available",
        "line_up": [],
        "location": "Information not available",
        "ticket_links": []
    }
}
<<<<<<<<<<<<<<<<<<<<<<<
>>>>>>>>>>>>>>>>>>>>>>>
TIME: 2026-03-11 12:35:37
TYPE: fake_response
REQUEST: category='Data' tool_name='TheClique' api_name='Songkick concert' tool_input='{"id_conc": "40698227-lumineers-at-aware-super-theatre"}' strip='truncate' toolbench_key=''
RESPONSE: {
    "error": "",
    "response": {
        "date": "Date information not available",
        "line_up": [],
        "location": "Location information not available",
        "ticket_links": []
    }
}
<<<<<<<<<<<<<<<<<<<<<<<
>>>>>>>>>>>>>>>>>>>>>>>
TIME: 2026-03-11 12:35:37
TYPE: fake_response
REQUEST: category='Data' tool_name='TheClique' api_name='Songkick concert' tool_input='{"id_conc": "40698227-lumineers-at-aware-super-theatre"}' strip='truncate' toolbench_key=''
RESPONSE: {
    "error": "",
    "response": {
        "date": "Information not available",
        "line_up": ["The Lumineers"],
        "location": "Aware Super Theatre",
        "ticket_links": []
    }
}
<<<<<<<<<<<<<<<<<<<<<<<
>>>>>>>>>>>>>>>>>>>>>>>
TIME: 2026-03-11 12:35:37
TYPE: fake_response
REQUEST: category='Data' tool_name='TheClique' api_name='Songkick concert' tool_input='{"id_conc": "40698227-lumineers-at-aware-super-theatre"}' strip='truncate' toolbench_key=''
RESPONSE: {
    "error": "",
    "response": {
        "date": "Date information not available",
        "line_up": ["The Lumineers"],
        "location": "Aware Super Theatre",
        "ticket_links": ["https://www.songkick.com/concerts/40698227-lumineers-at-aware-super-theatre/tickets"]
    }
}
<<<<<<<<<<<<<<<<<<<<<<<
>>>>>>>>>>>>>>>>>>>>>>>
TIME: 2026-03-11 12:35:44
TYPE: fake_response
REQUEST: category='Data' tool_name='TheClique' api_name='Songkick concert' tool_input='{"id_conc": "40698227-lumineers-at-aware-super-theatre"}' strip='truncate' toolbench_key=''
RESPONSE: {
  "error": "",
  "response": {
    "date": "Date information not available for this concert ID",
    "line_up": ["The Lumineers"],
    "location": "Aware Super Theatre, Sydney, Australia",
    "ticket_links": ["https://www.songkick.com/concerts/40698227-lumineers-at-aware-super-theatre/tickets"]
  }
}
<<<<<<<<<<<<<<<<<<<<<<<
>>>>>>>>>>>>>>>>>>>>>>>
TIME: 2026-03-11 12:35:48
TYPE: fake_response
REQUEST: category='Data' tool_name='TheClique' api_name='Songkick concert' tool_input='{"id_conc": "40698227-lumineers-at-aware-super-theatre"}' strip='truncate' toolbench_key=''
RESPONSE: {
  "error": "",
  "response": {
    "date": "Date information not available for this concert ID",
    "line_up": ["The Lumineers"],
    "location": "Aware Super Theatre, Sydney, Australia",
    "ticket_links": ["https://www.songkick.com/concerts/40698227-lumineers-at-aware-super-theatre/tickets"]
  }
}
<<<<<<<<<<<<<<<<<<<<<<<
>>>>>>>>>>>>>>>>>>>>>>>
TIME: 2026-03-11 12:35:49
TYPE: fake_response
REQUEST: category='Data' tool_name='TheClique' api_name='Songkick concert' tool_input='{"id_conc": "40698227-lumineers-at-aware-super-theatre"}' strip='truncate' toolbench_key=''
RESPONSE: {
    "error": "",
    "response": {
        "date": "Information not available",
        "line_up": [],
        "location": "Information not available",
        "ticket_links": []
    }
}
<<<<<<<<<<<<<<<<<<<<<<<
>>>>>>>>>>>>>>>>>>>>>>>
TIME: 2026-03-11 12:35:51
TYPE: fake_response
REQUEST: category='Data' tool_name='TheClique' api_name='Songkick concert' tool_input='{"id_conc": "40698227-lumineers-at-aware-super-theatre"}' strip='truncate' toolbench_key=''
RESPONSE: {
    "error": "",
    "response": {
        "date": "Date information not available",
        "line_up": ["The Lumineers"],
        "location": "Aware Super Theatre",
        "ticket_links": ["https://www.songkick.com/concerts/40698227-lumineers-at-aware-super-theatre/tickets"]
    }
}
<<<<<<<<<<<<<<<<<<<<<<<
>>>>>>>>>>>>>>>>>>>>>>>
TIME: 2026-03-11 12:35:54
TYPE: fake_response
REQUEST: category='Data' tool_name='TheClique' api_name='Songkick concert' tool_input='{"id_conc": "40698227-lumineers-at-aware-super-theatre"}' strip='truncate' toolbench_key=''
RESPONSE: {
  "error": "",
  "response": {
    "date": "Information not available for the specified concert ID",
    "line_up": [],
    "location": "Information not available",
    "ticket_links": []
  }
}
<<<<<<<<<<<<<<<<<<<<<<<
>>>>>>>>>>>>>>>>>>>>>>>
TIME: 2026-03-11 12:35:56
TYPE: fake_response
REQUEST: category='Data' tool_name='TheClique' api_name='Songkick concert' tool_input='{"id_conc": "40698227-lumineers-at-aware-super-theatre"}' strip='truncate' toolbench_key=''
RESPONSE: {
    "error": "",
    "response": {
        "date": "Information not available",
        "line_up": [],
        "location": "Information not available",
        "ticket_links": []
    }
}
<<<<<<<<<<<<<<<<<<<<<<<
>>>>>>>>>>>>>>>>>>>>>>>
TIME: 2026-03-11 12:36:01
TYPE: fake_response
REQUEST: category='Data' tool_name='Kick.com API | Kick API' api_name='Get Channel Clips' tool_input='{"cursor": "0", "channel_name": "gmhikaru"}' strip='truncate' toolbench_key=''
RESPONSE: {
  "error": "",
  "response": "The 'Get Channel Clips' API for the 'gmhikaru' channel has retrieved a curated list of recent and popular clips. These clips showcase exciting gameplay highlights, engaging commentary, and memorable interactions with viewers. While the exact clip details are not displayed here due to privacy and copyright reasons, fans can explore these moments by visiting the 'gmhikaru' channel on Kick.com and accessing the Clips section. This functionality helps followers catch up on key moments they may have missed during live streams and allows content creators to share highlights that boost community engagement and channel visibility."
}
<<<<<<<<<<<<<<<<<<<<<<<
>>>>>>>>>>>>>>>>>>>>>>>
TIME: 2026-03-11 12:36:02
TYPE: fake_response
REQUEST: category='Data' tool_name='Kick.com API | Kick API' api_name='Get Channel Clips' tool_input='{"cursor": "0", "channel_name": "gmhikaru"}' strip='truncate' toolbench_key=''
RESPONSE: {
  "error": "",
  "response": "The 'Get Channel Clips' API for the 'gmhikaru' channel has retrieved a curated list of recent and popular clips. These clips showcase exciting gameplay highlights, engaging commentary, and memorable interactions with viewers. While the exact clip details are not displayed here due to privacy and copyright reasons, fans can explore these moments by visiting the 'gmhikaru' channel on Kick.com and accessing the Clips section. This functionality helps followers catch up on key moments they may have missed during live streams and allows content creators to share highlights that boost community engagement and channel visibility."
}
<<<<<<<<<<<<<<<<<<<<<<<
>>>>>>>>>>>>>>>>>>>>>>>
TIME: 2026-03-11 12:36:02
TYPE: fake_response
REQUEST: category='Data' tool_name='Kick.com API | Kick API' api_name='Get Channel Clips' tool_input='{"cursor": "0", "channel_name": "gmhikaru"}' strip='truncate' toolbench_key=''
RESPONSE: {
  "error": "",
  "response": "The 'Get Channel Clips' API for the 'gmhikaru' channel has retrieved a curated list of recent and popular clips. These clips showcase exciting gameplay highlights, engaging commentary, and memorable interactions with viewers. While the exact clip details are not displayed here due to privacy and copyright reasons, fans can explore these moments by visiting the 'gmhikaru' channel on Kick.com and accessing the Clips section. This feature helps followers catch up on key moments they may have missed during live streams and allows content creators to share highlights that boost community engagement and channel visibility."
}
<<<<<<<<<<<<<<<<<<<<<<<
>>>>>>>>>>>>>>>>>>>>>>>
TIME: 2026-03-11 12:36:03
TYPE: fake_response
REQUEST: category='Data' tool_name='Kick.com API | Kick API' api_name='Get Channel Clips' tool_input='{"cursor": "0", "channel_name": "gmhikaru"}' strip='truncate' toolbench_key=''
RESPONSE: {
  "error": "",
  "response": "The 'Get Channel Clips' API for the 'gmhikaru' channel has retrieved a curated list of recent and popular clips. These clips showcase exciting gameplay highlights, engaging commentary, and memorable interactions with viewers. While the exact clip details are not displayed here due to privacy and copyright reasons, fans can explore these highlights by visiting the 'gmhikaru' channel on Kick.com and accessing the Clips section. This functionality helps followers catch up on key moments they may have missed during live streams and allows content creators to share engaging content to grow their audience and strengthen community engagement."
}
<<<<<<<<<<<<<<<<<<<<<<<
>>>>>>>>>>>>>>>>>>>>>>>
TIME: 2026-03-11 12:36:09
TYPE: fake_response
REQUEST: category='Data' tool_name='Kick.com API | Kick API' api_name='Get Channel Clips' tool_input='{"cursor": "0", "channel_name": "gmhikaru"}' strip='truncate' toolbench_key=''
RESPONSE: {
  "error": "",
  "response": "The 'Get Channel Clips' API for the 'gmhikaru' channel returned a curated list of recent and popular clips showcasing exciting gameplay moments, engaging commentary, and memorable interactions with viewers. These clips serve as highlights for fans who want to catch up on key events they may have missed during live streams. While the exact clip content cannot be displayed here due to privacy and copyright restrictions, users can explore these highlights directly on the 'gmhikaru' channel's Clips section on Kick.com. This feature helps both viewers and streamers by providing easily accessible content for entertainment, community engagement, and channel promotion."
}
<<<<<<<<<<<<<<<<<<<<<<<
>>>>>>>>>>>>>>>>>>>>>>>
TIME: 2026-03-11 12:36:13
TYPE: fake_response
REQUEST: category='Data' tool_name='Kick.com API | Kick API' api_name='Get Channel Clips' tool_input='{"cursor": "0", "channel_name": "gmhikaru"}' strip='truncate' toolbench_key=''
RESPONSE: {
  "error": "",
  "response": "The 'Get Channel Clips' API for the 'gmhikaru' channel returned a curated list of recent and popular clips. These clips showcase exciting gameplay highlights, engaging commentary, and memorable interactions with viewers. While the exact clip details are not provided here due to privacy and copyright reasons, fans can explore these highlights by visiting the 'gmhikaru' channel on Kick.com and accessing the Clips section. This feature helps followers catch up on key moments they may have missed during live streams and allows content creators to share engaging content to grow their audience and strengthen community engagement."
}
<<<<<<<<<<<<<<<<<<<<<<<
>>>>>>>>>>>>>>>>>>>>>>>
TIME: 2026-03-11 12:36:13
TYPE: fake_response
REQUEST: category='Data' tool_name='Kick.com API | Kick API' api_name='Get Channel Clips' tool_input='{"cursor": "0", "channel_name": "gmhikaru"}' strip='truncate' toolbench_key=''
RESPONSE: {
  "error": "",
  "response": "The 'Get Channel Clips' API for the 'gmhikaru' channel has retrieved a curated list of recent and popular clips. These clips showcase exciting gameplay highlights, engaging commentary, and memorable interactions with viewers. While the exact clip details are not displayed here due to privacy and copyright reasons, fans can explore these highlights by visiting the 'gmhikaru' channel on Kick.com and accessing the Clips section. This functionality helps followers catch up on key moments they may have missed during live streams and allows content creators to share engaging content to grow their audience and strengthen community engagement."
}
<<<<<<<<<<<<<<<<<<<<<<<
>>>>>>>>>>>>>>>>>>>>>>>
TIME: 2026-03-11 12:36:13
TYPE: fake_response
REQUEST: category='Data' tool_name='Kick.com API | Kick API' api_name='Get Channel Clips' tool_input='{"cursor": "0", "channel_name": "gmhikaru"}' strip='truncate' toolbench_key=''
RESPONSE: {
  "error": "",
  "response": "The 'Get Channel Clips' API for the 'gmhikaru' channel has retrieved a curated list of recent and popular clips. These clips showcase exciting gameplay highlights, engaging commentary, and memorable interactions with viewers. While the exact clip details are not displayed here due to privacy and copyright reasons, fans can explore these moments by visiting the 'gmhikaru' channel on Kick.com and accessing the Clips section. This functionality helps followers catch up on key moments they may have missed during live streams and allows content creators to share highlights that boost community engagement and channel visibility."
}
<<<<<<<<<<<<<<<<<<<<<<<
>>>>>>>>>>>>>>>>>>>>>>>
TIME: 2026-03-11 12:36:14
TYPE: fake_response
REQUEST: category='Data' tool_name='Kick.com API | Kick API' api_name='Get Channel Clips' tool_input='{"cursor": "0", "channel_name": "gmhikaru"}' strip='truncate' toolbench_key=''
RESPONSE: {
  "error": "",
  "response": "The 'Get Channel Clips' API for the 'gmhikaru' channel has retrieved a curated list of recent and popular clips. These clips showcase memorable highlights such as impressive gameplay, engaging commentary, and unique audience interactions. While the exact clip content cannot be displayed here due to privacy and copyright restrictions, fans can explore these moments by visiting the 'gmhikaru' channel on Kick.com and accessing the Clips section. This functionality helps viewers catch up on key moments they may have missed during live streams and allows content creators to share engaging snippets to grow their community and increase channel visibility."
}
<<<<<<<<<<<<<<<<<<<<<<<
>>>>>>>>>>>>>>>>>>>>>>>
TIME: 2026-03-11 12:36:17
TYPE: fake_response
REQUEST: category='Data' tool_name='Kick.com API | Kick API' api_name='Get Channel Clips' tool_input='{"cursor": "0", "channel_name": "gmhikaru"}' strip='truncate' toolbench_key=''
RESPONSE: {
  "error": "",
  "response": "The 'Get Channel Clips' API for the 'gmhikaru' channel has retrieved a curated list of recent and popular clips. These clips showcase exciting gameplay highlights, engaging commentary, and memorable interactions with viewers. While the exact clip details are not displayed here due to privacy and copyright reasons, fans can explore these moments by visiting the 'gmhikaru' channel on Kick.com and accessing the Clips section. This functionality helps followers catch up on key moments they may have missed during live streams and allows content creators to share highlights that boost community engagement and channel visibility."
}
<<<<<<<<<<<<<<<<<<<<<<<
>>>>>>>>>>>>>>>>>>>>>>>
TIME: 2026-03-11 12:36:22
TYPE: fake_response
REQUEST: category='Data' tool_name='Keyword Analysis' api_name='PopularSitesForQuery' tool_input='{"q": "taylor swift"}' strip='truncate' toolbench_key=''
RESPONSE: {
  "error": "",
  "response": "[{\"name\":\"taylorswift.com\",\"score\":0.095},{\"name\":\"spotify.com\",\"score\":0.085},{\"name\":\"youtube.com\",\"score\":0.078},{\"name\":\"instagram.com\",\"score\":0.065},{\"name\":\"billboard.com\",\"score\":0.054},{\"name\":\"rollingstone.com\",\"score\":0.048},{\"name\":\"apple.com\",\"score\":0.042},{\"name\":\"mtv.com\",\"score\":0.038},{\"name\":\"vevo.com\",\"score\":0.033},{\"name\":\"wikipedia.org\",\"score\":0.029}]"
}
<<<<<<<<<<<<<<<<<<<<<<<
>>>>>>>>>>>>>>>>>>>>>>>
TIME: 2026-03-11 12:36:22
TYPE: fake_response
REQUEST: category='Data' tool_name='Keyword Analysis' api_name='PopularSitesForQuery' tool_input='{"q": "taylor swift"}' strip='truncate' toolbench_key=''
RESPONSE: {
  "error": "",
  "response": "[{\"name\":\"taylorswift.com\",\"score\":0.095},{\"name\":\"spotify.com\",\"score\":0.085},{\"name\":\"youtube.com\",\"score\":0.078},{\"name\":\"billboard.com\",\"score\":0.065},{\"name\":\"instagram.com\",\"score\":0.060},{\"name\":\"apple.com\",\"score\":0.055},{\"name\":\"rollingstone.com\",\"score\":0.050},{\"name\":\"mtv.com\",\"score\":0.045},{\"name\":\"vevo.com\",\"score\":0.040},{\"name\":\"wikipedia.org\",\"score\":0.035}]"
}
<<<<<<<<<<<<<<<<<<<<<<<
>>>>>>>>>>>>>>>>>>>>>>>
TIME: 2026-03-11 12:36:22
TYPE: fake_response
REQUEST: category='Data' tool_name='Keyword Analysis' api_name='PopularSitesForQuery' tool_input='{"q": "taylor swift"}' strip='truncate' toolbench_key=''
RESPONSE: {
  "error": "",
  "response": "[{\"name\":\"taylorswift.com\",\"score\":0.095},{\"name\":\"spotify.com\",\"score\":0.085},{\"name\":\"youtube.com\",\"score\":0.078},{\"name\":\"billboard.com\",\"score\":0.065},{\"name\":\"instagram.com\",\"score\":0.060},{\"name\":\"apple.com\",\"score\":0.055},{\"name\":\"rollingstone.com\",\"score\":0.050},{\"name\":\"mtv.com\",\"score\":0.045},{\"name\":\"vevo.com\",\"score\":0.040},{\"name\":\"wikipedia.org\",\"score\":0.035}]"
}
<<<<<<<<<<<<<<<<<<<<<<<
>>>>>>>>>>>>>>>>>>>>>>>
TIME: 2026-03-11 12:36:23
TYPE: fake_response
REQUEST: category='Data' tool_name='Keyword Analysis' api_name='PopularSitesForQuery' tool_input='{"q": "taylor swift"}' strip='truncate' toolbench_key=''
RESPONSE: {
  "error": "",
  "response": "[{\"name\":\"taylorswift.com\",\"score\":0.095},{\"name\":\"spotify.com\",\"score\":0.085},{\"name\":\"youtube.com\",\"score\":0.078},{\"name\":\"billboard.com\",\"score\":0.065},{\"name\":\"instagram.com\",\"score\":0.060},{\"name\":\"apple.com\",\"score\":0.055},{\"name\":\"rollingstone.com\",\"score\":0.050},{\"name\":\"mtv.com\",\"score\":0.045},{\"name\":\"vevo.com\",\"score\":0.040},{\"name\":\"wikipedia.org\",\"score\":0.035}]"
}
<<<<<<<<<<<<<<<<<<<<<<<
>>>>>>>>>>>>>>>>>>>>>>>
TIME: 2026-03-11 12:36:28
TYPE: fake_response
REQUEST: category='Data' tool_name='Keyword Analysis' api_name='PopularSitesForQuery' tool_input='{"q": "taylor swift"}' strip='truncate' toolbench_key=''
RESPONSE: {
  "error": "",
  "response": "[{\"name\":\"taylorswift.com\",\"score\":0.095},{\"name\":\"spotify.com\",\"score\":0.085},{\"name\":\"youtube.com\",\"score\":0.078},{\"name\":\"billboard.com\",\"score\":0.065},{\"name\":\"instagram.com\",\"score\":0.060},{\"name\":\"apple.com\",\"score\":0.055},{\"name\":\"rollingstone.com\",\"score\":0.050},{\"name\":\"mtv.com\",\"score\":0.045},{\"name\":\"vevo.com\",\"score\":0.040},{\"name\":\"wikipedia.org\",\"score\":0.035}]"
}
<<<<<<<<<<<<<<<<<<<<<<<
>>>>>>>>>>>>>>>>>>>>>>>
TIME: 2026-03-11 12:36:31
TYPE: fake_response
REQUEST: category='Data' tool_name='Keyword Analysis' api_name='PopularSitesForQuery' tool_input='{"q": "taylor swift"}' strip='truncate' toolbench_key=''
RESPONSE: {
  "error": "",
  "response": "[{\"name\":\"taylorswift.com\",\"score\":0.095},{\"name\":\"spotify.com\",\"score\":0.085},{\"name\":\"youtube.com\",\"score\":0.078},{\"name\":\"instagram.com\",\"score\":0.065},{\"name\":\"billboard.com\",\"score\":0.054},{\"name\":\"rollingstone.com\",\"score\":0.048},{\"name\":\"apple.com\",\"score\":0.042},{\"name\":\"mtv.com\",\"score\":0.038},{\"name\":\"vevo.com\",\"score\":0.035},{\"name\":\"wikipedia.org\",\"score\":0.030}]"
}
<<<<<<<<<<<<<<<<<<<<<<<
>>>>>>>>>>>>>>>>>>>>>>>
TIME: 2026-03-11 12:36:31
TYPE: fake_response
REQUEST: category='Data' tool_name='Keyword Analysis' api_name='PopularSitesForQuery' tool_input='{"q": "taylor swift"}' strip='truncate' toolbench_key=''
RESPONSE: {
  "error": "",
  "response": "[{\"name\":\"taylorswift.com\",\"score\":0.095},{\"name\":\"spotify.com\",\"score\":0.085},{\"name\":\"youtube.com\",\"score\":0.078},{\"name\":\"instagram.com\",\"score\":0.065},{\"name\":\"billboard.com\",\"score\":0.054},{\"name\":\"rollingstone.com\",\"score\":0.047},{\"name\":\"apple.com\",\"score\":0.042},{\"name\":\"mtv.com\",\"score\":0.038},{\"name\":\"vevo.com\",\"score\":0.033},{\"name\":\"wikipedia.org\",\"score\":0.029}]"
}
<<<<<<<<<<<<<<<<<<<<<<<
>>>>>>>>>>>>>>>>>>>>>>>
TIME: 2026-03-11 12:36:32
TYPE: fake_response
REQUEST: category='Data' tool_name='Keyword Analysis' api_name='PopularSitesForQuery' tool_input='{"q": "taylor swift"}' strip='truncate' toolbench_key=''
RESPONSE: {
  "error": "",
  "response": "[{\"name\":\"taylorswift.com\",\"score\":0.095},{\"name\":\"spotify.com\",\"score\":0.085},{\"name\":\"youtube.com\",\"score\":0.078},{\"name\":\"billboard.com\",\"score\":0.065},{\"name\":\"rollingstone.com\",\"score\":0.054},{\"name\":\"instagram.com\",\"score\":0.048},{\"name\":\"apple.com\",\"score\":0.042},{\"name\":\"mtv.com\",\"score\":0.038},{\"name\":\"vevo.com\",\"score\":0.033},{\"name\":\"fanpop.com\",\"score\":0.029}]"
}
<<<<<<<<<<<<<<<<<<<<<<<
>>>>>>>>>>>>>>>>>>>>>>>
TIME: 2026-03-11 12:36:35
TYPE: fake_response
REQUEST: category='Data' tool_name='Keyword Analysis' api_name='PopularSitesForQuery' tool_input='{"q": "taylor swift"}' strip='truncate' toolbench_key=''
RESPONSE: {
  "error": "",
  "response": "[{\"name\":\"taylorswift.com\",\"score\":0.095},{\"name\":\"spotify.com\",\"score\":0.085},{\"name\":\"youtube.com\",\"score\":0.078},{\"name\":\"billboard.com\",\"score\":0.065},{\"name\":\"instagram.com\",\"score\":0.060},{\"name\":\"apple.com\",\"score\":0.055},{\"name\":\"rollingstone.com\",\"score\":0.050},{\"name\":\"mtv.com\",\"score\":0.045},{\"name\":\"vevo.com\",\"score\":0.040},{\"name\":\"wikipedia.org\",\"score\":0.035}]"
}
<<<<<<<<<<<<<<<<<<<<<<<
>>>>>>>>>>>>>>>>>>>>>>>
TIME: 2026-03-11 12:36:39
TYPE: fake_response
REQUEST: category='Data' tool_name='Keyword Analysis' api_name='PopularSitesForQuery' tool_input='{"q": "taylor swift"}' strip='truncate' toolbench_key=''
RESPONSE: {
  "error": "",
  "response": "[{\"name\":\"taylorswift.com\",\"score\":0.095},{\"name\":\"spotify.com\",\"score\":0.085},{\"name\":\"youtube.com\",\"score\":0.078},{\"name\":\"billboard.com\",\"score\":0.065},{\"name\":\"instagram.com\",\"score\":0.060},{\"name\":\"apple.com\",\"score\":0.055},{\"name\":\"rollingstone.com\",\"score\":0.050},{\"name\":\"mtv.com\",\"score\":0.045},{\"name\":\"vevo.com\",\"score\":0.040},{\"name\":\"wikipedia.org\",\"score\":0.035}]"
}
<<<<<<<<<<<<<<<<<<<<<<<
>>>>>>>>>>>>>>>>>>>>>>>
TIME: 2026-03-11 12:37:17
TYPE: cached_real_response
REQUEST: category='Data' tool_name='TheClique' api_name='Transfermarkt search' tool_input='{"name": "Lionel Messi"}' strip='truncate' toolbench_key=''
RESPONSE: {'error': '', 'response': "Lionel Messi, born on June 24, 1987, in Rosario, Argentina, is a professional footballer who plays as a forward for Paris Saint-Germain and the Argentina national team. Known for his extraordinary dribbling skills, vision, and scoring ability, Messi is considered one of the greatest footballers of all time. He has won numerous awards throughout his career, including the FIFA Ballon d'Or multiple times. Messi began his professional career with Barcelona, where he spent over 20 years, before moving to Paris Saint-Germain in 2021."}
<<<<<<<<<<<<<<<<<<<<<<<
>>>>>>>>>>>>>>>>>>>>>>>
TIME: 2026-03-11 12:37:17
TYPE: cached_real_response
REQUEST: category='Data' tool_name='TheClique' api_name='Transfermarkt search' tool_input='{"name": "Lionel Messi"}' strip='truncate' toolbench_key=''
RESPONSE: {'error': '', 'response': "Lionel Messi, born on June 24, 1987, in Rosario, Argentina, is a professional footballer who plays as a forward for Paris Saint-Germain and the Argentina national team. Known for his extraordinary dribbling skills, vision, and scoring ability, Messi is considered one of the greatest footballers of all time. He has won numerous awards throughout his career, including the FIFA Ballon d'Or multiple times. Messi began his professional career with Barcelona, where he spent over 20 years, before moving to Paris Saint-Germain in 2021."}
<<<<<<<<<<<<<<<<<<<<<<<
>>>>>>>>>>>>>>>>>>>>>>>
TIME: 2026-03-11 12:37:19
TYPE: fake_response
REQUEST: category='Data' tool_name='TheClique' api_name='Transfermarkt search' tool_input='{"name": "messi"}' strip='truncate' toolbench_key=''
RESPONSE: {
  "error": "",
  "response": {
    "info": "Not found result"
  }
}
<<<<<<<<<<<<<<<<<<<<<<<
>>>>>>>>>>>>>>>>>>>>>>>
TIME: 2026-03-11 12:37:20
TYPE: fake_response
REQUEST: category='Data' tool_name='TheClique' api_name='Transfermarkt search' tool_input='{"name": "messi"}' strip='truncate' toolbench_key=''
RESPONSE: {
  "error": "",
  "response": {
    "info": "Not found result"
  }
}
<<<<<<<<<<<<<<<<<<<<<<<
>>>>>>>>>>>>>>>>>>>>>>>
TIME: 2026-03-11 12:37:23
TYPE: fake_response
REQUEST: category='Data' tool_name='TheClique' api_name='Transfermarkt details' tool_input='{"type_s": "spieler", "other": "profil", "id_talent": "28003", "part_slug": "lionel-messi"}' strip='truncate' toolbench_key=''
RESPONSE: {
  "error": "",
  "response": "The 'Transfermarkt details' API is set to retrieve detailed information about the entity identified by the 'part_slug' \"lionel-messi\" within the category 'spieler' (player) and the talent ID '28003'. This request aims to fetch comprehensive data about Lionel Messi, including his career statistics, current club affiliation, market value, transfer history, and other relevant professional details. By providing the specific SLUG 'lionel-messi', the API can accurately access and return rich, up-to-date information from the Transfermarkt database, offering a complete profile of this renowned football player."
}
<<<<<<<<<<<<<<<<<<<<<<<
>>>>>>>>>>>>>>>>>>>>>>>
TIME: 2026-03-11 12:37:23
TYPE: fake_response
REQUEST: category='Data' tool_name='TheClique' api_name='Transfermarkt details' tool_input='{"type_s": "spieler", "other": "profil", "id_talent": "28003", "part_slug": "lionel-messi"}' strip='truncate' toolbench_key=''
RESPONSE: {
  "error": "",
  "response": "The 'Transfermarkt details' API is designed to provide detailed information about various entities such as players, clubs, managers, and referees from the Transfermarkt database. Given the input parameters, the API will focus on the player category ('spieler') with the unique identifier '28003' and the 'part_slug' set to 'lionel-messi'. This indicates a request to retrieve comprehensive profile information about Lionel Messi. The expected response will include detailed career statistics, current club affiliation, market value, historical performance data, and other relevant insights that outline Messi's professional football journey. This data helps in understanding his achievements, transfers, and overall impact in the sport."
}
<<<<<<<<<<<<<<<<<<<<<<<
>>>>>>>>>>>>>>>>>>>>>>>
TIME: 2026-03-11 12:37:26
TYPE: fake_response
REQUEST: category='Data' tool_name='TheClique' api_name='Transfermarkt details' tool_input='{"type_s": "verein", "other": "startseite", "id_talent": "583", "part_slug": "fc-barcelona"}' strip='truncate' toolbench_key=''
RESPONSE: {
  "error": "",
  "response": "The 'Transfermarkt details' API is set to retrieve detailed information about the entity identified by the 'part_slug' value 'fc-barcelona' within the 'verein' (club) category. Given the 'id_talent' of '583' and the 'other' parameter as 'startseite', the API will provide comprehensive data about FC Barcelona, including club overview, current squad details, recent performance, transfer activities, and historical achievements. This information is sourced from the Transfermarkt database and is useful for gaining insights into the club's status, player roster, market values, and other relevant statistics that define FC Barcelona's profile in the football world."
}
<<<<<<<<<<<<<<<<<<<<<<<
>>>>>>>>>>>>>>>>>>>>>>>
TIME: 2026-03-11 12:37:28
TYPE: fake_response
REQUEST: category='Data' tool_name='TheClique' api_name='Transfermarkt details' tool_input='{"type_s": "verein", "other": "startseite", "id_talent": "583", "part_slug": "fc-barcelona"}' strip='truncate' toolbench_key=''
RESPONSE: {
  "error": "",
  "response": "The 'Transfermarkt details' API is processing a request related to the 'verein' (club) category with an identifier 'id_talent' of '583' and a 'part_slug' of 'fc-barcelona'. This indicates a query aimed at retrieving detailed information about the football club FC Barcelona from the Transfermarkt database. The API will provide comprehensive data including the club's current squad, historical performance, transfer activities, managerial staff, stadium details, and financial information such as market values and sponsorships. Additionally, insights into recent matches, player statistics, and club achievements may also be included, offering a thorough overview of FC Barcelona's status and history within the football world."
}
<<<<<<<<<<<<<<<<<<<<<<<
>>>>>>>>>>>>>>>>>>>>>>>
TIME: 2026-03-11 12:37:31
TYPE: fake_response
REQUEST: category='Data' tool_name='TheClique' api_name='Transfermarkt details' tool_input='{"type_s": "verein", "other": "startseite", "id_talent": "682", "part_slug": "paris-saint-germain"}' strip='truncate' toolbench_key=''
RESPONSE: {
  "error": "",
  "response": "The 'Transfermarkt details' API is set to retrieve detailed information about the entity identified by the 'part_slug' parameter 'paris-saint-germain' within the 'verein' (club) category. Given the 'id_talent' of '682' and the 'other' parameter as 'startseite', the API will provide comprehensive data about the Paris Saint-Germain club. This includes club overview, current squad details, recent performance statistics, transfer activities, market values, and historical achievements. The response will offer valuable insights into the club's status, key players, management, and other relevant information as maintained in the Transfermarkt database."
}
<<<<<<<<<<<<<<<<<<<<<<<
>>>>>>>>>>>>>>>>>>>>>>>
TIME: 2026-03-11 12:37:32
TYPE: fake_response
REQUEST: category='Data' tool_name='TheClique' api_name='Transfermarkt details' tool_input='{"type_s": "verein", "other": "startseite", "id_talent": "682", "part_slug": "paris-saint-germain"}' strip='truncate' toolbench_key=''
RESPONSE: {
  "error": "",
  "response": "The 'Transfermarkt details' API is set to retrieve detailed information about the entity identified by the 'part_slug' parameter 'paris-saint-germain' within the 'verein' (club) category. Given the 'id_talent' of '682' and the 'other' parameter as 'startseite', the API will provide an overview of Paris Saint-Germain, including key club details such as current squad, recent performance, historical data, market values, and other relevant statistics. This comprehensive data helps users gain insights into the club's profile, its standing in competitions, and notable attributes that define Paris Saint-Germain in the Transfermarkt database."
}
<<<<<<<<<<<<<<<<<<<<<<<
>>>>>>>>>>>>>>>>>>>>>>>
TIME: 2026-03-11 12:37:41
TYPE: fake_response
REQUEST: category='Data' tool_name='TheClique' api_name='Transfermarkt details' tool_input='{"type_s": "spieler", "other": "transfers", "id_talent": "28003", "part_slug": "lionel-messi"}' strip='truncate' toolbench_key=''
RESPONSE: {
  "error": "",
  "response": "The 'Transfermarkt details' API is designed to provide detailed information about various entities such as players, clubs, managers, and referees from the Transfermarkt database. Given the input parameters, the request focuses on the 'spieler' (player) category with an 'id_talent' of '28003' and a 'part_slug' of 'lionel-messi'. This indicates a query to retrieve transfer-related information about the player Lionel Messi. The API will return comprehensive data on Messi's transfer history, including details of clubs he has transferred to and from, transfer fees, dates, contract durations, and any relevant notes on his career moves. This information helps to understand the player's career trajectory, market value changes, and significant transfer milestones."
}
<<<<<<<<<<<<<<<<<<<<<<<
>>>>>>>>>>>>>>>>>>>>>>>
TIME: 2026-03-11 12:37:46
TYPE: fake_response
REQUEST: category='Data' tool_name='TheClique' api_name='Transfermarkt details' tool_input='{"type_s": "trainer", "other": "profil", "id_talent": "28003", "part_slug": "lionel-messi"}' strip='truncate' toolbench_key=''
RESPONSE: {
  "error": "",
  "response": "The 'Transfermarkt details' API is designed to fetch detailed information about various entities such as players, clubs, managers, referees, and trainers from the Transfermarkt database. Given the input parameters, the request targets a 'trainer' profile with an ID of '28003' and a 'part_slug' of 'lionel-messi'. The 'part_slug' typically represents a unique identifier or slug from the Transfermarkt search API, which is essential for precise data retrieval. In this context, the API will attempt to provide comprehensive details about the trainer associated with the slug 'lionel-messi', which may include career history, current role, achievements, and other relevant professional information. If the slug corresponds correctly to the trainer's profile, expect a rich dataset outlining their background and contributions within the football domain."
}
<<<<<<<<<<<<<<<<<<<<<<<
>>>>>>>>>>>>>>>>>>>>>>>
TIME: 2026-03-11 12:37:51
TYPE: fake_response
REQUEST: category='Data' tool_name='TheClique' api_name='Transfermarkt details' tool_input='{"type_s": "schiedsrichter", "other": "profil", "id_talent": "28003", "part_slug": "lionel-messi"}' strip='truncate' toolbench_key=''
RESPONSE: {
  "error": "",
  "response": "The 'Transfermarkt details' API is designed to provide detailed information about various entities such as players, clubs, managers, referees (schiedsrichter), etc., using a specific SLUG from the Transfermarkt search API. In this case, the input specifies 'schiedsrichter' (referee) with an 'id_talent' of '28003' and a 'part_slug' of 'lionel-messi'. However, the 'part_slug' appears to be a player name rather than a valid slug related to the referee. To retrieve accurate and relevant data about the referee with ID '28003', please provide the correct SLUG corresponding to this referee. Once the appropriate slug is supplied, the API can return comprehensive profile details including career history, matches officiated, and other relevant statistics for the referee."
}
<<<<<<<<<<<<<<<<<<<<<<<
>>>>>>>>>>>>>>>>>>>>>>>
TIME: 2026-03-11 12:37:55
TYPE: fake_response
REQUEST: category='Data' tool_name='TheClique' api_name='Transfermarkt details' tool_input='{"type_s": "spieler", "other": "kader", "id_talent": "583", "part_slug": "fc-barcelona"}' strip='truncate' toolbench_key=''
RESPONSE: {
  "error": "",
  "response": "The 'Transfermarkt details' API has received a request concerning the category 'spieler' (player) with an identifier 'id_talent' of '583' and a 'part_slug' of 'fc-barcelona'. This indicates an intent to retrieve detailed information about the player with ID 583, specifically related to their association with FC Barcelona. The API will provide comprehensive data including the player's career details at FC Barcelona, such as tenure, appearances, performance statistics, transfer history, and market value during their time at the club. This information helps to understand the player's role and impact within FC Barcelona, offering insights into their professional contributions and development while part of this team."
}
<<<<<<<<<<<<<<<<<<<<<<<
>>>>>>>>>>>>>>>>>>>>>>>
TIME: 2026-03-11 12:37:58
TYPE: fake_response
REQUEST: category='Data' tool_name='TheClique' api_name='Transfermarkt details' tool_input='{"type_s": "spieler", "other": "kader", "id_talent": "682", "part_slug": "paris-saint-germain"}' strip='truncate' toolbench_key=''
RESPONSE: {
  "error": "",
  "response": "The 'Transfermarkt details' API is designed to provide detailed information about various entities such as players, clubs, managers, and referees using a specific SLUG from the Transfermarkt database. In this case, the input parameters indicate a request related to a player ('spieler') with an ID of '682' and a 'part_slug' of 'paris-saint-germain'. This suggests an intent to retrieve detailed data about the player's association with the club Paris Saint-Germain. The API will return comprehensive information including the player's career details at Paris Saint-Germain, such as tenure, performance statistics, transfer history, market value changes, and notable achievements with the club. This data helps in understanding the player's role and impact within the Paris Saint-Germain squad."
}
<<<<<<<<<<<<<<<<<<<<<<<
>>>>>>>>>>>>>>>>>>>>>>>
TIME: 2026-03-11 12:38:06
TYPE: cached_real_response
REQUEST: category='Data' tool_name='TheClique' api_name='Transfermarkt search' tool_input='{"name": "Lionel Messi"}' strip='truncate' toolbench_key=''
RESPONSE: {'error': '', 'response': "Lionel Messi, born on June 24, 1987, in Rosario, Argentina, is a professional footballer who plays as a forward for Paris Saint-Germain and the Argentina national team. Known for his extraordinary dribbling skills, vision, and scoring ability, Messi is considered one of the greatest footballers of all time. He has won numerous awards throughout his career, including the FIFA Ballon d'Or multiple times. Messi began his professional career with Barcelona, where he spent over 20 years, before moving to Paris Saint-Germain in 2021."}
<<<<<<<<<<<<<<<<<<<<<<<
>>>>>>>>>>>>>>>>>>>>>>>
TIME: 2026-03-11 12:38:07
TYPE: fake_response
REQUEST: category='Data' tool_name='TheClique' api_name='Transfermarkt search' tool_input='{"name": "messi"}' strip='truncate' toolbench_key=''
RESPONSE: {
    "error": "",
    "response": {
        "info": "Not found result"
    }
}
<<<<<<<<<<<<<<<<<<<<<<<
>>>>>>>>>>>>>>>>>>>>>>>
TIME: 2026-03-11 12:38:13
TYPE: cached_real_response
REQUEST: category='Data' tool_name='TheClique' api_name='Transfermarkt search' tool_input='{"name": "Lionel Messi"}' strip='truncate' toolbench_key=''
RESPONSE: {'error': '', 'response': "Lionel Messi, born on June 24, 1987, in Rosario, Argentina, is a professional footballer who plays as a forward for Paris Saint-Germain and the Argentina national team. Known for his extraordinary dribbling skills, vision, and scoring ability, Messi is considered one of the greatest footballers of all time. He has won numerous awards throughout his career, including the FIFA Ballon d'Or multiple times. Messi began his professional career with Barcelona, where he spent over 20 years, before moving to Paris Saint-Germain in 2021."}
<<<<<<<<<<<<<<<<<<<<<<<
>>>>>>>>>>>>>>>>>>>>>>>
TIME: 2026-03-11 12:38:13
TYPE: cached_real_response
REQUEST: category='Data' tool_name='TheClique' api_name='Transfermarkt search' tool_input='{"name": "Lionel Messi"}' strip='truncate' toolbench_key=''
RESPONSE: {'error': '', 'response': "Lionel Messi, born on June 24, 1987, in Rosario, Argentina, is a professional footballer who plays as a forward for Paris Saint-Germain and the Argentina national team. Known for his extraordinary dribbling skills, vision, and scoring ability, Messi is considered one of the greatest footballers of all time. He has won numerous awards throughout his career, including the FIFA Ballon d'Or multiple times. Messi began his professional career with Barcelona, where he spent over 20 years, before moving to Paris Saint-Germain in 2021."}
<<<<<<<<<<<<<<<<<<<<<<<
>>>>>>>>>>>>>>>>>>>>>>>
TIME: 2026-03-11 12:38:13
TYPE: cached_real_response
REQUEST: category='Data' tool_name='TheClique' api_name='SongKick search Artist' tool_input='{"artist_name": "Lionel Messi"}' strip='truncate' toolbench_key=''
RESPONSE: {'error': '', 'response': {'results': []}}
<<<<<<<<<<<<<<<<<<<<<<<
>>>>>>>>>>>>>>>>>>>>>>>
TIME: 2026-03-11 12:38:14
TYPE: cached_real_response
REQUEST: category='Data' tool_name='TheClique' api_name='Transfermarkt search' tool_input='{"name": "Lionel Messi"}' strip='truncate' toolbench_key=''
RESPONSE: {'error': '', 'response': "Lionel Messi, born on June 24, 1987, in Rosario, Argentina, is a professional footballer who plays as a forward for Paris Saint-Germain and the Argentina national team. Known for his extraordinary dribbling skills, vision, and scoring ability, Messi is considered one of the greatest footballers of all time. He has won numerous awards throughout his career, including the FIFA Ballon d'Or multiple times. Messi began his professional career with Barcelona, where he spent over 20 years, before moving to Paris Saint-Germain in 2021."}
<<<<<<<<<<<<<<<<<<<<<<<
>>>>>>>>>>>>>>>>>>>>>>>
TIME: 2026-03-11 12:38:15
TYPE: fake_response
REQUEST: category='Data' tool_name='TheClique' api_name='Transfermarkt search' tool_input='{"name": "Messi"}' strip='truncate' toolbench_key=''
RESPONSE: {
  "error": "",
  "response": {
    "info": "Not found result"
  }
}
<<<<<<<<<<<<<<<<<<<<<<<
>>>>>>>>>>>>>>>>>>>>>>>
TIME: 2026-03-11 12:38:15
TYPE: fake_response
REQUEST: category='Data' tool_name='TheClique' api_name='Transfermarkt search' tool_input='{"name": "messi"}' strip='truncate' toolbench_key=''
RESPONSE: {
  "error": "",
  "response": {
    "info": "Not found result"
  }
}
<<<<<<<<<<<<<<<<<<<<<<<
>>>>>>>>>>>>>>>>>>>>>>>
TIME: 2026-03-11 12:38:18
TYPE: fake_response
REQUEST: category='Data' tool_name='TheClique' api_name='Transfermarkt details' tool_input='{"type_s": "spieler", "other": "profil", "id_talent": "28003", "part_slug": "lionel-messi"}' strip='truncate' toolbench_key=''
RESPONSE: {
  "error": "",
  "response": "The 'Transfermarkt details' API is set to retrieve detailed information about the entity identified by the 'part_slug' \"lionel-messi\" within the category 'spieler' (player). Given the 'id_talent' of '28003', this request aims to fetch comprehensive data about Lionel Messi's profile from the Transfermarkt database. The expected response would include his career statistics, current club affiliation, market value, position, nationality, and other relevant professional details. This information provides a thorough overview of Lionel Messi's football career and current status as recorded in Transfermarkt."
}
<<<<<<<<<<<<<<<<<<<<<<<
>>>>>>>>>>>>>>>>>>>>>>>
TIME: 2026-03-11 12:38:19
TYPE: fake_response
REQUEST: category='Data' tool_name='TheClique' api_name='Transfermarkt details' tool_input='{"type_s": "spieler", "other": "profil", "id_talent": "28003", "part_slug": "lionel-messi"}' strip='truncate' toolbench_key=''
RESPONSE: {
  "error": "",
  "response": "The 'Transfermarkt details' API is set to retrieve detailed information about the entity identified by the 'part_slug' 'lionel-messi' within the category 'spieler' (player). Given the 'id_talent' of '28003', this request aims to fetch comprehensive profile data for Lionel Messi from the Transfermarkt database. The expected response would include key career statistics, current club affiliation, market value, position details, and historical performance data. This information provides a thorough overview of Lionel Messi's professional football career, highlighting his achievements, transfers, and current status as a player."
}
<<<<<<<<<<<<<<<<<<<<<<<
>>>>>>>>>>>>>>>>>>>>>>>
TIME: 2026-03-11 12:38:19
TYPE: fake_response
REQUEST: category='Data' tool_name='TheClique' api_name='Transfermarkt details' tool_input='{"type_s": "spieler", "other": "profil", "id_talent": "28003", "part_slug": "lionel-messi"}' strip='truncate' toolbench_key=''
RESPONSE: {
  "error": "",
  "response": "The 'Transfermarkt details' API is designed to fetch detailed information about various entities such as players, clubs, managers, and referees from the Transfermarkt database using a specific SLUG. In this request, the parameters indicate a focus on a player profile ('spieler' and 'profil') with an ID of '28003' and the SLUG 'lionel-messi'. This input is well-formed and should enable the API to retrieve comprehensive data about Lionel Messi, including his career statistics, current club affiliation, market value, transfer history, and other relevant professional details. The response will provide a rich profile of Lionel Messi, reflecting his achievements, performance metrics, and historical data as recorded in Transfermarkt."
}
<<<<<<<<<<<<<<<<<<<<<<<
>>>>>>>>>>>>>>>>>>>>>>>
TIME: 2026-03-11 12:38:23
TYPE: fake_response
REQUEST: category='Data' tool_name='TheClique' api_name='Transfermarkt details' tool_input='{"type_s": "verein", "other": "startseite", "id_talent": "583", "part_slug": "fc-barcelona"}' strip='truncate' toolbench_key=''
RESPONSE: {
  "error": "",
  "response": "The 'Transfermarkt details' API is processing a request related to the 'verein' (club) category with an identifier 'id_talent' of '583' and a 'part_slug' of 'fc-barcelona'. This indicates a query aimed at retrieving detailed information about the football club FC Barcelona from the Transfermarkt database. The API will provide comprehensive data including the club's current squad, historical performance, transfer activities, managerial staff, stadium details, and financial information such as market values and sponsorships. Additionally, insights into recent matches, player statistics, and club achievements may also be included, offering a thorough overview of FC Barcelona's status and history within the football world."
}
<<<<<<<<<<<<<<<<<<<<<<<
>>>>>>>>>>>>>>>>>>>>>>>
TIME: 2026-03-11 12:38:23
TYPE: fake_response
REQUEST: category='Data' tool_name='TheClique' api_name='Transfermarkt details' tool_input='{"type_s": "spieler", "other": "transfers", "id_talent": "28003", "part_slug": "lionel-messi"}' strip='truncate' toolbench_key=''
RESPONSE: {
  "error": "",
  "response": "The 'Transfermarkt details' API is designed to provide detailed information about various entities such as players, clubs, managers, and referees from the Transfermarkt database. Given the input parameters, the API will focus on the 'spieler' (player) category with an ID of '28003' and a 'part_slug' of 'lionel-messi'. The 'other' parameter set to 'transfers' indicates a request for transfer-related data. Therefore, the API is expected to return comprehensive transfer history and details for Lionel Messi, including past and current clubs, transfer dates, fees involved, contract durations, and any notable transfer events. This information will offer a clear view of Lionel Messi's career movements and market value changes over time."
}
<<<<<<<<<<<<<<<<<<<<<<<
>>>>>>>>>>>>>>>>>>>>>>>
TIME: 2026-03-11 12:38:25
TYPE: fake_response
REQUEST: category='Data' tool_name='TheClique' api_name='Transfermarkt details' tool_input='{"type_s": "verein", "other": "startseite", "id_talent": "583", "part_slug": "fc-barcelona"}' strip='truncate' toolbench_key=''
RESPONSE: {
  "error": "",
  "response": "The 'Transfermarkt details' API is processing a request related to the 'verein' (club) category with an identifier 'id_talent' of '583' and a 'part_slug' of 'fc-barcelona'. This indicates a query to retrieve detailed information about the football club FC Barcelona from the Transfermarkt database. The API will provide comprehensive data including the club's current squad, historical performance, transfer activities, managerial staff, stadium details, and financial information such as market values and sponsorships. Additionally, insights into recent matches, league standings, and player statistics associated with FC Barcelona may also be included. This information is valuable for understanding the club's status, player roster, and overall market position within the football world."
}
<<<<<<<<<<<<<<<<<<<<<<<
>>>>>>>>>>>>>>>>>>>>>>>
TIME: 2026-03-11 12:38:27
TYPE: fake_response
REQUEST: category='Data' tool_name='TheClique' api_name='Transfermarkt details' tool_input='{"type_s": "verein", "other": "startseite", "id_talent": "682", "part_slug": "paris-saint-germain"}' strip='truncate' toolbench_key=''
RESPONSE: {
  "error": "",
  "response": "The 'Transfermarkt details' API is set to retrieve detailed information about the entity specified by the 'part_slug' parameter, which in this case is 'paris-saint-germain', a well-known football club. Given the 'type_s' parameter as 'verein' (club) and the 'id_talent' as '682', the API will provide comprehensive data about Paris Saint-Germain. This includes club history, current squad details, recent performance statistics, transfer activities, financial information, and other relevant insights. The API leverages the Transfermarkt database to deliver an in-depth profile of the club, helping users understand its standing, key players, management, and market value trends."
}
<<<<<<<<<<<<<<<<<<<<<<<
>>>>>>>>>>>>>>>>>>>>>>>
TIME: 2026-03-11 12:38:28
TYPE: fake_response
REQUEST: category='Data' tool_name='TheClique' api_name='Transfermarkt details' tool_input='{"type_s": "verein", "other": "startseite", "id_talent": "583", "part_slug": "fc-barcelona"}' strip='truncate' toolbench_key=''
RESPONSE: {
  "error": "",
  "response": "The 'Transfermarkt details' API is set to retrieve detailed information about the entity identified by the 'part_slug' value 'fc-barcelona' within the 'verein' (club) category. Given the 'id_talent' of '583' and the 'other' parameter as 'startseite', the API will provide comprehensive data about FC Barcelona, including club overview, current squad details, recent performance, transfer activities, and historical achievements. This information is sourced from the Transfermarkt database and is useful for gaining insights into the club's status, player roster, market values, and other relevant statistics that define FC Barcelona's profile in the football world."
}
<<<<<<<<<<<<<<<<<<<<<<<
>>>>>>>>>>>>>>>>>>>>>>>
TIME: 2026-03-11 12:38:28
TYPE: fake_response
REQUEST: category='Data' tool_name='TheClique' api_name='Transfermarkt details' tool_input='{"type_s": "verein", "other": "startseite", "id_talent": "682", "part_slug": "paris-saint-germain"}' strip='truncate' toolbench_key=''
RESPONSE: {
  "error": "",
  "response": "The 'Transfermarkt details' API is processing a request related to the 'verein' (club) category with an identifier 'id_talent' of '682' and a 'part_slug' of 'paris-saint-germain'. This indicates a query to retrieve detailed information about the Paris Saint-Germain football club from the Transfermarkt database. The API will provide comprehensive data including the club's current squad, historical performance, transfer activities, market values, managerial staff, and other relevant club statistics. This information offers a thorough overview of Paris Saint-Germain's status, achievements, and key figures, useful for understanding the club's profile and recent developments."
}
<<<<<<<<<<<<<<<<<<<<<<<
>>>>>>>>>>>>>>>>>>>>>>>
TIME: 2026-03-11 12:38:32
TYPE: fake_response
REQUEST: category='Data' tool_name='TheClique' api_name='Transfermarkt search' tool_input='{"name": "Lionel Messi managers"}' strip='truncate' toolbench_key=''
RESPONSE: {
  "error": "",
  "response": {
    "info": "Not found result"
  }
}
<<<<<<<<<<<<<<<<<<<<<<<
>>>>>>>>>>>>>>>>>>>>>>>
TIME: 2026-03-11 12:38:33
TYPE: fake_response
REQUEST: category='Data' tool_name='TheClique' api_name='Transfermarkt details' tool_input='{"type_s": "verein", "other": "startseite", "id_talent": "682", "part_slug": "paris-saint-germain"}' strip='truncate' toolbench_key=''
RESPONSE: {
  "error": "",
  "response": "The 'Transfermarkt details' API is designed to provide detailed information about various entities such as players, clubs (vereins), managers, and referees from the Transfermarkt database. Given the input parameters, the request pertains to a club ('verein') with an identifier '682' and a 'part_slug' of 'paris-saint-germain'. This indicates a query to retrieve comprehensive data about the Paris Saint-Germain club. The API will return detailed insights including the club's current squad, historical performance, transfer activities, financial details, stadium information, and recent news. This information helps users gain a thorough understanding of the club's status, key players, management, and market value trends."
}
<<<<<<<<<<<<<<<<<<<<<<<
>>>>>>>>>>>>>>>>>>>>>>>
TIME: 2026-03-11 12:38:34
TYPE: fake_response
REQUEST: category='Data' tool_name='TheClique' api_name='Transfermarkt details' tool_input='{"type_s": "trainer", "other": "startseite", "id_talent": "12345", "part_slug": "pep-guardiola"}' strip='truncate' toolbench_key=''
RESPONSE: {
  "error": "",
  "response": "The 'Transfermarkt details' API is designed to provide detailed information about various entities such as players, clubs, managers, referees, etc., based on a specific SLUG from the Transfermarkt search API. In this case, the input specifies 'trainer' as the type, with an 'id_talent' of '12345' and a 'part_slug' of 'pep-guardiola'. This indicates a request for detailed information about the manager Pep Guardiola. The API will retrieve comprehensive data including career history, current and past clubs managed, achievements, market value, and other relevant statistics related to Pep Guardiola's managerial career. This allows users to gain a thorough understanding of his professional profile and contributions within the football world."
}
<<<<<<<<<<<<<<<<<<<<<<<
>>>>>>>>>>>>>>>>>>>>>>>
TIME: 2026-03-11 12:38:37
TYPE: fake_response
REQUEST: category='Data' tool_name='TheClique' api_name='Transfermarkt search' tool_input='{"name": "Lionel Messi teammates"}' strip='truncate' toolbench_key=''
RESPONSE: {
  "error": "",
  "response": {
    "info": "Not found result"
  }
}
<<<<<<<<<<<<<<<<<<<<<<<
>>>>>>>>>>>>>>>>>>>>>>>
TIME: 2026-03-11 12:38:38
TYPE: fake_response
REQUEST: category='Data' tool_name='TheClique' api_name='Transfermarkt details' tool_input='{"type_s": "trainer", "other": "startseite", "id_talent": "67890", "part_slug": "mauricio-pochettino"}' strip='truncate' toolbench_key=''
RESPONSE: {
  "error": "",
  "response": "The 'Transfermarkt details' API is designed to provide detailed information about various entities such as players, clubs, managers, referees, etc., using a specific SLUG from the Transfermarkt search API. In this case, the input specifies 'type_s' as 'trainer' with an 'id_talent' of '67890' and a 'part_slug' of 'mauricio-pochettino'. This indicates a request to retrieve comprehensive details about the trainer Mauricio Pochettino. The API will return relevant data including career history, current and past clubs managed, achievements, market value, and other pertinent information related to Mauricio Pochettino's professional profile as a trainer."
}
<<<<<<<<<<<<<<<<<<<<<<<
>>>>>>>>>>>>>>>>>>>>>>>
TIME: 2026-03-11 12:38:39
TYPE: fake_response
REQUEST: category='Data' tool_name='TheClique' api_name='Transfermarkt search' tool_input='{"name": "Lionel Messi referees"}' strip='truncate' toolbench_key=''
RESPONSE: {
  "error": "",
  "response": {
    "info": "Not found result"
  }
}
<<<<<<<<<<<<<<<<<<<<<<<
>>>>>>>>>>>>>>>>>>>>>>>
TIME: 2026-03-11 12:38:40
TYPE: fake_response
REQUEST: category='Data' tool_name='TheClique' api_name='Transfermarkt search' tool_input='{"name": "Lionel Messi teammates"}' strip='truncate' toolbench_key=''
RESPONSE: {
  "error": "",
  "response": {
    "info": "Not found result"
  }
}
<<<<<<<<<<<<<<<<<<<<<<<
>>>>>>>>>>>>>>>>>>>>>>>
TIME: 2026-03-11 12:38:41
TYPE: fake_response
REQUEST: category='Data' tool_name='TheClique' api_name='Transfermarkt search' tool_input='{"name": "Lionel Messi transfers"}' strip='truncate' toolbench_key=''
RESPONSE: {
  "error": "",
  "response": {
    "info": "Not found result"
  }
}
<<<<<<<<<<<<<<<<<<<<<<<
>>>>>>>>>>>>>>>>>>>>>>>
TIME: 2026-03-11 12:38:41
TYPE: fake_response
REQUEST: category='Data' tool_name='TheClique' api_name='Transfermarkt details' tool_input='{"type_s": "manager", "other": "profil", "id_talent": "3607", "part_slug": "pep-guardiola"}' strip='truncate' toolbench_key=''
RESPONSE: {
  "error": "",
  "response": "The 'Transfermarkt details' API is set to retrieve detailed information about the manager identified by the 'id_talent' 3607, with the specific SLUG 'pep-guardiola'. This request targets the profile ('profil') of Pep Guardiola, a renowned football manager. The API will provide comprehensive data including his managerial career history, current and past clubs managed, achievements, tactical style, contract details, and possibly market value or reputation metrics. This information offers a thorough overview of Pep Guardiola's professional profile, enabling insights into his impact and legacy within football management."
}
<<<<<<<<<<<<<<<<<<<<<<<
>>>>>>>>>>>>>>>>>>>>>>>
TIME: 2026-03-11 12:38:43
TYPE: fake_response
REQUEST: category='Data' tool_name='TheClique' api_name='Transfermarkt search' tool_input='{"name": "Lionel Messi referees"}' strip='truncate' toolbench_key=''
RESPONSE: {
  "error": "",
  "response": {
    "info": "Not found result"
  }
}
<<<<<<<<<<<<<<<<<<<<<<<
>>>>>>>>>>>>>>>>>>>>>>>
TIME: 2026-03-11 12:38:46
TYPE: fake_response
REQUEST: category='Data' tool_name='TheClique' api_name='Transfermarkt details' tool_input='{"type_s": "spieler", "other": "profil", "id_talent": "28003", "part_slug": "lionel-messi"}' strip='truncate' toolbench_key=''
RESPONSE: {
  "error": "",
  "response": "The 'Transfermarkt details' API is designed to fetch detailed information about various entities such as players, clubs, managers, and referees from the Transfermarkt database. Given the input parameters, the API will retrieve comprehensive profile information for the player identified by 'id_talent' 28003, with the 'part_slug' set to 'lionel-messi'. This indicates a request for detailed data on Lionel Messi, including his career statistics, current club affiliation, market value, transfer history, and other relevant professional details. The 'type_s' parameter as 'spieler' (German for player) and 'other' as 'profil' confirm the focus on the player's profile. Expect a rich dataset that provides insights into Messi's football career, achievements, and current status within the sport."
}
<<<<<<<<<<<<<<<<<<<<<<<
>>>>>>>>>>>>>>>>>>>>>>>
TIME: 2026-03-11 12:38:51
TYPE: fake_response
REQUEST: category='Data' tool_name='TheClique' api_name='Transfermarkt details' tool_input='{"type_s": "spieler", "other": "team", "id_talent": "28003", "part_slug": "lionel-messi"}' strip='truncate' toolbench_key=''
RESPONSE: {
  "error": "",
  "response": "The 'Transfermarkt details' API is designed to fetch detailed information about various entities such as players, clubs, managers, and referees from the Transfermarkt database using a specific SLUG. In this case, the input specifies 'type_s' as 'spieler' (player in German), 'other' as 'team', 'id_talent' as '28003', and 'part_slug' as 'lionel-messi'. This indicates a request to retrieve comprehensive details about the player Lionel Messi, identified by the SLUG 'lionel-messi'. The API will provide extensive data including career statistics, current and past clubs, market value, performance metrics, and other relevant information about Lionel Messi's professional football career. This enables a thorough understanding of his achievements, transfers, and overall impact in the sport."
}
<<<<<<<<<<<<<<<<<<<<<<<
>>>>>>>>>>>>>>>>>>>>>>>
TIME: 2026-03-11 12:38:51
TYPE: fake_response
REQUEST: category='Data' tool_name='TheClique' api_name='Transfermarkt search' tool_input='{"name": "Lionel Messi transfers"}' strip='truncate' toolbench_key=''
RESPONSE: {
  "error": "",
  "response": {
    "info": "Not found result"
  }
}
<<<<<<<<<<<<<<<<<<<<<<<
>>>>>>>>>>>>>>>>>>>>>>>
TIME: 2026-03-11 12:38:56
TYPE: fake_response
REQUEST: category='Data' tool_name='TheClique' api_name='Transfermarkt details' tool_input='{"type_s": "schiedsrichter", "other": "profil", "id_talent": "12345", "part_slug": "referee-example"}' strip='truncate' toolbench_key=''
RESPONSE: {
  "error": "",
  "response": "The 'Transfermarkt details' API is designed to provide detailed information about various entities from the Transfermarkt database, including referees (schiedsrichter). Given the input parameters, the API will retrieve comprehensive data about the referee identified by 'id_talent' 12345, using the provided 'part_slug' of 'referee-example'. This data may include the referee's career history, matches officiated, current status, and other relevant professional details. The 'other' parameter set to 'profil' indicates a request for the referee's profile information, which typically encompasses personal details, career milestones, and performance records. This enables users to gain a thorough understanding of the referee's background and professional achievements within the football officiating domain."
}
<<<<<<<<<<<<<<<<<<<<<<<
>>>>>>>>>>>>>>>>>>>>>>>
TIME: 2026-03-11 12:39:01
TYPE: cached_real_response
REQUEST: category='Data' tool_name='TheClique' api_name='Transfermarkt search' tool_input='{"name": "Lionel Messi"}' strip='truncate' toolbench_key=''
RESPONSE: {'error': '', 'response': "Lionel Messi, born on June 24, 1987, in Rosario, Argentina, is a professional footballer who plays as a forward for Paris Saint-Germain and the Argentina national team. Known for his extraordinary dribbling skills, vision, and scoring ability, Messi is considered one of the greatest footballers of all time. He has won numerous awards throughout his career, including the FIFA Ballon d'Or multiple times. Messi began his professional career with Barcelona, where he spent over 20 years, before moving to Paris Saint-Germain in 2021."}
<<<<<<<<<<<<<<<<<<<<<<<
>>>>>>>>>>>>>>>>>>>>>>>
TIME: 2026-03-11 12:39:03
TYPE: fake_response
REQUEST: category='Data' tool_name='TheClique' api_name='Transfermarkt search' tool_input='{"name": "messi"}' strip='truncate' toolbench_key=''
RESPONSE: {
  "error": "",
  "response": {
    "info": "Not found result"
  }
}
<<<<<<<<<<<<<<<<<<<<<<<
>>>>>>>>>>>>>>>>>>>>>>>
TIME: 2026-03-11 12:39:13
TYPE: fake_response
REQUEST: category='Data' tool_name='Kick.com API | Kick API' api_name='Get Channel Clips' tool_input='{"cursor": "0", "channel_name": "gmhikaru"}' strip='truncate' toolbench_key=''
RESPONSE: {
  "error": "",
  "response": "The 'Get Channel Clips' API for the 'gmhikaru' channel returned a curated list of recent and popular clips. These clips showcase exciting gameplay moments, engaging commentary, and memorable interactions with viewers. While the exact clip details are not provided here due to privacy and copyright reasons, fans can explore these highlights by visiting the 'gmhikaru' channel on Kick.com and accessing the Clips section. This feature helps followers catch up on key moments they may have missed during live streams and allows content creators to share engaging content to grow their audience and strengthen community engagement."
}
<<<<<<<<<<<<<<<<<<<<<<<
>>>>>>>>>>>>>>>>>>>>>>>
TIME: 2026-03-11 12:39:13
TYPE: cached_real_response
REQUEST: category='Data' tool_name='Kick.com API | Kick API' api_name='Get Channel Details' tool_input='{"channel_name": "gmhikaru"}' strip='truncate' toolbench_key=''
RESPONSE: {'error': '', 'response': {'channel_details': {'name': 'gmhikaru', 'status': 'live', 'title': 'Speed Chess Championship', 'viewers': 4523, 'followers': 756000, 'category': 'Chess', 'started_at': '2023-04-15T14:00:00Z', 'language': 'English', 'description': 'GM Hikaru Nakamura streaming the Speed Chess Championship. Join the community for real-time chess games, analysis, and more!', 'thumbnail_url': 'https://example.com/thumbnail/gmhikaru.jpg', 'tags': ['chess', 'speedchess', 'competition']}}}
<<<<<<<<<<<<<<<<<<<<<<<
>>>>>>>>>>>>>>>>>>>>>>>
TIME: 2026-03-11 12:39:14
TYPE: fake_response
REQUEST: category='Data' tool_name='Kick.com API | Kick API' api_name='Get Channel Clips' tool_input='{"cursor": "0", "channel_name": "gmhikaru"}' strip='truncate' toolbench_key=''
RESPONSE: {
  "error": "",
  "response": "The 'Get Channel Clips' API for the 'gmhikaru' channel has retrieved a curated list of recent and popular clips. These clips showcase exciting gameplay highlights, engaging commentary, and memorable interactions with viewers. While the exact clip details are not displayed here due to privacy and copyright reasons, fans can explore these moments by visiting the 'gmhikaru' channel on Kick.com and accessing the Clips section. This functionality helps followers catch up on key moments they may have missed during live streams and allows content creators to share highlights that boost community engagement and channel visibility."
}
<<<<<<<<<<<<<<<<<<<<<<<
>>>>>>>>>>>>>>>>>>>>>>>
TIME: 2026-03-11 12:39:14
TYPE: cached_real_response
REQUEST: category='Data' tool_name='Kick.com API | Kick API' api_name='Get Channel Details' tool_input='{"channel_name": "gmhikaru"}' strip='truncate' toolbench_key=''
RESPONSE: {'error': '', 'response': {'channel_details': {'name': 'gmhikaru', 'status': 'live', 'title': 'Speed Chess Championship', 'viewers': 4523, 'followers': 756000, 'category': 'Chess', 'started_at': '2023-04-15T14:00:00Z', 'language': 'English', 'description': 'GM Hikaru Nakamura streaming the Speed Chess Championship. Join the community for real-time chess games, analysis, and more!', 'thumbnail_url': 'https://example.com/thumbnail/gmhikaru.jpg', 'tags': ['chess', 'speedchess', 'competition']}}}
<<<<<<<<<<<<<<<<<<<<<<<
>>>>>>>>>>>>>>>>>>>>>>>
TIME: 2026-03-11 12:39:14
TYPE: fake_response
REQUEST: category='Data' tool_name='Kick.com API | Kick API' api_name='Get Channel Clips' tool_input='{"cursor": "0", "channel_name": "gmhikaru"}' strip='truncate' toolbench_key=''
RESPONSE: {
  "error": "",
  "response": "The 'Get Channel Clips' API for the 'gmhikaru' channel has retrieved a curated list of recent and popular clips. These clips showcase exciting gameplay highlights, engaging commentary, and memorable interactions with viewers. While the exact clip details are not displayed here due to privacy and copyright reasons, fans can explore these moments by visiting the 'gmhikaru' channel on Kick.com and accessing the Clips section. This functionality helps followers catch up on key moments they may have missed during live streams and allows content creators to share highlights that boost community engagement and channel visibility."
}
<<<<<<<<<<<<<<<<<<<<<<<
>>>>>>>>>>>>>>>>>>>>>>>
TIME: 2026-03-11 12:39:14
TYPE: cached_real_response
REQUEST: category='Data' tool_name='Kick.com API | Kick API' api_name='Get Channel Details' tool_input='{"channel_name": "gmhikaru"}' strip='truncate' toolbench_key=''
RESPONSE: {'error': '', 'response': {'channel_details': {'name': 'gmhikaru', 'status': 'live', 'title': 'Speed Chess Championship', 'viewers': 4523, 'followers': 756000, 'category': 'Chess', 'started_at': '2023-04-15T14:00:00Z', 'language': 'English', 'description': 'GM Hikaru Nakamura streaming the Speed Chess Championship. Join the community for real-time chess games, analysis, and more!', 'thumbnail_url': 'https://example.com/thumbnail/gmhikaru.jpg', 'tags': ['chess', 'speedchess', 'competition']}}}
<<<<<<<<<<<<<<<<<<<<<<<
>>>>>>>>>>>>>>>>>>>>>>>
TIME: 2026-03-11 12:39:15
TYPE: fake_response
REQUEST: category='Data' tool_name='Kick.com API | Kick API' api_name='Get Channel Clips' tool_input='{"cursor": "0", "channel_name": "gmhikaru"}' strip='truncate' toolbench_key=''
RESPONSE: {
  "error": "",
  "response": "The 'Get Channel Clips' API for the 'gmhikaru' channel has retrieved a curated list of recent and popular clips. These clips showcase memorable highlights such as impressive gameplay, engaging commentary, and unique audience interactions. While the exact clip content cannot be displayed here due to privacy and copyright restrictions, fans can explore these moments by visiting the 'gmhikaru' channel on Kick.com and accessing the Clips section. This functionality helps viewers catch up on key moments they may have missed and allows streamers to promote their content and strengthen community engagement."
}
<<<<<<<<<<<<<<<<<<<<<<<
>>>>>>>>>>>>>>>>>>>>>>>
TIME: 2026-03-11 12:39:15
TYPE: cached_real_response
REQUEST: category='Data' tool_name='Kick.com API | Kick API' api_name='Get Channel Details' tool_input='{"channel_name": "gmhikaru"}' strip='truncate' toolbench_key=''
RESPONSE: {'error': '', 'response': {'channel_details': {'name': 'gmhikaru', 'status': 'live', 'title': 'Speed Chess Championship', 'viewers': 4523, 'followers': 756000, 'category': 'Chess', 'started_at': '2023-04-15T14:00:00Z', 'language': 'English', 'description': 'GM Hikaru Nakamura streaming the Speed Chess Championship. Join the community for real-time chess games, analysis, and more!', 'thumbnail_url': 'https://example.com/thumbnail/gmhikaru.jpg', 'tags': ['chess', 'speedchess', 'competition']}}}
<<<<<<<<<<<<<<<<<<<<<<<
>>>>>>>>>>>>>>>>>>>>>>>
TIME: 2026-03-11 12:39:24
TYPE: fake_response
REQUEST: category='Data' tool_name='Kick.com API | Kick API' api_name='Get Channel Clips' tool_input='{"cursor": "0", "channel_name": "gmhikaru"}' strip='truncate' toolbench_key=''
RESPONSE: {
  "error": "",
  "response": "The 'Get Channel Clips' API for the 'gmhikaru' channel has retrieved a curated list of recent and popular clips. These clips showcase exciting gameplay highlights, engaging commentary, and memorable interactions with viewers. While the exact clip details are not displayed here due to privacy and copyright reasons, fans can explore these moments by visiting the 'gmhikaru' channel on Kick.com and accessing the Clips section. This functionality helps followers catch up on key moments they may have missed during live streams and allows content creators to share highlights that boost community engagement and channel visibility."
}
<<<<<<<<<<<<<<<<<<<<<<<
>>>>>>>>>>>>>>>>>>>>>>>
TIME: 2026-03-11 12:39:24
TYPE: cached_real_response
REQUEST: category='Data' tool_name='Kick.com API | Kick API' api_name='Get Channel Details' tool_input='{"channel_name": "gmhikaru"}' strip='truncate' toolbench_key=''
RESPONSE: {'error': '', 'response': {'channel_details': {'name': 'gmhikaru', 'status': 'live', 'title': 'Speed Chess Championship', 'viewers': 4523, 'followers': 756000, 'category': 'Chess', 'started_at': '2023-04-15T14:00:00Z', 'language': 'English', 'description': 'GM Hikaru Nakamura streaming the Speed Chess Championship. Join the community for real-time chess games, analysis, and more!', 'thumbnail_url': 'https://example.com/thumbnail/gmhikaru.jpg', 'tags': ['chess', 'speedchess', 'competition']}}}
<<<<<<<<<<<<<<<<<<<<<<<
>>>>>>>>>>>>>>>>>>>>>>>
TIME: 2026-03-11 12:39:30
TYPE: fake_response
REQUEST: category='Data' tool_name='Kick.com API | Kick API' api_name='Get Channel Clips' tool_input='{"cursor": "0", "channel_name": "gmhikaru"}' strip='truncate' toolbench_key=''
RESPONSE: {
  "error": "",
  "response": "The 'Get Channel Clips' API for the 'gmhikaru' channel has retrieved a curated list of recent and popular clips. These clips showcase exciting gameplay highlights, engaging commentary, and memorable interactions with viewers. While the exact clip details are not displayed here due to privacy and copyright policies, fans can explore these moments by visiting the 'gmhikaru' channel on Kick.com and accessing the Clips section. This functionality helps followers catch up on key moments they may have missed during live streams and allows content creators to share highlights that boost community engagement and channel visibility."
}
<<<<<<<<<<<<<<<<<<<<<<<
>>>>>>>>>>>>>>>>>>>>>>>
TIME: 2026-03-11 12:39:30
TYPE: cached_real_response
REQUEST: category='Data' tool_name='Kick.com API | Kick API' api_name='Get Channel Details' tool_input='{"channel_name": "gmhikaru"}' strip='truncate' toolbench_key=''
RESPONSE: {'error': '', 'response': {'channel_details': {'name': 'gmhikaru', 'status': 'live', 'title': 'Speed Chess Championship', 'viewers': 4523, 'followers': 756000, 'category': 'Chess', 'started_at': '2023-04-15T14:00:00Z', 'language': 'English', 'description': 'GM Hikaru Nakamura streaming the Speed Chess Championship. Join the community for real-time chess games, analysis, and more!', 'thumbnail_url': 'https://example.com/thumbnail/gmhikaru.jpg', 'tags': ['chess', 'speedchess', 'competition']}}}
<<<<<<<<<<<<<<<<<<<<<<<
>>>>>>>>>>>>>>>>>>>>>>>
TIME: 2026-03-11 12:39:31
TYPE: fake_response
REQUEST: category='Data' tool_name='Kick.com API | Kick API' api_name='Get Channel Clips' tool_input='{"cursor": "0", "channel_name": "gmhikaru"}' strip='truncate' toolbench_key=''
RESPONSE: {
  "error": "",
  "response": "The 'Get Channel Clips' API for the 'gmhikaru' channel has retrieved a curated list of recent and popular clips. These clips showcase exciting gameplay highlights, engaging commentary, and memorable interactions with viewers. While the exact clip details are not displayed here due to privacy and copyright reasons, fans can explore these moments by visiting the 'gmhikaru' channel on Kick.com and accessing the Clips section. This functionality helps followers catch up on key moments they may have missed during live streams and allows content creators to share highlights that boost community engagement and channel visibility."
}
<<<<<<<<<<<<<<<<<<<<<<<
>>>>>>>>>>>>>>>>>>>>>>>
TIME: 2026-03-11 12:39:31
TYPE: cached_real_response
REQUEST: category='Data' tool_name='Kick.com API | Kick API' api_name='Get Channel Details' tool_input='{"channel_name": "gmhikaru"}' strip='truncate' toolbench_key=''
RESPONSE: {'error': '', 'response': {'channel_details': {'name': 'gmhikaru', 'status': 'live', 'title': 'Speed Chess Championship', 'viewers': 4523, 'followers': 756000, 'category': 'Chess', 'started_at': '2023-04-15T14:00:00Z', 'language': 'English', 'description': 'GM Hikaru Nakamura streaming the Speed Chess Championship. Join the community for real-time chess games, analysis, and more!', 'thumbnail_url': 'https://example.com/thumbnail/gmhikaru.jpg', 'tags': ['chess', 'speedchess', 'competition']}}}
<<<<<<<<<<<<<<<<<<<<<<<
>>>>>>>>>>>>>>>>>>>>>>>
TIME: 2026-03-11 12:39:31
TYPE: fake_response
REQUEST: category='Data' tool_name='Kick.com API | Kick API' api_name='Get Channel Clips' tool_input='{"cursor": "0", "channel_name": "gmhikaru"}' strip='truncate' toolbench_key=''
RESPONSE: {
  "error": "",
  "response": "The 'Get Channel Clips' API for the 'gmhikaru' channel has retrieved a curated list of recent and popular clips. These clips showcase exciting gameplay highlights, engaging commentary, and memorable interactions with viewers. While the exact clip details are not displayed here due to privacy and copyright reasons, fans can explore these moments by visiting the 'gmhikaru' channel on Kick.com and accessing the Clips section. This functionality helps followers catch up on key moments they may have missed during live streams and allows content creators to share highlights that boost community engagement and channel visibility."
}
<<<<<<<<<<<<<<<<<<<<<<<
>>>>>>>>>>>>>>>>>>>>>>>
TIME: 2026-03-11 12:39:31
TYPE: cached_real_response
REQUEST: category='Data' tool_name='Kick.com API | Kick API' api_name='Get Channel Details' tool_input='{"channel_name": "gmhikaru"}' strip='truncate' toolbench_key=''
RESPONSE: {'error': '', 'response': {'channel_details': {'name': 'gmhikaru', 'status': 'live', 'title': 'Speed Chess Championship', 'viewers': 4523, 'followers': 756000, 'category': 'Chess', 'started_at': '2023-04-15T14:00:00Z', 'language': 'English', 'description': 'GM Hikaru Nakamura streaming the Speed Chess Championship. Join the community for real-time chess games, analysis, and more!', 'thumbnail_url': 'https://example.com/thumbnail/gmhikaru.jpg', 'tags': ['chess', 'speedchess', 'competition']}}}
<<<<<<<<<<<<<<<<<<<<<<<
>>>>>>>>>>>>>>>>>>>>>>>
TIME: 2026-03-11 12:39:32
TYPE: fake_response
REQUEST: category='Data' tool_name='Kick.com API | Kick API' api_name='Get Channel Clips' tool_input='{"cursor": "0", "channel_name": "gmhikaru"}' strip='truncate' toolbench_key=''
RESPONSE: {
  "error": "",
  "response": "The 'Get Channel Clips' API for the 'gmhikaru' channel has retrieved a curated list of recent and popular clips. These clips showcase exciting gameplay highlights, engaging commentary, and memorable interactions with viewers. While the exact clip details are not displayed here due to privacy and copyright reasons, fans can explore these moments by visiting the 'gmhikaru' channel on Kick.com and accessing the Clips section. This functionality helps followers catch up on key moments they may have missed during live streams and allows content creators to share highlights that boost community engagement and channel visibility."
}
<<<<<<<<<<<<<<<<<<<<<<<
>>>>>>>>>>>>>>>>>>>>>>>
TIME: 2026-03-11 12:39:32
TYPE: cached_real_response
REQUEST: category='Data' tool_name='Kick.com API | Kick API' api_name='Get Channel Details' tool_input='{"channel_name": "gmhikaru"}' strip='truncate' toolbench_key=''
RESPONSE: {'error': '', 'response': {'channel_details': {'name': 'gmhikaru', 'status': 'live', 'title': 'Speed Chess Championship', 'viewers': 4523, 'followers': 756000, 'category': 'Chess', 'started_at': '2023-04-15T14:00:00Z', 'language': 'English', 'description': 'GM Hikaru Nakamura streaming the Speed Chess Championship. Join the community for real-time chess games, analysis, and more!', 'thumbnail_url': 'https://example.com/thumbnail/gmhikaru.jpg', 'tags': ['chess', 'speedchess', 'competition']}}}
<<<<<<<<<<<<<<<<<<<<<<<
>>>>>>>>>>>>>>>>>>>>>>>
TIME: 2026-03-11 12:39:44
TYPE: fake_response
REQUEST: category='Data' tool_name='Kick.com API | Kick API' api_name='Get Channel Clips' tool_input='{"cursor": "0", "channel_name": "gmhikaru"}' strip='truncate' toolbench_key=''
RESPONSE: {
  "error": "",
  "response": "The 'Get Channel Clips' API for the 'gmhikaru' channel has retrieved a curated list of recent and popular clips. These clips showcase exciting gameplay highlights, engaging commentary, and memorable interactions with viewers. While the exact clip details are not displayed here due to privacy and copyright reasons, fans can explore these moments by visiting the 'gmhikaru' channel on Kick.com and accessing the Clips section. This functionality helps followers catch up on key moments they may have missed during live streams and allows content creators to share highlights that boost community engagement and channel visibility."
}
<<<<<<<<<<<<<<<<<<<<<<<
>>>>>>>>>>>>>>>>>>>>>>>
TIME: 2026-03-11 12:39:44
TYPE: cached_real_response
REQUEST: category='Data' tool_name='Kick.com API | Kick API' api_name='Get Channel Details' tool_input='{"channel_name": "gmhikaru"}' strip='truncate' toolbench_key=''
RESPONSE: {'error': '', 'response': {'channel_details': {'name': 'gmhikaru', 'status': 'live', 'title': 'Speed Chess Championship', 'viewers': 4523, 'followers': 756000, 'category': 'Chess', 'started_at': '2023-04-15T14:00:00Z', 'language': 'English', 'description': 'GM Hikaru Nakamura streaming the Speed Chess Championship. Join the community for real-time chess games, analysis, and more!', 'thumbnail_url': 'https://example.com/thumbnail/gmhikaru.jpg', 'tags': ['chess', 'speedchess', 'competition']}}}
<<<<<<<<<<<<<<<<<<<<<<<
>>>>>>>>>>>>>>>>>>>>>>>
TIME: 2026-03-11 12:39:51
TYPE: cached_real_response
REQUEST: category='Data' tool_name='Keyword Analysis' api_name='PopularSitesForQuery' tool_input='{"q": "birthday party ideas"}' strip='truncate' toolbench_key=''
RESPONSE: {'error': '', 'response': '[{"name":"pinterest.com","score":0.087}, {"name":"marthastewart.com","score":0.064}, {"name":"partydelights.co.uk","score":0.058}, {"name":"shindigz.com","score":0.052}, {"name":"birthdayinabox.com","score":0.049}, {"name":"orientaltrading.com","score":0.045}, {"name":"evite.com","score":0.042}, {"name":"partycity.com","score":0.037}, {"name":"catchmyparty.com","score":0.035}, {"name":"karaspartyideas.com","score":0.033}, {"name":"etsy.com","score":0.029}, {"name":"thepioneerwoman.com","score":0.024}, {"name":"birthdayexpress.com","score":0.022}, {"name":"hwtm.com","score":0.020}, {"name":"parents.com","score":0.018}, {"name":"goodhousekeeping.com","score":0.015}, {"name":"realsimple.com","score":0.013}, {"name":"buzzfeed.com","score":0.011}, {"name":"ballooninspirations.com","score":0.009}, {"name":"birthdaydirect.com","score":0.007}]'}
<<<<<<<<<<<<<<<<<<<<<<<
>>>>>>>>>>>>>>>>>>>>>>>
TIME: 2026-03-11 12:39:51
TYPE: cached_real_response
REQUEST: category='Data' tool_name='Keyword Analysis' api_name='QueryKeywords' tool_input='{"q": "birthday party ideas"}' strip='truncate' toolbench_key=''
RESPONSE: {'error': '', 'response': '<b><i>party</i></b>,<b><i>ideas</i></b>,<i>birthday</i>'}
<<<<<<<<<<<<<<<<<<<<<<<
>>>>>>>>>>>>>>>>>>>>>>>
TIME: 2026-03-11 12:39:51
TYPE: cached_real_response
REQUEST: category='Data' tool_name='Keyword Analysis' api_name='PopularSitesForQuery' tool_input='{"q": "birthday party ideas"}' strip='truncate' toolbench_key=''
RESPONSE: {'error': '', 'response': '[{"name":"pinterest.com","score":0.087}, {"name":"marthastewart.com","score":0.064}, {"name":"partydelights.co.uk","score":0.058}, {"name":"shindigz.com","score":0.052}, {"name":"birthdayinabox.com","score":0.049}, {"name":"orientaltrading.com","score":0.045}, {"name":"evite.com","score":0.042}, {"name":"partycity.com","score":0.037}, {"name":"catchmyparty.com","score":0.035}, {"name":"karaspartyideas.com","score":0.033}, {"name":"etsy.com","score":0.029}, {"name":"thepioneerwoman.com","score":0.024}, {"name":"birthdayexpress.com","score":0.022}, {"name":"hwtm.com","score":0.020}, {"name":"parents.com","score":0.018}, {"name":"goodhousekeeping.com","score":0.015}, {"name":"realsimple.com","score":0.013}, {"name":"buzzfeed.com","score":0.011}, {"name":"ballooninspirations.com","score":0.009}, {"name":"birthdaydirect.com","score":0.007}]'}
<<<<<<<<<<<<<<<<<<<<<<<
>>>>>>>>>>>>>>>>>>>>>>>
TIME: 2026-03-11 12:39:51
TYPE: cached_real_response
REQUEST: category='Data' tool_name='Keyword Analysis' api_name='QueryKeywords' tool_input='{"q": "birthday party ideas"}' strip='truncate' toolbench_key=''
RESPONSE: {'error': '', 'response': '<b><i>party</i></b>,<b><i>ideas</i></b>,<i>birthday</i>'}
<<<<<<<<<<<<<<<<<<<<<<<
>>>>>>>>>>>>>>>>>>>>>>>
TIME: 2026-03-11 12:39:51
TYPE: cached_real_response
REQUEST: category='Data' tool_name='Keyword Analysis' api_name='PopularSitesForQuery' tool_input='{"q": "birthday party ideas"}' strip='truncate' toolbench_key=''
RESPONSE: {'error': '', 'response': '[{"name":"pinterest.com","score":0.087}, {"name":"marthastewart.com","score":0.064}, {"name":"partydelights.co.uk","score":0.058}, {"name":"shindigz.com","score":0.052}, {"name":"birthdayinabox.com","score":0.049}, {"name":"orientaltrading.com","score":0.045}, {"name":"evite.com","score":0.042}, {"name":"partycity.com","score":0.037}, {"name":"catchmyparty.com","score":0.035}, {"name":"karaspartyideas.com","score":0.033}, {"name":"etsy.com","score":0.029}, {"name":"thepioneerwoman.com","score":0.024}, {"name":"birthdayexpress.com","score":0.022}, {"name":"hwtm.com","score":0.020}, {"name":"parents.com","score":0.018}, {"name":"goodhousekeeping.com","score":0.015}, {"name":"realsimple.com","score":0.013}, {"name":"buzzfeed.com","score":0.011}, {"name":"ballooninspirations.com","score":0.009}, {"name":"birthdaydirect.com","score":0.007}]'}
<<<<<<<<<<<<<<<<<<<<<<<
>>>>>>>>>>>>>>>>>>>>>>>
TIME: 2026-03-11 12:39:51
TYPE: cached_real_response
REQUEST: category='Data' tool_name='Keyword Analysis' api_name='QueryKeywords' tool_input='{"q": "birthday party ideas"}' strip='truncate' toolbench_key=''
RESPONSE: {'error': '', 'response': '<b><i>party</i></b>,<b><i>ideas</i></b>,<i>birthday</i>'}
<<<<<<<<<<<<<<<<<<<<<<<
>>>>>>>>>>>>>>>>>>>>>>>
TIME: 2026-03-11 12:39:51
TYPE: cached_real_response
REQUEST: category='Data' tool_name='Keyword Analysis' api_name='PopularSitesForQuery' tool_input='{"q": "birthday party ideas"}' strip='truncate' toolbench_key=''
RESPONSE: {'error': '', 'response': '[{"name":"pinterest.com","score":0.087}, {"name":"marthastewart.com","score":0.064}, {"name":"partydelights.co.uk","score":0.058}, {"name":"shindigz.com","score":0.052}, {"name":"birthdayinabox.com","score":0.049}, {"name":"orientaltrading.com","score":0.045}, {"name":"evite.com","score":0.042}, {"name":"partycity.com","score":0.037}, {"name":"catchmyparty.com","score":0.035}, {"name":"karaspartyideas.com","score":0.033}, {"name":"etsy.com","score":0.029}, {"name":"thepioneerwoman.com","score":0.024}, {"name":"birthdayexpress.com","score":0.022}, {"name":"hwtm.com","score":0.020}, {"name":"parents.com","score":0.018}, {"name":"goodhousekeeping.com","score":0.015}, {"name":"realsimple.com","score":0.013}, {"name":"buzzfeed.com","score":0.011}, {"name":"ballooninspirations.com","score":0.009}, {"name":"birthdaydirect.com","score":0.007}]'}
<<<<<<<<<<<<<<<<<<<<<<<
>>>>>>>>>>>>>>>>>>>>>>>
TIME: 2026-03-11 12:39:51
TYPE: cached_real_response
REQUEST: category='Data' tool_name='Keyword Analysis' api_name='QueryKeywords' tool_input='{"q": "birthday party ideas"}' strip='truncate' toolbench_key=''
RESPONSE: {'error': '', 'response': '<b><i>party</i></b>,<b><i>ideas</i></b>,<i>birthday</i>'}
<<<<<<<<<<<<<<<<<<<<<<<
>>>>>>>>>>>>>>>>>>>>>>>
TIME: 2026-03-11 12:39:55
TYPE: cached_real_response
REQUEST: category='Data' tool_name='Keyword Analysis' api_name='PopularSitesForQuery' tool_input='{"q": "birthday party ideas"}' strip='truncate' toolbench_key=''
RESPONSE: {'error': '', 'response': '[{"name":"pinterest.com","score":0.087}, {"name":"marthastewart.com","score":0.064}, {"name":"partydelights.co.uk","score":0.058}, {"name":"shindigz.com","score":0.052}, {"name":"birthdayinabox.com","score":0.049}, {"name":"orientaltrading.com","score":0.045}, {"name":"evite.com","score":0.042}, {"name":"partycity.com","score":0.037}, {"name":"catchmyparty.com","score":0.035}, {"name":"karaspartyideas.com","score":0.033}, {"name":"etsy.com","score":0.029}, {"name":"thepioneerwoman.com","score":0.024}, {"name":"birthdayexpress.com","score":0.022}, {"name":"hwtm.com","score":0.020}, {"name":"parents.com","score":0.018}, {"name":"goodhousekeeping.com","score":0.015}, {"name":"realsimple.com","score":0.013}, {"name":"buzzfeed.com","score":0.011}, {"name":"ballooninspirations.com","score":0.009}, {"name":"birthdaydirect.com","score":0.007}]'}
<<<<<<<<<<<<<<<<<<<<<<<
>>>>>>>>>>>>>>>>>>>>>>>
TIME: 2026-03-11 12:39:55
TYPE: cached_real_response
REQUEST: category='Data' tool_name='Keyword Analysis' api_name='QueryKeywords' tool_input='{"q": "birthday party ideas"}' strip='truncate' toolbench_key=''
RESPONSE: {'error': '', 'response': '<b><i>party</i></b>,<b><i>ideas</i></b>,<i>birthday</i>'}
<<<<<<<<<<<<<<<<<<<<<<<
>>>>>>>>>>>>>>>>>>>>>>>
TIME: 2026-03-11 12:39:58
TYPE: cached_real_response
REQUEST: category='Data' tool_name='Keyword Analysis' api_name='PopularSitesForQuery' tool_input='{"q": "birthday party ideas"}' strip='truncate' toolbench_key=''
RESPONSE: {'error': '', 'response': '[{"name":"pinterest.com","score":0.087}, {"name":"marthastewart.com","score":0.064}, {"name":"partydelights.co.uk","score":0.058}, {"name":"shindigz.com","score":0.052}, {"name":"birthdayinabox.com","score":0.049}, {"name":"orientaltrading.com","score":0.045}, {"name":"evite.com","score":0.042}, {"name":"partycity.com","score":0.037}, {"name":"catchmyparty.com","score":0.035}, {"name":"karaspartyideas.com","score":0.033}, {"name":"etsy.com","score":0.029}, {"name":"thepioneerwoman.com","score":0.024}, {"name":"birthdayexpress.com","score":0.022}, {"name":"hwtm.com","score":0.020}, {"name":"parents.com","score":0.018}, {"name":"goodhousekeeping.com","score":0.015}, {"name":"realsimple.com","score":0.013}, {"name":"buzzfeed.com","score":0.011}, {"name":"ballooninspirations.com","score":0.009}, {"name":"birthdaydirect.com","score":0.007}]'}
<<<<<<<<<<<<<<<<<<<<<<<
>>>>>>>>>>>>>>>>>>>>>>>
TIME: 2026-03-11 12:39:58
TYPE: cached_real_response
REQUEST: category='Data' tool_name='Keyword Analysis' api_name='QueryKeywords' tool_input='{"q": "birthday party ideas"}' strip='truncate' toolbench_key=''
RESPONSE: {'error': '', 'response': '<b><i>party</i></b>,<b><i>ideas</i></b>,<i>birthday</i>'}
<<<<<<<<<<<<<<<<<<<<<<<
>>>>>>>>>>>>>>>>>>>>>>>
TIME: 2026-03-11 12:39:58
TYPE: cached_real_response
REQUEST: category='Data' tool_name='Keyword Analysis' api_name='PopularSitesForQuery' tool_input='{"q": "birthday party ideas"}' strip='truncate' toolbench_key=''
RESPONSE: {'error': '', 'response': '[{"name":"pinterest.com","score":0.087}, {"name":"marthastewart.com","score":0.064}, {"name":"partydelights.co.uk","score":0.058}, {"name":"shindigz.com","score":0.052}, {"name":"birthdayinabox.com","score":0.049}, {"name":"orientaltrading.com","score":0.045}, {"name":"evite.com","score":0.042}, {"name":"partycity.com","score":0.037}, {"name":"catchmyparty.com","score":0.035}, {"name":"karaspartyideas.com","score":0.033}, {"name":"etsy.com","score":0.029}, {"name":"thepioneerwoman.com","score":0.024}, {"name":"birthdayexpress.com","score":0.022}, {"name":"hwtm.com","score":0.020}, {"name":"parents.com","score":0.018}, {"name":"goodhousekeeping.com","score":0.015}, {"name":"realsimple.com","score":0.013}, {"name":"buzzfeed.com","score":0.011}, {"name":"ballooninspirations.com","score":0.009}, {"name":"birthdaydirect.com","score":0.007}]'}
<<<<<<<<<<<<<<<<<<<<<<<
>>>>>>>>>>>>>>>>>>>>>>>
TIME: 2026-03-11 12:39:58
TYPE: cached_real_response
REQUEST: category='Data' tool_name='Keyword Analysis' api_name='QueryKeywords' tool_input='{"q": "birthday party ideas"}' strip='truncate' toolbench_key=''
RESPONSE: {'error': '', 'response': '<b><i>party</i></b>,<b><i>ideas</i></b>,<i>birthday</i>'}
<<<<<<<<<<<<<<<<<<<<<<<
>>>>>>>>>>>>>>>>>>>>>>>
TIME: 2026-03-11 12:39:58
TYPE: cached_real_response
REQUEST: category='Data' tool_name='Keyword Analysis' api_name='PopularSitesForQuery' tool_input='{"q": "birthday party ideas"}' strip='truncate' toolbench_key=''
RESPONSE: {'error': '', 'response': '[{"name":"pinterest.com","score":0.087}, {"name":"marthastewart.com","score":0.064}, {"name":"partydelights.co.uk","score":0.058}, {"name":"shindigz.com","score":0.052}, {"name":"birthdayinabox.com","score":0.049}, {"name":"orientaltrading.com","score":0.045}, {"name":"evite.com","score":0.042}, {"name":"partycity.com","score":0.037}, {"name":"catchmyparty.com","score":0.035}, {"name":"karaspartyideas.com","score":0.033}, {"name":"etsy.com","score":0.029}, {"name":"thepioneerwoman.com","score":0.024}, {"name":"birthdayexpress.com","score":0.022}, {"name":"hwtm.com","score":0.020}, {"name":"parents.com","score":0.018}, {"name":"goodhousekeeping.com","score":0.015}, {"name":"realsimple.com","score":0.013}, {"name":"buzzfeed.com","score":0.011}, {"name":"ballooninspirations.com","score":0.009}, {"name":"birthdaydirect.com","score":0.007}]'}
<<<<<<<<<<<<<<<<<<<<<<<
>>>>>>>>>>>>>>>>>>>>>>>
TIME: 2026-03-11 12:39:58
TYPE: cached_real_response
REQUEST: category='Data' tool_name='Keyword Analysis' api_name='QueryKeywords' tool_input='{"q": "birthday party ideas"}' strip='truncate' toolbench_key=''
RESPONSE: {'error': '', 'response': '<b><i>party</i></b>,<b><i>ideas</i></b>,<i>birthday</i>'}
<<<<<<<<<<<<<<<<<<<<<<<
>>>>>>>>>>>>>>>>>>>>>>>
TIME: 2026-03-11 12:39:58
TYPE: cached_real_response
REQUEST: category='Data' tool_name='Keyword Analysis' api_name='PopularSitesForQuery' tool_input='{"q": "birthday party ideas"}' strip='truncate' toolbench_key=''
RESPONSE: {'error': '', 'response': '[{"name":"pinterest.com","score":0.087}, {"name":"marthastewart.com","score":0.064}, {"name":"partydelights.co.uk","score":0.058}, {"name":"shindigz.com","score":0.052}, {"name":"birthdayinabox.com","score":0.049}, {"name":"orientaltrading.com","score":0.045}, {"name":"evite.com","score":0.042}, {"name":"partycity.com","score":0.037}, {"name":"catchmyparty.com","score":0.035}, {"name":"karaspartyideas.com","score":0.033}, {"name":"etsy.com","score":0.029}, {"name":"thepioneerwoman.com","score":0.024}, {"name":"birthdayexpress.com","score":0.022}, {"name":"hwtm.com","score":0.020}, {"name":"parents.com","score":0.018}, {"name":"goodhousekeeping.com","score":0.015}, {"name":"realsimple.com","score":0.013}, {"name":"buzzfeed.com","score":0.011}, {"name":"ballooninspirations.com","score":0.009}, {"name":"birthdaydirect.com","score":0.007}]'}
<<<<<<<<<<<<<<<<<<<<<<<
>>>>>>>>>>>>>>>>>>>>>>>
TIME: 2026-03-11 12:39:58
TYPE: cached_real_response
REQUEST: category='Data' tool_name='Keyword Analysis' api_name='QueryKeywords' tool_input='{"q": "birthday party ideas"}' strip='truncate' toolbench_key=''
RESPONSE: {'error': '', 'response': '<b><i>party</i></b>,<b><i>ideas</i></b>,<i>birthday</i>'}
<<<<<<<<<<<<<<<<<<<<<<<
>>>>>>>>>>>>>>>>>>>>>>>
TIME: 2026-03-11 12:40:03
TYPE: cached_real_response
REQUEST: category='Data' tool_name='Keyword Analysis' api_name='PopularSitesForQuery' tool_input='{"q": "birthday party ideas"}' strip='truncate' toolbench_key=''
RESPONSE: {'error': '', 'response': '[{"name":"pinterest.com","score":0.087}, {"name":"marthastewart.com","score":0.064}, {"name":"partydelights.co.uk","score":0.058}, {"name":"shindigz.com","score":0.052}, {"name":"birthdayinabox.com","score":0.049}, {"name":"orientaltrading.com","score":0.045}, {"name":"evite.com","score":0.042}, {"name":"partycity.com","score":0.037}, {"name":"catchmyparty.com","score":0.035}, {"name":"karaspartyideas.com","score":0.033}, {"name":"etsy.com","score":0.029}, {"name":"thepioneerwoman.com","score":0.024}, {"name":"birthdayexpress.com","score":0.022}, {"name":"hwtm.com","score":0.020}, {"name":"parents.com","score":0.018}, {"name":"goodhousekeeping.com","score":0.015}, {"name":"realsimple.com","score":0.013}, {"name":"buzzfeed.com","score":0.011}, {"name":"ballooninspirations.com","score":0.009}, {"name":"birthdaydirect.com","score":0.007}]'}
<<<<<<<<<<<<<<<<<<<<<<<
>>>>>>>>>>>>>>>>>>>>>>>
TIME: 2026-03-11 12:40:03
TYPE: cached_real_response
REQUEST: category='Data' tool_name='Keyword Analysis' api_name='QueryKeywords' tool_input='{"q": "birthday party ideas"}' strip='truncate' toolbench_key=''
RESPONSE: {'error': '', 'response': '<b><i>party</i></b>,<b><i>ideas</i></b>,<i>birthday</i>'}
<<<<<<<<<<<<<<<<<<<<<<<
>>>>>>>>>>>>>>>>>>>>>>>
TIME: 2026-03-11 12:49:33
TYPE: fake_response
REQUEST: category='Data' tool_name='TheClique' api_name='Transfermarkt search' tool_input='{"name": "messi"}' strip='truncate' toolbench_key=''
RESPONSE: {
  "error": "",
  "response": {
    "info": "Not found result"
  }
}
<<<<<<<<<<<<<<<<<<<<<<<
>>>>>>>>>>>>>>>>>>>>>>>
TIME: 2026-03-11 12:49:33
TYPE: fake_response
REQUEST: category='Data' tool_name='TheClique' api_name='Transfermarkt search' tool_input='{"name": "messi"}' strip='truncate' toolbench_key=''
RESPONSE: {
  "error": "",
  "response": {
    "info": "Not found result"
  }
}
<<<<<<<<<<<<<<<<<<<<<<<
>>>>>>>>>>>>>>>>>>>>>>>
TIME: 2026-03-11 12:49:34
TYPE: fake_response
REQUEST: category='Data' tool_name='TheClique' api_name='Transfermarkt search' tool_input='{"name": "messi"}' strip='truncate' toolbench_key=''
RESPONSE: {
  "error": "",
  "response": {
    "info": "Not found result"
  }
}
<<<<<<<<<<<<<<<<<<<<<<<
>>>>>>>>>>>>>>>>>>>>>>>
TIME: 2026-03-11 12:49:36
TYPE: fake_response
REQUEST: category='Data' tool_name='TheClique' api_name='Transfermarkt search' tool_input='{"name": "messi"}' strip='truncate' toolbench_key=''
RESPONSE: {
  "error": "",
  "response": {
    "info": "Not found result"
  }
}
<<<<<<<<<<<<<<<<<<<<<<<
>>>>>>>>>>>>>>>>>>>>>>>
TIME: 2026-03-11 12:49:43
TYPE: cached_real_response
REQUEST: category='Data' tool_name='TheClique' api_name='Transfermarkt search' tool_input='{"name": "Lionel Messi"}' strip='truncate' toolbench_key=''
RESPONSE: {'error': '', 'response': "Lionel Messi, born on June 24, 1987, in Rosario, Argentina, is a professional footballer who plays as a forward for Paris Saint-Germain and the Argentina national team. Known for his extraordinary dribbling skills, vision, and scoring ability, Messi is considered one of the greatest footballers of all time. He has won numerous awards throughout his career, including the FIFA Ballon d'Or multiple times. Messi began his professional career with Barcelona, where he spent over 20 years, before moving to Paris Saint-Germain in 2021."}
<<<<<<<<<<<<<<<<<<<<<<<
>>>>>>>>>>>>>>>>>>>>>>>
TIME: 2026-03-11 12:49:45
TYPE: fake_response
REQUEST: category='Data' tool_name='TheClique' api_name='Transfermarkt search' tool_input='{"name": "messi"}' strip='truncate' toolbench_key=''
RESPONSE: {
  "error": "",
  "response": {
    "info": "Not found result"
  }
}
<<<<<<<<<<<<<<<<<<<<<<<
>>>>>>>>>>>>>>>>>>>>>>>
TIME: 2026-03-11 12:49:54
TYPE: fake_response
REQUEST: category='Data' tool_name='TheClique' api_name='Transfermarkt search' tool_input='{"name": "messi"}' strip='truncate' toolbench_key=''
RESPONSE: {
  "error": "",
  "response": {
    "info": "Not found result"
  }
}
<<<<<<<<<<<<<<<<<<<<<<<
>>>>>>>>>>>>>>>>>>>>>>>
TIME: 2026-03-11 12:49:54
TYPE: fake_response
REQUEST: category='Data' tool_name='TheClique' api_name='Transfermarkt search' tool_input='{"name": "messi"}' strip='truncate' toolbench_key=''
RESPONSE: {
    "error": "",
    "response": {
        "info": "Not found result"
    }
}
<<<<<<<<<<<<<<<<<<<<<<<
>>>>>>>>>>>>>>>>>>>>>>>
TIME: 2026-03-11 12:49:54
TYPE: fake_response
REQUEST: category='Data' tool_name='TheClique' api_name='Transfermarkt search' tool_input='{"name": "messi"}' strip='truncate' toolbench_key=''
RESPONSE: {
  "error": "",
  "response": {
    "info": "Not found result"
  }
}
<<<<<<<<<<<<<<<<<<<<<<<
>>>>>>>>>>>>>>>>>>>>>>>
TIME: 2026-03-11 12:49:54
TYPE: fake_response
REQUEST: category='Data' tool_name='TheClique' api_name='Transfermarkt search' tool_input='{"name": "messi"}' strip='truncate' toolbench_key=''
RESPONSE: {
  "error": "",
  "response": {
    "info": "Not found result"
  }
}
<<<<<<<<<<<<<<<<<<<<<<<
>>>>>>>>>>>>>>>>>>>>>>>
TIME: 2026-03-11 12:49:56
TYPE: fake_response
REQUEST: category='Data' tool_name='TheClique' api_name='SongKick search Artist' tool_input='{"artist_name": "lionel messi"}' strip='truncate' toolbench_key=''
RESPONSE: {
  "error": "",
  "response": {
    "results": []
  }
}
<<<<<<<<<<<<<<<<<<<<<<<
>>>>>>>>>>>>>>>>>>>>>>>
TIME: 2026-03-11 12:49:57
TYPE: fake_response
REQUEST: category='Data' tool_name='TheClique' api_name='SongKick search Artist' tool_input='{"artist_name": "lionel messi"}' strip='truncate' toolbench_key=''
RESPONSE: {
  "error": "",
  "response": {
    "results": []
  }
}
<<<<<<<<<<<<<<<<<<<<<<<
>>>>>>>>>>>>>>>>>>>>>>>
TIME: 2026-03-11 12:50:01
TYPE: fake_response
REQUEST: category='Data' tool_name='TheClique' api_name='Transfermarkt search' tool_input='{"name": "lionel-messi"}' strip='truncate' toolbench_key=''
RESPONSE: {
  "error": "",
  "response": {
    "info": "Not found result"
  }
}
<<<<<<<<<<<<<<<<<<<<<<<
>>>>>>>>>>>>>>>>>>>>>>>
TIME: 2026-03-11 12:50:03
TYPE: fake_response
REQUEST: category='Data' tool_name='TheClique' api_name='Transfermarkt search' tool_input='{"name": "messi"}' strip='truncate' toolbench_key=''
RESPONSE: {
  "error": "",
  "response": {
    "info": "Not found result"
  }
}
<<<<<<<<<<<<<<<<<<<<<<<
>>>>>>>>>>>>>>>>>>>>>>>
TIME: 2026-03-11 12:50:15
TYPE: fake_response
REQUEST: category='Data' tool_name='TheClique' api_name='Songkick concert' tool_input='{"id_conc": "40698227-lumineers-at-aware-super-theatre"}' strip='truncate' toolbench_key=''
RESPONSE: {
  "error": "",
  "response": {
    "date": "Date information not available",
    "line_up": ["The Lumineers"],
    "location": "Aware Super Theatre",
    "ticket_links": ["https://www.songkick.com/concerts/40698227-lumineers-at-aware-super-theatre/tickets"]
  }
}
<<<<<<<<<<<<<<<<<<<<<<<
>>>>>>>>>>>>>>>>>>>>>>>
TIME: 2026-03-11 12:50:22
TYPE: fake_response
REQUEST: category='Data' tool_name='Kick.com API | Kick API' api_name='Get Channel Clips' tool_input='{"cursor": "0", "channel_name": "gmhikaru"}' strip='truncate' toolbench_key=''
RESPONSE: {
  "error": "",
  "response": "The 'Get Channel Clips' API for the 'gmhikaru' channel returned a curated list of recent and popular clips. These clips showcase exciting gameplay moments, engaging commentary, and memorable interactions with viewers. While the exact clip details are not provided here due to privacy and copyright reasons, fans can explore these highlights by visiting the 'gmhikaru' channel on Kick.com and checking the Clips section. This feature helps followers catch up on key moments they may have missed during live streams and allows content creators to share engaging content with their audience, boosting channel visibility and community engagement."
}
<<<<<<<<<<<<<<<<<<<<<<<
>>>>>>>>>>>>>>>>>>>>>>>
TIME: 2026-03-11 12:50:22
TYPE: cached_real_response
REQUEST: category='Data' tool_name='Kick.com API | Kick API' api_name='Get Channel Details' tool_input='{"channel_name": "gmhikaru"}' strip='truncate' toolbench_key=''
RESPONSE: {'error': '', 'response': {'channel_details': {'name': 'gmhikaru', 'status': 'live', 'title': 'Speed Chess Championship', 'viewers': 4523, 'followers': 756000, 'category': 'Chess', 'started_at': '2023-04-15T14:00:00Z', 'language': 'English', 'description': 'GM Hikaru Nakamura streaming the Speed Chess Championship. Join the community for real-time chess games, analysis, and more!', 'thumbnail_url': 'https://example.com/thumbnail/gmhikaru.jpg', 'tags': ['chess', 'speedchess', 'competition']}}}
<<<<<<<<<<<<<<<<<<<<<<<
>>>>>>>>>>>>>>>>>>>>>>>
TIME: 2026-03-11 12:50:22
TYPE: fake_response
REQUEST: category='Data' tool_name='Kick.com API | Kick API' api_name='Get Channel Clips' tool_input='{"cursor": "0", "channel_name": "gmhikaru"}' strip='truncate' toolbench_key=''
RESPONSE: {
  "error": "",
  "response": "The 'Get Channel Clips' API for the 'gmhikaru' channel has retrieved a curated list of recent and popular clips. These clips showcase exciting gameplay highlights, engaging commentary, and memorable interactions with viewers. While the exact clip details are not displayed here due to privacy and copyright reasons, fans can explore these moments by visiting the 'gmhikaru' channel on Kick.com and accessing the Clips section. This functionality helps followers catch up on key moments they may have missed during live streams and allows content creators to share highlights that boost community engagement and channel visibility."
}
<<<<<<<<<<<<<<<<<<<<<<<
>>>>>>>>>>>>>>>>>>>>>>>
TIME: 2026-03-11 12:50:22
TYPE: cached_real_response
REQUEST: category='Data' tool_name='Kick.com API | Kick API' api_name='Get Channel Details' tool_input='{"channel_name": "gmhikaru"}' strip='truncate' toolbench_key=''
RESPONSE: {'error': '', 'response': {'channel_details': {'name': 'gmhikaru', 'status': 'live', 'title': 'Speed Chess Championship', 'viewers': 4523, 'followers': 756000, 'category': 'Chess', 'started_at': '2023-04-15T14:00:00Z', 'language': 'English', 'description': 'GM Hikaru Nakamura streaming the Speed Chess Championship. Join the community for real-time chess games, analysis, and more!', 'thumbnail_url': 'https://example.com/thumbnail/gmhikaru.jpg', 'tags': ['chess', 'speedchess', 'competition']}}}
<<<<<<<<<<<<<<<<<<<<<<<
>>>>>>>>>>>>>>>>>>>>>>>
TIME: 2026-03-11 12:50:24
TYPE: fake_response
REQUEST: category='Data' tool_name='Kick.com API | Kick API' api_name='Get Channel Clips' tool_input='{"cursor": "0", "channel_name": "gmhikaru"}' strip='truncate' toolbench_key=''
RESPONSE: {
  "error": "",
  "response": "The 'Get Channel Clips' API for the 'gmhikaru' channel has retrieved a curated list of recent and popular clips. These clips showcase exciting gameplay highlights, engaging commentary, and memorable interactions with viewers. While the exact clip details are not displayed here due to privacy and copyright reasons, fans can explore these moments by visiting the 'gmhikaru' channel on Kick.com and accessing the Clips section. This functionality helps followers catch up on key moments they may have missed during live streams and allows content creators to share highlights that boost community engagement and channel visibility."
}
<<<<<<<<<<<<<<<<<<<<<<<
>>>>>>>>>>>>>>>>>>>>>>>
TIME: 2026-03-11 12:50:24
TYPE: cached_real_response
REQUEST: category='Data' tool_name='Kick.com API | Kick API' api_name='Get Channel Details' tool_input='{"channel_name": "gmhikaru"}' strip='truncate' toolbench_key=''
RESPONSE: {'error': '', 'response': {'channel_details': {'name': 'gmhikaru', 'status': 'live', 'title': 'Speed Chess Championship', 'viewers': 4523, 'followers': 756000, 'category': 'Chess', 'started_at': '2023-04-15T14:00:00Z', 'language': 'English', 'description': 'GM Hikaru Nakamura streaming the Speed Chess Championship. Join the community for real-time chess games, analysis, and more!', 'thumbnail_url': 'https://example.com/thumbnail/gmhikaru.jpg', 'tags': ['chess', 'speedchess', 'competition']}}}
<<<<<<<<<<<<<<<<<<<<<<<
>>>>>>>>>>>>>>>>>>>>>>>
TIME: 2026-03-11 12:50:24
TYPE: fake_response
REQUEST: category='Data' tool_name='Kick.com API | Kick API' api_name='Get Channel Clips' tool_input='{"cursor": "0", "channel_name": "gmhikaru"}' strip='truncate' toolbench_key=''
RESPONSE: {
  "error": "",
  "response": "The 'Get Channel Clips' API for the 'gmhikaru' channel has retrieved a curated list of recent and popular clips. These clips showcase exciting gameplay highlights, engaging commentary, and memorable interactions with viewers. While the exact clip details are not displayed here due to privacy and copyright reasons, fans can explore these moments by visiting the 'gmhikaru' channel on Kick.com and accessing the Clips section. This functionality helps followers catch up on key moments they may have missed during live streams and allows content creators to share highlights that boost community engagement and channel visibility."
}
<<<<<<<<<<<<<<<<<<<<<<<
>>>>>>>>>>>>>>>>>>>>>>>
TIME: 2026-03-11 12:50:24
TYPE: cached_real_response
REQUEST: category='Data' tool_name='Kick.com API | Kick API' api_name='Get Channel Details' tool_input='{"channel_name": "gmhikaru"}' strip='truncate' toolbench_key=''
RESPONSE: {'error': '', 'response': {'channel_details': {'name': 'gmhikaru', 'status': 'live', 'title': 'Speed Chess Championship', 'viewers': 4523, 'followers': 756000, 'category': 'Chess', 'started_at': '2023-04-15T14:00:00Z', 'language': 'English', 'description': 'GM Hikaru Nakamura streaming the Speed Chess Championship. Join the community for real-time chess games, analysis, and more!', 'thumbnail_url': 'https://example.com/thumbnail/gmhikaru.jpg', 'tags': ['chess', 'speedchess', 'competition']}}}
<<<<<<<<<<<<<<<<<<<<<<<
>>>>>>>>>>>>>>>>>>>>>>>
TIME: 2026-03-11 12:50:34
TYPE: fake_response
REQUEST: category='Data' tool_name='Kick.com API | Kick API' api_name='Get Channel Clips' tool_input='{"cursor": "0", "channel_name": "gmhikaru"}' strip='truncate' toolbench_key=''
RESPONSE: {
  "error": "",
  "response": "The 'Get Channel Clips' API for the 'gmhikaru' channel returned a curated list of recent and popular clips. These clips showcase exciting gameplay moments, engaging commentary, and memorable interactions with viewers. While the exact clip details are not provided here due to privacy and copyright reasons, fans can explore these highlights by visiting the 'gmhikaru' channel on Kick.com and accessing the Clips section. This feature helps followers catch up on key moments they may have missed during live streams and allows content creators to share engaging content to grow their audience and strengthen community engagement."
}
<<<<<<<<<<<<<<<<<<<<<<<
>>>>>>>>>>>>>>>>>>>>>>>
TIME: 2026-03-11 12:50:34
TYPE: cached_real_response
REQUEST: category='Data' tool_name='Kick.com API | Kick API' api_name='Get Channel Details' tool_input='{"channel_name": "gmhikaru"}' strip='truncate' toolbench_key=''
RESPONSE: {'error': '', 'response': {'channel_details': {'name': 'gmhikaru', 'status': 'live', 'title': 'Speed Chess Championship', 'viewers': 4523, 'followers': 756000, 'category': 'Chess', 'started_at': '2023-04-15T14:00:00Z', 'language': 'English', 'description': 'GM Hikaru Nakamura streaming the Speed Chess Championship. Join the community for real-time chess games, analysis, and more!', 'thumbnail_url': 'https://example.com/thumbnail/gmhikaru.jpg', 'tags': ['chess', 'speedchess', 'competition']}}}
<<<<<<<<<<<<<<<<<<<<<<<
>>>>>>>>>>>>>>>>>>>>>>>
TIME: 2026-03-11 12:50:44
TYPE: fake_response
REQUEST: category='Data' tool_name='Kick.com API | Kick API' api_name='Get Channel Clips' tool_input='{"cursor": "0", "channel_name": "gmhikaru"}' strip='truncate' toolbench_key=''
RESPONSE: {
  "error": "",
  "response": "The 'Get Channel Clips' API for the 'gmhikaru' channel has retrieved a curated list of recent and popular clips. These clips showcase exciting gameplay highlights, engaging commentary, and memorable interactions with viewers. While the exact clip details are not displayed here due to privacy and copyright reasons, fans can explore these moments by visiting the 'gmhikaru' channel on Kick.com and accessing the Clips section. This functionality helps followers catch up on key moments they may have missed during live streams and allows content creators to share highlights that boost community engagement and channel visibility."
}
<<<<<<<<<<<<<<<<<<<<<<<
>>>>>>>>>>>>>>>>>>>>>>>
TIME: 2026-03-11 12:50:44
TYPE: fake_response
REQUEST: category='Data' tool_name='Kick.com API | Kick API' api_name='Get Channel Clips' tool_input='{"cursor": "0", "channel_name": "gmhikaru"}' strip='truncate' toolbench_key=''
RESPONSE: {
  "error": "",
  "response": "The 'Get Channel Clips' API for the 'gmhikaru' channel has retrieved a curated list of recent and popular clips. These clips showcase exciting gameplay highlights, engaging commentary, and memorable interactions with viewers. While the exact clip details are not displayed here due to privacy and copyright reasons, fans can explore these moments by visiting the 'gmhikaru' channel on Kick.com and accessing the Clips section. This functionality helps followers catch up on key moments they may have missed during live streams and allows content creators to share highlights that boost community engagement and channel visibility."
}
<<<<<<<<<<<<<<<<<<<<<<<
>>>>>>>>>>>>>>>>>>>>>>>
TIME: 2026-03-11 12:50:44
TYPE: cached_real_response
REQUEST: category='Data' tool_name='Kick.com API | Kick API' api_name='Get Channel Details' tool_input='{"channel_name": "gmhikaru"}' strip='truncate' toolbench_key=''
RESPONSE: {'error': '', 'response': {'channel_details': {'name': 'gmhikaru', 'status': 'live', 'title': 'Speed Chess Championship', 'viewers': 4523, 'followers': 756000, 'category': 'Chess', 'started_at': '2023-04-15T14:00:00Z', 'language': 'English', 'description': 'GM Hikaru Nakamura streaming the Speed Chess Championship. Join the community for real-time chess games, analysis, and more!', 'thumbnail_url': 'https://example.com/thumbnail/gmhikaru.jpg', 'tags': ['chess', 'speedchess', 'competition']}}}
<<<<<<<<<<<<<<<<<<<<<<<
>>>>>>>>>>>>>>>>>>>>>>>
TIME: 2026-03-11 12:50:44
TYPE: cached_real_response
REQUEST: category='Data' tool_name='Kick.com API | Kick API' api_name='Get Channel Details' tool_input='{"channel_name": "gmhikaru"}' strip='truncate' toolbench_key=''
RESPONSE: {'error': '', 'response': {'channel_details': {'name': 'gmhikaru', 'status': 'live', 'title': 'Speed Chess Championship', 'viewers': 4523, 'followers': 756000, 'category': 'Chess', 'started_at': '2023-04-15T14:00:00Z', 'language': 'English', 'description': 'GM Hikaru Nakamura streaming the Speed Chess Championship. Join the community for real-time chess games, analysis, and more!', 'thumbnail_url': 'https://example.com/thumbnail/gmhikaru.jpg', 'tags': ['chess', 'speedchess', 'competition']}}}
<<<<<<<<<<<<<<<<<<<<<<<
>>>>>>>>>>>>>>>>>>>>>>>
TIME: 2026-03-11 12:50:44
TYPE: fake_response
REQUEST: category='Data' tool_name='Kick.com API | Kick API' api_name='Get Channel Clips' tool_input='{"cursor": "0", "channel_name": "gmhikaru"}' strip='truncate' toolbench_key=''
RESPONSE: {
  "error": "",
  "response": "The 'Get Channel Clips' API for the 'gmhikaru' channel returned a curated list of recent and popular clips. These clips showcase exciting gameplay highlights, engaging commentary, and memorable interactions with viewers. While the exact clip details are not provided here due to privacy and copyright reasons, fans can explore these highlights by visiting the 'gmhikaru' channel on Kick.com and accessing the Clips section. This feature helps followers catch up on key moments they may have missed during live streams and allows content creators to share engaging content to grow their audience and strengthen community engagement."
}
<<<<<<<<<<<<<<<<<<<<<<<
>>>>>>>>>>>>>>>>>>>>>>>
TIME: 2026-03-11 12:50:44
TYPE: cached_real_response
REQUEST: category='Data' tool_name='Kick.com API | Kick API' api_name='Get Channel Details' tool_input='{"channel_name": "gmhikaru"}' strip='truncate' toolbench_key=''
RESPONSE: {'error': '', 'response': {'channel_details': {'name': 'gmhikaru', 'status': 'live', 'title': 'Speed Chess Championship', 'viewers': 4523, 'followers': 756000, 'category': 'Chess', 'started_at': '2023-04-15T14:00:00Z', 'language': 'English', 'description': 'GM Hikaru Nakamura streaming the Speed Chess Championship. Join the community for real-time chess games, analysis, and more!', 'thumbnail_url': 'https://example.com/thumbnail/gmhikaru.jpg', 'tags': ['chess', 'speedchess', 'competition']}}}
<<<<<<<<<<<<<<<<<<<<<<<
>>>>>>>>>>>>>>>>>>>>>>>
TIME: 2026-03-11 12:50:44
TYPE: fake_response
REQUEST: category='Data' tool_name='Kick.com API | Kick API' api_name='Get Channel Clips' tool_input='{"cursor": "0", "channel_name": "gmhikaru"}' strip='truncate' toolbench_key=''
RESPONSE: {
  "error": "",
  "response": "The 'Get Channel Clips' API for the 'gmhikaru' channel has retrieved a curated list of recent and popular clips. These clips showcase exciting gameplay highlights, engaging commentary, and memorable interactions with viewers. While the exact clip details are not displayed here due to privacy and copyright reasons, fans can explore these moments by visiting the 'gmhikaru' channel on Kick.com and accessing the Clips section. This functionality helps followers catch up on key moments they may have missed during live streams and allows content creators to share highlights that boost community engagement and channel visibility."
}
<<<<<<<<<<<<<<<<<<<<<<<
>>>>>>>>>>>>>>>>>>>>>>>
TIME: 2026-03-11 12:50:44
TYPE: cached_real_response
REQUEST: category='Data' tool_name='Kick.com API | Kick API' api_name='Get Channel Details' tool_input='{"channel_name": "gmhikaru"}' strip='truncate' toolbench_key=''
RESPONSE: {'error': '', 'response': {'channel_details': {'name': 'gmhikaru', 'status': 'live', 'title': 'Speed Chess Championship', 'viewers': 4523, 'followers': 756000, 'category': 'Chess', 'started_at': '2023-04-15T14:00:00Z', 'language': 'English', 'description': 'GM Hikaru Nakamura streaming the Speed Chess Championship. Join the community for real-time chess games, analysis, and more!', 'thumbnail_url': 'https://example.com/thumbnail/gmhikaru.jpg', 'tags': ['chess', 'speedchess', 'competition']}}}
<<<<<<<<<<<<<<<<<<<<<<<
>>>>>>>>>>>>>>>>>>>>>>>
TIME: 2026-03-11 12:50:53
TYPE: fake_response
REQUEST: category='Data' tool_name='Kick.com API | Kick API' api_name='Get Channel Clips' tool_input='{"cursor": "0", "channel_name": "gmhikaru"}' strip='truncate' toolbench_key=''
RESPONSE: {
  "error": "",
  "response": "The 'Get Channel Clips' API for the 'gmhikaru' channel returned a curated list of recent and popular clips showcasing exciting gameplay moments, engaging commentary, and memorable interactions with viewers. These clips serve as highlights for fans who want to catch up on key events they may have missed during live streams. While the exact clip content cannot be displayed here due to privacy and copyright restrictions, users can explore these highlights directly on the 'gmhikaru' channel's Clips section on Kick.com. This feature helps both viewers and streamers by providing an easy way to relive and share standout moments, enhancing community engagement and channel promotion."
}
<<<<<<<<<<<<<<<<<<<<<<<
>>>>>>>>>>>>>>>>>>>>>>>
TIME: 2026-03-11 12:50:53
TYPE: cached_real_response
REQUEST: category='Data' tool_name='Kick.com API | Kick API' api_name='Get Channel Details' tool_input='{"channel_name": "gmhikaru"}' strip='truncate' toolbench_key=''
RESPONSE: {'error': '', 'response': {'channel_details': {'name': 'gmhikaru', 'status': 'live', 'title': 'Speed Chess Championship', 'viewers': 4523, 'followers': 756000, 'category': 'Chess', 'started_at': '2023-04-15T14:00:00Z', 'language': 'English', 'description': 'GM Hikaru Nakamura streaming the Speed Chess Championship. Join the community for real-time chess games, analysis, and more!', 'thumbnail_url': 'https://example.com/thumbnail/gmhikaru.jpg', 'tags': ['chess', 'speedchess', 'competition']}}}
<<<<<<<<<<<<<<<<<<<<<<<
>>>>>>>>>>>>>>>>>>>>>>>
TIME: 2026-03-11 12:50:59
TYPE: cached_real_response
REQUEST: category='Data' tool_name='Keyword Analysis' api_name='PopularSitesForQuery' tool_input='{"q": "birthday party ideas"}' strip='truncate' toolbench_key=''
RESPONSE: {'error': '', 'response': '[{"name":"pinterest.com","score":0.087}, {"name":"marthastewart.com","score":0.064}, {"name":"partydelights.co.uk","score":0.058}, {"name":"shindigz.com","score":0.052}, {"name":"birthdayinabox.com","score":0.049}, {"name":"orientaltrading.com","score":0.045}, {"name":"evite.com","score":0.042}, {"name":"partycity.com","score":0.037}, {"name":"catchmyparty.com","score":0.035}, {"name":"karaspartyideas.com","score":0.033}, {"name":"etsy.com","score":0.029}, {"name":"thepioneerwoman.com","score":0.024}, {"name":"birthdayexpress.com","score":0.022}, {"name":"hwtm.com","score":0.020}, {"name":"parents.com","score":0.018}, {"name":"goodhousekeeping.com","score":0.015}, {"name":"realsimple.com","score":0.013}, {"name":"buzzfeed.com","score":0.011}, {"name":"ballooninspirations.com","score":0.009}, {"name":"birthdaydirect.com","score":0.007}]'}
<<<<<<<<<<<<<<<<<<<<<<<
>>>>>>>>>>>>>>>>>>>>>>>
TIME: 2026-03-11 12:50:59
TYPE: cached_real_response
REQUEST: category='Data' tool_name='Keyword Analysis' api_name='QueryKeywords' tool_input='{"q": "birthday party ideas"}' strip='truncate' toolbench_key=''
RESPONSE: {'error': '', 'response': '<b><i>party</i></b>,<b><i>ideas</i></b>,<i>birthday</i>'}
<<<<<<<<<<<<<<<<<<<<<<<
>>>>>>>>>>>>>>>>>>>>>>>
TIME: 2026-03-11 12:50:59
TYPE: cached_real_response
REQUEST: category='Data' tool_name='Keyword Analysis' api_name='PopularSitesForQuery' tool_input='{"q": "birthday party ideas"}' strip='truncate' toolbench_key=''
RESPONSE: {'error': '', 'response': '[{"name":"pinterest.com","score":0.087}, {"name":"marthastewart.com","score":0.064}, {"name":"partydelights.co.uk","score":0.058}, {"name":"shindigz.com","score":0.052}, {"name":"birthdayinabox.com","score":0.049}, {"name":"orientaltrading.com","score":0.045}, {"name":"evite.com","score":0.042}, {"name":"partycity.com","score":0.037}, {"name":"catchmyparty.com","score":0.035}, {"name":"karaspartyideas.com","score":0.033}, {"name":"etsy.com","score":0.029}, {"name":"thepioneerwoman.com","score":0.024}, {"name":"birthdayexpress.com","score":0.022}, {"name":"hwtm.com","score":0.020}, {"name":"parents.com","score":0.018}, {"name":"goodhousekeeping.com","score":0.015}, {"name":"realsimple.com","score":0.013}, {"name":"buzzfeed.com","score":0.011}, {"name":"ballooninspirations.com","score":0.009}, {"name":"birthdaydirect.com","score":0.007}]'}
<<<<<<<<<<<<<<<<<<<<<<<
>>>>>>>>>>>>>>>>>>>>>>>
TIME: 2026-03-11 12:50:59
TYPE: cached_real_response
REQUEST: category='Data' tool_name='Keyword Analysis' api_name='QueryKeywords' tool_input='{"q": "birthday party ideas"}' strip='truncate' toolbench_key=''
RESPONSE: {'error': '', 'response': '<b><i>party</i></b>,<b><i>ideas</i></b>,<i>birthday</i>'}
<<<<<<<<<<<<<<<<<<<<<<<
>>>>>>>>>>>>>>>>>>>>>>>
TIME: 2026-03-11 12:50:59
TYPE: cached_real_response
REQUEST: category='Data' tool_name='Keyword Analysis' api_name='PopularSitesForQuery' tool_input='{"q": "birthday party ideas"}' strip='truncate' toolbench_key=''
RESPONSE: {'error': '', 'response': '[{"name":"pinterest.com","score":0.087}, {"name":"marthastewart.com","score":0.064}, {"name":"partydelights.co.uk","score":0.058}, {"name":"shindigz.com","score":0.052}, {"name":"birthdayinabox.com","score":0.049}, {"name":"orientaltrading.com","score":0.045}, {"name":"evite.com","score":0.042}, {"name":"partycity.com","score":0.037}, {"name":"catchmyparty.com","score":0.035}, {"name":"karaspartyideas.com","score":0.033}, {"name":"etsy.com","score":0.029}, {"name":"thepioneerwoman.com","score":0.024}, {"name":"birthdayexpress.com","score":0.022}, {"name":"hwtm.com","score":0.020}, {"name":"parents.com","score":0.018}, {"name":"goodhousekeeping.com","score":0.015}, {"name":"realsimple.com","score":0.013}, {"name":"buzzfeed.com","score":0.011}, {"name":"ballooninspirations.com","score":0.009}, {"name":"birthdaydirect.com","score":0.007}]'}
<<<<<<<<<<<<<<<<<<<<<<<
>>>>>>>>>>>>>>>>>>>>>>>
TIME: 2026-03-11 12:50:59
TYPE: cached_real_response
REQUEST: category='Data' tool_name='Keyword Analysis' api_name='QueryKeywords' tool_input='{"q": "birthday party ideas"}' strip='truncate' toolbench_key=''
RESPONSE: {'error': '', 'response': '<b><i>party</i></b>,<b><i>ideas</i></b>,<i>birthday</i>'}
<<<<<<<<<<<<<<<<<<<<<<<
>>>>>>>>>>>>>>>>>>>>>>>
TIME: 2026-03-11 12:50:59
TYPE: cached_real_response
REQUEST: category='Data' tool_name='Keyword Analysis' api_name='PopularSitesForQuery' tool_input='{"q": "birthday party ideas"}' strip='truncate' toolbench_key=''
RESPONSE: {'error': '', 'response': '[{"name":"pinterest.com","score":0.087}, {"name":"marthastewart.com","score":0.064}, {"name":"partydelights.co.uk","score":0.058}, {"name":"shindigz.com","score":0.052}, {"name":"birthdayinabox.com","score":0.049}, {"name":"orientaltrading.com","score":0.045}, {"name":"evite.com","score":0.042}, {"name":"partycity.com","score":0.037}, {"name":"catchmyparty.com","score":0.035}, {"name":"karaspartyideas.com","score":0.033}, {"name":"etsy.com","score":0.029}, {"name":"thepioneerwoman.com","score":0.024}, {"name":"birthdayexpress.com","score":0.022}, {"name":"hwtm.com","score":0.020}, {"name":"parents.com","score":0.018}, {"name":"goodhousekeeping.com","score":0.015}, {"name":"realsimple.com","score":0.013}, {"name":"buzzfeed.com","score":0.011}, {"name":"ballooninspirations.com","score":0.009}, {"name":"birthdaydirect.com","score":0.007}]'}
<<<<<<<<<<<<<<<<<<<<<<<
>>>>>>>>>>>>>>>>>>>>>>>
TIME: 2026-03-11 12:50:59
TYPE: cached_real_response
REQUEST: category='Data' tool_name='Keyword Analysis' api_name='QueryKeywords' tool_input='{"q": "birthday party ideas"}' strip='truncate' toolbench_key=''
RESPONSE: {'error': '', 'response': '<b><i>party</i></b>,<b><i>ideas</i></b>,<i>birthday</i>'}
<<<<<<<<<<<<<<<<<<<<<<<
>>>>>>>>>>>>>>>>>>>>>>>
TIME: 2026-03-11 12:51:06
TYPE: cached_real_response
REQUEST: category='Data' tool_name='Keyword Analysis' api_name='PopularSitesForQuery' tool_input='{"q": "birthday party ideas"}' strip='truncate' toolbench_key=''
RESPONSE: {'error': '', 'response': '[{"name":"pinterest.com","score":0.087}, {"name":"marthastewart.com","score":0.064}, {"name":"partydelights.co.uk","score":0.058}, {"name":"shindigz.com","score":0.052}, {"name":"birthdayinabox.com","score":0.049}, {"name":"orientaltrading.com","score":0.045}, {"name":"evite.com","score":0.042}, {"name":"partycity.com","score":0.037}, {"name":"catchmyparty.com","score":0.035}, {"name":"karaspartyideas.com","score":0.033}, {"name":"etsy.com","score":0.029}, {"name":"thepioneerwoman.com","score":0.024}, {"name":"birthdayexpress.com","score":0.022}, {"name":"hwtm.com","score":0.020}, {"name":"parents.com","score":0.018}, {"name":"goodhousekeeping.com","score":0.015}, {"name":"realsimple.com","score":0.013}, {"name":"buzzfeed.com","score":0.011}, {"name":"ballooninspirations.com","score":0.009}, {"name":"birthdaydirect.com","score":0.007}]'}
<<<<<<<<<<<<<<<<<<<<<<<
>>>>>>>>>>>>>>>>>>>>>>>
TIME: 2026-03-11 12:51:06
TYPE: cached_real_response
REQUEST: category='Data' tool_name='Keyword Analysis' api_name='QueryKeywords' tool_input='{"q": "birthday party ideas"}' strip='truncate' toolbench_key=''
RESPONSE: {'error': '', 'response': '<b><i>party</i></b>,<b><i>ideas</i></b>,<i>birthday</i>'}
<<<<<<<<<<<<<<<<<<<<<<<
>>>>>>>>>>>>>>>>>>>>>>>
TIME: 2026-03-11 12:51:11
TYPE: cached_real_response
REQUEST: category='Data' tool_name='Keyword Analysis' api_name='PopularSitesForQuery' tool_input='{"q": "birthday party ideas"}' strip='truncate' toolbench_key=''
RESPONSE: {'error': '', 'response': '[{"name":"pinterest.com","score":0.087}, {"name":"marthastewart.com","score":0.064}, {"name":"partydelights.co.uk","score":0.058}, {"name":"shindigz.com","score":0.052}, {"name":"birthdayinabox.com","score":0.049}, {"name":"orientaltrading.com","score":0.045}, {"name":"evite.com","score":0.042}, {"name":"partycity.com","score":0.037}, {"name":"catchmyparty.com","score":0.035}, {"name":"karaspartyideas.com","score":0.033}, {"name":"etsy.com","score":0.029}, {"name":"thepioneerwoman.com","score":0.024}, {"name":"birthdayexpress.com","score":0.022}, {"name":"hwtm.com","score":0.020}, {"name":"parents.com","score":0.018}, {"name":"goodhousekeeping.com","score":0.015}, {"name":"realsimple.com","score":0.013}, {"name":"buzzfeed.com","score":0.011}, {"name":"ballooninspirations.com","score":0.009}, {"name":"birthdaydirect.com","score":0.007}]'}
<<<<<<<<<<<<<<<<<<<<<<<
>>>>>>>>>>>>>>>>>>>>>>>
TIME: 2026-03-11 12:51:11
TYPE: cached_real_response
REQUEST: category='Data' tool_name='Keyword Analysis' api_name='QueryKeywords' tool_input='{"q": "birthday party ideas"}' strip='truncate' toolbench_key=''
RESPONSE: {'error': '', 'response': '<b><i>party</i></b>,<b><i>ideas</i></b>,<i>birthday</i>'}
<<<<<<<<<<<<<<<<<<<<<<<
>>>>>>>>>>>>>>>>>>>>>>>
TIME: 2026-03-11 12:51:12
TYPE: cached_real_response
REQUEST: category='Data' tool_name='Keyword Analysis' api_name='PopularSitesForQuery' tool_input='{"q": "birthday party ideas"}' strip='truncate' toolbench_key=''
RESPONSE: {'error': '', 'response': '[{"name":"pinterest.com","score":0.087}, {"name":"marthastewart.com","score":0.064}, {"name":"partydelights.co.uk","score":0.058}, {"name":"shindigz.com","score":0.052}, {"name":"birthdayinabox.com","score":0.049}, {"name":"orientaltrading.com","score":0.045}, {"name":"evite.com","score":0.042}, {"name":"partycity.com","score":0.037}, {"name":"catchmyparty.com","score":0.035}, {"name":"karaspartyideas.com","score":0.033}, {"name":"etsy.com","score":0.029}, {"name":"thepioneerwoman.com","score":0.024}, {"name":"birthdayexpress.com","score":0.022}, {"name":"hwtm.com","score":0.020}, {"name":"parents.com","score":0.018}, {"name":"goodhousekeeping.com","score":0.015}, {"name":"realsimple.com","score":0.013}, {"name":"buzzfeed.com","score":0.011}, {"name":"ballooninspirations.com","score":0.009}, {"name":"birthdaydirect.com","score":0.007}]'}
<<<<<<<<<<<<<<<<<<<<<<<
>>>>>>>>>>>>>>>>>>>>>>>
TIME: 2026-03-11 12:51:12
TYPE: cached_real_response
REQUEST: category='Data' tool_name='Keyword Analysis' api_name='QueryKeywords' tool_input='{"q": "birthday party ideas"}' strip='truncate' toolbench_key=''
RESPONSE: {'error': '', 'response': '<b><i>party</i></b>,<b><i>ideas</i></b>,<i>birthday</i>'}
<<<<<<<<<<<<<<<<<<<<<<<
>>>>>>>>>>>>>>>>>>>>>>>
TIME: 2026-03-11 12:51:12
TYPE: cached_real_response
REQUEST: category='Data' tool_name='Keyword Analysis' api_name='PopularSitesForQuery' tool_input='{"q": "birthday party ideas"}' strip='truncate' toolbench_key=''
RESPONSE: {'error': '', 'response': '[{"name":"pinterest.com","score":0.087}, {"name":"marthastewart.com","score":0.064}, {"name":"partydelights.co.uk","score":0.058}, {"name":"shindigz.com","score":0.052}, {"name":"birthdayinabox.com","score":0.049}, {"name":"orientaltrading.com","score":0.045}, {"name":"evite.com","score":0.042}, {"name":"partycity.com","score":0.037}, {"name":"catchmyparty.com","score":0.035}, {"name":"karaspartyideas.com","score":0.033}, {"name":"etsy.com","score":0.029}, {"name":"thepioneerwoman.com","score":0.024}, {"name":"birthdayexpress.com","score":0.022}, {"name":"hwtm.com","score":0.020}, {"name":"parents.com","score":0.018}, {"name":"goodhousekeeping.com","score":0.015}, {"name":"realsimple.com","score":0.013}, {"name":"buzzfeed.com","score":0.011}, {"name":"ballooninspirations.com","score":0.009}, {"name":"birthdaydirect.com","score":0.007}]'}
<<<<<<<<<<<<<<<<<<<<<<<
>>>>>>>>>>>>>>>>>>>>>>>
TIME: 2026-03-11 12:51:12
TYPE: cached_real_response
REQUEST: category='Data' tool_name='Keyword Analysis' api_name='QueryKeywords' tool_input='{"q": "birthday party ideas"}' strip='truncate' toolbench_key=''
RESPONSE: {'error': '', 'response': '<b><i>party</i></b>,<b><i>ideas</i></b>,<i>birthday</i>'}
<<<<<<<<<<<<<<<<<<<<<<<
>>>>>>>>>>>>>>>>>>>>>>>
TIME: 2026-03-11 12:51:12
TYPE: cached_real_response
REQUEST: category='Data' tool_name='Keyword Analysis' api_name='PopularSitesForQuery' tool_input='{"q": "birthday party ideas"}' strip='truncate' toolbench_key=''
RESPONSE: {'error': '', 'response': '[{"name":"pinterest.com","score":0.087}, {"name":"marthastewart.com","score":0.064}, {"name":"partydelights.co.uk","score":0.058}, {"name":"shindigz.com","score":0.052}, {"name":"birthdayinabox.com","score":0.049}, {"name":"orientaltrading.com","score":0.045}, {"name":"evite.com","score":0.042}, {"name":"partycity.com","score":0.037}, {"name":"catchmyparty.com","score":0.035}, {"name":"karaspartyideas.com","score":0.033}, {"name":"etsy.com","score":0.029}, {"name":"thepioneerwoman.com","score":0.024}, {"name":"birthdayexpress.com","score":0.022}, {"name":"hwtm.com","score":0.020}, {"name":"parents.com","score":0.018}, {"name":"goodhousekeeping.com","score":0.015}, {"name":"realsimple.com","score":0.013}, {"name":"buzzfeed.com","score":0.011}, {"name":"ballooninspirations.com","score":0.009}, {"name":"birthdaydirect.com","score":0.007}]'}
<<<<<<<<<<<<<<<<<<<<<<<
>>>>>>>>>>>>>>>>>>>>>>>
TIME: 2026-03-11 12:51:12
TYPE: cached_real_response
REQUEST: category='Data' tool_name='Keyword Analysis' api_name='QueryKeywords' tool_input='{"q": "birthday party ideas"}' strip='truncate' toolbench_key=''
RESPONSE: {'error': '', 'response': '<b><i>party</i></b>,<b><i>ideas</i></b>,<i>birthday</i>'}
<<<<<<<<<<<<<<<<<<<<<<<
>>>>>>>>>>>>>>>>>>>>>>>
TIME: 2026-03-11 12:51:18
TYPE: cached_real_response
REQUEST: category='Data' tool_name='Keyword Analysis' api_name='PopularSitesForQuery' tool_input='{"q": "birthday party ideas"}' strip='truncate' toolbench_key=''
RESPONSE: {'error': '', 'response': '[{"name":"pinterest.com","score":0.087}, {"name":"marthastewart.com","score":0.064}, {"name":"partydelights.co.uk","score":0.058}, {"name":"shindigz.com","score":0.052}, {"name":"birthdayinabox.com","score":0.049}, {"name":"orientaltrading.com","score":0.045}, {"name":"evite.com","score":0.042}, {"name":"partycity.com","score":0.037}, {"name":"catchmyparty.com","score":0.035}, {"name":"karaspartyideas.com","score":0.033}, {"name":"etsy.com","score":0.029}, {"name":"thepioneerwoman.com","score":0.024}, {"name":"birthdayexpress.com","score":0.022}, {"name":"hwtm.com","score":0.020}, {"name":"parents.com","score":0.018}, {"name":"goodhousekeeping.com","score":0.015}, {"name":"realsimple.com","score":0.013}, {"name":"buzzfeed.com","score":0.011}, {"name":"ballooninspirations.com","score":0.009}, {"name":"birthdaydirect.com","score":0.007}]'}
<<<<<<<<<<<<<<<<<<<<<<<
>>>>>>>>>>>>>>>>>>>>>>>
TIME: 2026-03-11 12:51:18
TYPE: cached_real_response
REQUEST: category='Data' tool_name='Keyword Analysis' api_name='QueryKeywords' tool_input='{"q": "birthday party ideas"}' strip='truncate' toolbench_key=''
RESPONSE: {'error': '', 'response': '<b><i>party</i></b>,<b><i>ideas</i></b>,<i>birthday</i>'}
<<<<<<<<<<<<<<<<<<<<<<<
